-0.181354 -0.026122 0.037053 0.347402 -0.168752 0.042417 -0.125778 0.043216 -0.038107 0.314735 -0.191655 -0.0431 0 -1.57 0.2 0 -0.5 -0.5 -0.5 -0.5 -1.57 -0.2 0 -0.5 0.5 -0.5 0.5 0 0
-0.18087 -0.026869 0.036748 0.347762 -0.169994 0.043867 -0.122861 0.044136 -0.037958 0.313201 -0.193414 -0.042841 0 -1.562130326 0.202005013 -0.001246851 -0.497493734 -0.497493734 -0.497493734 -0.497493734 -1.562130326 -0.202005013 0.001246851 -0.497493734 0.497493734 -0.497493734 0.497493734 0 0
-0.179584 -0.027681 0.036827 0.34634 -0.169914 0.0452 -0.121386 0.043365 -0.037793 0.311465 -0.193156 -0.041209 0 -1.554260652 0.204010025 -0.00248114 -0.494987469 -0.494987469 -0.494987469 -0.494987469 -1.554260652 -0.204010025 0.00248114 -0.494987469 0.494987469 -0.494987469 0.494987469 0 0
-0.17781 -0.028807 0.037046 0.343492 -0.169058 0.046554 -0.120332 0.042199 -0.037469 0.310303 -0.193163 -0.03822 0 -1.546390977 0.206015038 -0.003702866 -0.492481203 -0.492481203 -0.492481203 -0.492481203 -1.546390977 -0.206015038 0.003702866 -0.492481203 0.492481203 -0.492481203 0.492481203 0 0
-0.17544 -0.030264 0.03732 0.339048 -0.167284 0.047872 -0.120094 0.040496 -0.037083 0.310765 -0.194071 -0.032155 0 -1.538521303 0.20802005 -0.004912029 -0.489974937 -0.489974937 -0.489974937 -0.489974937 -1.538521303 -0.20802005 0.004912029 -0.489974937 0.489974937 -0.489974937 0.489974937 0 0
-0.172337 -0.031834 0.037544 0.332842 -0.164402 0.049181 -0.121288 0.038259 -0.036783 0.314316 -0.196222 -0.020056 0 -1.530651629 0.210025063 -0.00610863 -0.487468672 -0.487468672 -0.487468672 -0.487468672 -1.530651629 -0.210025063 0.00610863 -0.487468672 0.487468672 -0.487468672 0.487468672 0 0
-0.168304 -0.033048 0.037718 0.32446 -0.160168 0.050441 -0.124904 0.036233 -0.036641 0.322425 -0.19735 -0.007031 0 -1.522781955 0.212030075 -0.007292668 -0.484962406 -0.484962406 -0.484962406 -0.484962406 -1.522781955 -0.212030075 0.007292668 -0.484962406 0.484962406 -0.484962406 0.484962406 0 0
-0.163107 -0.033564 0.037698 0.313411 -0.154311 0.05161 -0.131313 0.034993 -0.036888 0.335447 -0.195368 0.00305 0 -1.514912281 0.214035088 -0.008464143 -0.48245614 -0.48245614 -0.48245614 -0.48245614 -1.514912281 -0.214035088 0.008464143 -0.48245614 0.48245614 -0.48245614 0.48245614 0 0
-0.156653 -0.033297 0.037525 0.299448 -0.146697 0.052748 -0.140455 0.034688 -0.037411 0.353042 -0.189606 0.009469 0 -1.507042607 0.2160401 -0.009623055 -0.479949875 -0.479949875 -0.479949875 -0.479949875 -1.507042607 -0.2160401 0.009623055 -0.479949875 0.479949875 -0.479949875 0.479949875 0 0
-0.149126 -0.032502 0.037366 0.282869 -0.137538 0.053754 -0.152208 0.034828 -0.037938 0.375193 -0.181721 0.016447 0 -1.499172932 0.218045113 -0.010769405 -0.477443609 -0.477443609 -0.477443609 -0.477443609 -1.499172932 -0.218045113 0.010769405 -0.477443609 0.477443609 -0.477443609 0.477443609 0 0
-0.14122 -0.032058 0.037326 0.264985 -0.12755 0.054608 -0.166694 0.034706 -0.038547 0.40433 -0.174598 0.024356 0 -1.491303258 0.220050125 -0.011903192 -0.474937343 -0.474937343 -0.474937343 -0.474937343 -1.491303258 -0.220050125 0.011903192 -0.474937343 0.474937343 -0.474937343 0.474937343 0 0
-0.133973 -0.032293 0.037607 0.247814 -0.117837 0.055454 -0.184112 0.03538 -0.03526 0.44623 -0.211049 0.014884 0 -1.483433584 0.222055138 -0.013024416 -0.472431078 -0.472431078 -0.472431078 -0.472431078 -1.483433584 -0.222055138 0.013024416 -0.472431078 0.472431078 -0.472431078 0.472431078 0 0
-0.127929 -0.032604 0.038169 0.2328 -0.109273 0.056144 -0.20313 0.037275 -0.028419 0.495695 -0.256328 -0.002181 0 -1.47556391 0.22406015 -0.014133077 -0.469924812 -0.469924812 -0.469924812 -0.469924812 -1.47556391 -0.22406015 0.014133077 -0.469924812 0.469924812 -0.469924812 0.469924812 0 0
-0.122327 -0.033174 0.038623 0.219526 -0.101643 0.056744 -0.221418 0.03882 -0.022365 0.546592 -0.288399 -0.005186 0 -1.467694236 0.226065163 -0.015229176 -0.467418546 -0.467418546 -0.467418546 -0.467418546 -1.467694236 -0.226065163 0.015229176 -0.467418546 0.467418546 -0.467418546 0.467418546 0 0
-0.116687 -0.034044 0.038948 0.207483 -0.094773 0.057287 -0.237665 0.039759 -0.017716 0.595318 -0.308331 -0.006368 0 -1.459824561 0.228070175 -0.016312712 -0.464912281 -0.464912281 -0.464912281 -0.464912281 -1.459824561 -0.228070175 0.016312712 -0.464912281 0.464912281 -0.464912281 0.464912281 0 0
-0.111294 -0.035021 0.039234 0.196899 -0.08881 0.057753 -0.251575 0.040266 -0.014015 0.639945 -0.321294 -0.006564 0 -1.451954887 0.230075188 -0.017383685 -0.462406015 -0.462406015 -0.462406015 -0.462406015 -1.451954887 -0.230075188 0.017383685 -0.462406015 0.462406015 -0.462406015 0.462406015 0 0
-0.10645 -0.035987 0.039489 0.188005 -0.083857 0.058121 -0.263099 0.04042 -0.01103 0.679341 -0.331497 -0.006314 0 -1.444085213 0.232080201 -0.018442095 -0.459899749 -0.459899749 -0.459899749 -0.459899749 -1.444085213 -0.232080201 0.018442095 -0.459899749 0.459899749 -0.459899749 0.459899749 0 0
-0.102345 -0.036858 0.039669 0.180972 -0.079963 0.058299 -0.272151 0.040171 -0.008834 0.712553 -0.342011 -0.005887 0 -1.436215539 0.234085213 -0.019487943 -0.457393484 -0.457393484 -0.457393484 -0.457393484 -1.436215539 -0.234085213 0.019487943 -0.457393484 0.457393484 -0.457393484 0.457393484 0 0
-0.099023 -0.037617 0.039817 0.175805 -0.077187 0.058514 -0.278721 0.039455 -0.007362 0.73902 -0.354615 -0.005426 0 -1.428345865 0.236090226 -0.020521228 -0.454887218 -0.454887218 -0.454887218 -0.454887218 -1.428345865 -0.236090226 0.020521228 -0.454887218 0.454887218 -0.454887218 0.454887218 0 0
-0.096454 -0.038265 0.039932 0.172332 -0.075399 0.058644 -0.282883 0.038228 -0.006517 0.758484 -0.36971 -0.005 0 -1.42047619 0.238095238 -0.02154195 -0.452380952 -0.452380952 -0.452380952 -0.452380952 -1.42047619 -0.238095238 0.02154195 -0.452380952 0.452380952 -0.452380952 0.452380952 0 0
-0.094621 -0.038828 0.040022 0.170386 -0.074501 0.058735 -0.284769 0.036491 -0.006137 0.770816 -0.386782 -0.00464 0 -1.412606516 0.240100251 -0.02255011 -0.449874687 -0.449874687 -0.449874687 -0.449874687 -1.412606516 -0.240100251 0.02255011 -0.449874687 0.449874687 -0.449874687 0.449874687 0 0
-0.093481 -0.039337 0.040083 0.169758 -0.074354 0.05879 -0.284542 0.034294 -0.006059 0.776079 -0.404878 -0.004354 0 -1.404736842 0.242105263 -0.023545706 -0.447368421 -0.447368421 -0.447368421 -0.447368421 -1.404736842 -0.242105263 0.023545706 -0.447368421 0.447368421 -0.447368421 0.447368421 0 0
-0.092971 -0.039804 0.040095 0.170237 -0.074853 0.058606 -0.282351 0.031724 -0.006189 0.774439 -0.422998 -0.004145 0 -1.396867168 0.244110276 -0.02452874 -0.444862155 -0.444862155 -0.444862155 -0.444862155 -1.396867168 -0.244110276 0.02452874 -0.444862155 0.444862155 -0.444862155 0.444862155 0 0
-0.093016 -0.04023 0.040003 0.171686 -0.07593 0.05861 -0.278129 0.029004 -0.00627 0.765456 -0.4393 -0.004057 0 -1.388997494 0.246115288 -0.025499212 -0.44235589 -0.44235589 -0.44235589 -0.44235589 -1.388997494 -0.246115288 0.025499212 -0.44235589 0.44235589 -0.44235589 0.44235589 0 0
-0.09358 -0.04058 0.039766 0.174047 -0.077468 0.05841 -0.271754 0.026355 -0.006067 0.74855 -0.451945 -0.004089 0 -1.38112782 0.248120301 -0.02645712 -0.439849624 -0.439849624 -0.439849624 -0.439849624 -1.38112782 -0.248120301 0.02645712 -0.439849624 0.439849624 -0.439849624 0.439849624 0 0
-0.094661 -0.040854 0.039413 0.177391 -0.07961 0.058142 -0.263181 0.02397 -0.005447 0.723481 -0.459847 -0.004198 0 -1.373258145 0.250125313 -0.027402466 -0.437343358 -0.437343358 -0.437343358 -0.437343358 -1.373258145 -0.250125313 0.027402466 -0.437343358 0.437343358 -0.437343358 0.437343358 0 0
-0.096276 -0.04107 0.039024 0.181784 -0.082377 0.057714 -0.252626 0.021932 -0.004531 0.690981 -0.462174 -0.004363 0 -1.365388471 0.252130326 -0.028335249 -0.434837093 -0.434837093 -0.434837093 -0.434837093 -1.365388471 -0.252130326 0.028335249 -0.434837093 0.434837093 -0.434837093 0.434837093 0 0
-0.098365 -0.041225 0.038631 0.187218 -0.085729 0.057098 -0.240305 0.020319 -0.003617 0.652136 -0.458112 -0.004543 0 -1.357518797 0.254135338 -0.02925547 -0.432330827 -0.432330827 -0.432330827 -0.432330827 -1.357518797 -0.254135338 0.02925547 -0.432330827 0.432330827 -0.432330827 0.432330827 0 0
-0.100923 -0.04129 0.038194 0.193776 -0.089774 0.056323 -0.226485 0.019184 -0.003257 0.608195 -0.446633 -0.004608 0 -1.349649123 0.256140351 -0.030163127 -0.429824561 -0.429824561 -0.429824561 -0.429824561 -1.349649123 -0.256140351 0.030163127 -0.429824561 0.429824561 -0.429824561 0.429824561 0 0
-0.103974 -0.041216 0.037708 0.201503 -0.094488 0.055376 -0.21154 0.018598 -0.003971 0.560538 -0.426751 -0.004663 0 -1.341779449 0.258145363 -0.031058222 -0.427318296 -0.427318296 -0.427318296 -0.427318296 -1.341779449 -0.258145363 0.031058222 -0.427318296 0.427318296 -0.427318296 0.427318296 0 0
-0.107605 -0.041008 0.037192 0.210535 -0.099929 0.054279 -0.19593 0.018533 -0.006263 0.510707 -0.398263 -0.005124 0 -1.333909774 0.260150376 -0.031940754 -0.42481203 -0.42481203 -0.42481203 -0.42481203 -1.333909774 -0.260150376 0.031940754 -0.42481203 0.42481203 -0.42481203 0.42481203 0 0
-0.111984 -0.040766 0.036836 0.221102 -0.106237 0.053008 -0.180563 0.018838 -0.010462 0.46178 -0.364038 -0.006216 0 -1.3260401 0.262155388 -0.032810724 -0.422305764 -0.422305764 -0.422305764 -0.422305764 -1.3260401 -0.262155388 0.032810724 -0.422305764 0.422305764 -0.422305764 0.422305764 0 0
-0.117173 -0.040721 0.036784 0.233277 -0.113365 0.051644 -0.166186 0.019263 -0.016238 0.416799 -0.329064 -0.007718 0 -1.318170426 0.264160401 -0.03366813 -0.419799499 -0.419799499 -0.419799499 -0.419799499 -1.318170426 -0.264160401 0.03366813 -0.419799499 0.419799499 -0.419799499 0.419799499 0 0
-0.123136 -0.04137 0.03694 0.246869 -0.121173 0.050307 -0.153184 0.019006 -0.024144 0.377862 -0.301977 -0.008912 0 -1.310300752 0.266165414 -0.034512974 -0.417293233 -0.417293233 -0.417293233 -0.417293233 -1.310300752 -0.266165414 0.034512974 -0.417293233 0.417293233 -0.417293233 0.417293233 0 0
-0.129486 -0.042702 0.037697 0.260802 -0.129041 0.049294 -0.143314 0.018766 -0.029385 0.349443 -0.27503 -0.027938 0 -1.302431078 0.268170426 -0.035345255 -0.414786967 -0.414786967 -0.414786967 -0.414786967 -1.302431078 -0.268170426 0.035345255 -0.414786967 0.414786967 -0.414786967 0.414786967 0 0
-0.134592 -0.041735 0.03969 0.27131 -0.134977 0.048371 -0.143115 0.019506 -0.028284 0.341788 -0.244608 -0.029107 0 -1.294561404 0.270175439 -0.036164974 -0.412280702 -0.412280702 -0.412280702 -0.412280702 -1.294561404 -0.270175439 0.036164974 -0.412280702 0.412280702 -0.412280702 0.412280702 0 0
-0.136967 -0.040979 0.040178 0.277202 -0.138367 0.04729 -0.144269 0.020046 -0.028206 0.343236 -0.238572 -0.029352 0 -1.286691729 0.272180451 -0.03697213 -0.409774436 -0.409774436 -0.409774436 -0.409774436 -1.286691729 -0.272180451 0.03697213 -0.409774436 0.409774436 -0.409774436 0.409774436 0 0
-0.137181 -0.041074 0.040034 0.279027 -0.139746 0.045697 -0.144205 0.019864 -0.028432 0.342878 -0.230372 -0.030612 0 -1.278822055 0.274185464 -0.037766723 -0.40726817 -0.40726817 -0.40726817 -0.40726817 -1.278822055 -0.274185464 0.037766723 -0.40726817 0.40726817 -0.40726817 0.40726817 0 0
-0.136434 -0.041889 0.040074 0.278277 -0.139807 0.044422 -0.143817 0.018944 -0.028796 0.340617 -0.217942 -0.031583 0 -1.270952381 0.276190476 -0.038548753 -0.404761905 -0.404761905 -0.404761905 -0.404761905 -1.270952381 -0.276190476 0.038548753 -0.404761905 0.404761905 -0.404761905 0.404761905 0 0
-0.135314 -0.043054 0.04057 0.27612 -0.139099 0.043118 -0.143589 0.017721 -0.028477 0.337638 -0.20349 -0.032634 0 -1.263082707 0.278195489 -0.03931822 -0.402255639 -0.402255639 -0.402255639 -0.402255639 -1.263082707 -0.278195489 0.03931822 -0.402255639 0.402255639 -0.402255639 0.402255639 0 0
-0.134981 -0.044037 0.041096 0.274997 -0.139013 0.041593 -0.144151 0.016622 -0.02833 0.335823 -0.190811 -0.033705 0 -1.255213033 0.280200501 -0.040075125 -0.399749373 -0.399749373 -0.399749373 -0.399749373 -1.255213033 -0.280200501 0.040075125 -0.399749373 0.399749373 -0.399749373 0.399749373 0 0
-0.134792 -0.043493 0.041527 0.27448 -0.139247 0.040325 -0.145556 0.017159 -0.02795 0.338211 -0.191488 -0.035142 0 -1.247343358 0.282205514 -0.040819467 -0.397243108 -0.397243108 -0.397243108 -0.397243108 -1.247343358 -0.282205514 0.040819467 -0.397243108 0.397243108 -0.397243108 0.397243108 0 0
-0.134096 -0.042429 0.041362 0.273597 -0.139301 0.038914 -0.144683 0.018316 -0.027996 0.33686 -0.191596 -0.0371 0 -1.239473684 0.284210526 -0.041551247 -0.394736842 -0.394736842 -0.394736842 -0.394736842 -1.239473684 -0.284210526 0.041551247 -0.394736842 0.394736842 -0.394736842 0.394736842 0 0
-0.134062 -0.040604 0.041151 0.273644 -0.139871 0.036418 -0.143408 0.020142 -0.028123 0.333854 -0.190478 -0.038805 0 -1.23160401 0.286215539 -0.042270463 -0.392230576 -0.392230576 -0.392230576 -0.392230576 -1.23160401 -0.286215539 0.042270463 -0.392230576 0.392230576 -0.392230576 0.392230576 0 0
-0.134919 -0.038128 0.040873 0.275506 -0.141363 0.031087 -0.141304 0.022421 -0.028315 0.328746 -0.188147 -0.040435 0 -1.223734336 0.288220551 -0.042977117 -0.389724311 -0.389724311 -0.389724311 -0.389724311 -1.223734336 -0.288220551 0.042977117 -0.389724311 0.389724311 -0.389724311 0.389724311 0 0
-0.137533 -0.036125 0.04058 0.280105 -0.140144 0.031978 -0.138189 0.024548 -0.028778 0.321302 -0.184498 -0.042042 0 -1.215864662 0.290225564 -0.043671208 -0.387218045 -0.387218045 -0.387218045 -0.387218045 -1.215864662 -0.290225564 0.043671208 -0.387218045 0.387218045 -0.387218045 0.387218045 0 0
-0.142804 -0.034429 0.040145 0.289633 -0.137741 0.03256 -0.133777 0.026251 -0.029495 0.311018 -0.179221 -0.043491 0 -1.207994987 0.292230576 -0.044352736 -0.384711779 -0.384711779 -0.384711779 -0.384711779 -1.207994987 -0.292230576 0.044352736 -0.384711779 0.384711779 -0.384711779 0.384711779 0 0
-0.15071 -0.033226 0.03982 0.304116 -0.133914 0.03148 -0.128121 0.027269 -0.030223 0.298061 -0.17236 -0.044934 0 -1.200125313 0.294235589 -0.045021702 -0.382205514 -0.382205514 -0.382205514 -0.382205514 -1.200125313 -0.294235589 0.045021702 -0.382205514 0.382205514 -0.382205514 0.382205514 0 0
-0.161411 -0.032685 0.039323 0.323564 -0.127968 0.029891 -0.121484 0.027536 -0.03128 0.282998 -0.164295 -0.046336 0 -1.192255639 0.296240602 -0.045678105 -0.379699248 -0.379699248 -0.379699248 -0.379699248 -1.192255639 -0.296240602 0.045678105 -0.379699248 0.379699248 -0.379699248 0.379699248 0 0
-0.17475 -0.03301 0.03341 0.350464 -0.126971 0.011574 -0.114512 0.027698 -0.032305 0.267164 -0.155694 -0.047576 0 -1.184385965 0.298245614 -0.046321945 -0.377192982 -0.377192982 -0.377192982 -0.377192982 -1.184385965 -0.298245614 0.046321945 -0.377192982 0.377192982 -0.377192982 0.377192982 0 0
-0.189815 -0.03475 0.025008 0.386402 -0.159651 0.005192 -0.108182 0.028073 -0.032651 0.252526 -0.147489 -0.048624 0 -1.176516291 0.300250627 -0.046953223 -0.374686717 -0.374686717 -0.374686717 -0.374686717 -1.176516291 -0.300250627 0.046953223 -0.374686717 0.374686717 -0.374686717 0.374686717 0 0
-0.207124 -0.036663 0.019148 0.431843 -0.20349 0.001785 -0.103027 0.02866 -0.032993 0.239902 -0.140332 -0.049832 0 -1.168646617 0.302255639 -0.047571937 -0.372180451 -0.372180451 -0.372180451 -0.372180451 -1.168646617 -0.302255639 0.047571937 -0.372180451 0.372180451 -0.372180451 0.372180451 0 0
-0.225161 -0.0381 0.016887 0.482955 -0.239539 0.000786 -0.098249 0.02952 -0.033447 0.228721 -0.13397 -0.050751 0 -1.160776942 0.304260652 -0.048178089 -0.369674185 -0.369674185 -0.369674185 -0.369674185 -1.160776942 -0.304260652 0.048178089 -0.369674185 0.369674185 -0.369674185 0.369674185 0 0
-0.241883 -0.03951 0.01542 0.533498 -0.265547 0.000478 -0.093564 0.030512 -0.033746 0.218774 -0.128341 -0.051567 0 -1.152907268 0.306265664 -0.048771679 -0.36716792 -0.36716792 -0.36716792 -0.36716792 -1.152907268 -0.306265664 0.048771679 -0.36716792 0.36716792 -0.36716792 0.36716792 0 0
-0.257129 -0.040966 0.013884 0.58105 -0.285038 0.000285 -0.089499 0.031531 -0.034037 0.210408 -0.123646 -0.052322 0 -1.145037594 0.308270677 -0.049352705 -0.364661654 -0.364661654 -0.364661654 -0.364661654 -1.145037594 -0.308270677 0.049352705 -0.364661654 0.364661654 -0.364661654 0.364661654 0 0
-0.270525 -0.042389 0.012366 0.623686 -0.300092 0.000146 -0.086279 0.032481 -0.034274 0.203884 -0.120001 -0.052782 0 -1.13716792 0.310275689 -0.049921169 -0.362155388 -0.362155388 -0.362155388 -0.362155388 -1.13716792 -0.310275689 0.049921169 -0.362155388 0.362155388 -0.362155388 0.362155388 0 0
-0.281789 -0.043606 0.011044 0.660173 -0.313253 0.000035 -0.08401 0.033363 -0.034456 0.199356 -0.117446 -0.053215 0 -1.129298246 0.312280702 -0.05047707 -0.359649123 -0.359649123 -0.359649123 -0.359649123 -1.129298246 -0.312280702 0.05047707 -0.359649123 0.359649123 -0.359649123 0.359649123 0 0
-0.290929 -0.044415 0.010159 0.69036 -0.326925 -0.000158 -0.082648 0.034195 -0.034634 0.19673 -0.116033 -0.053624 0 -1.121428571 0.314285714 -0.051020408 -0.357142857 -0.357142857 -0.357142857 -0.357142857 -1.121428571 -0.314285714 0.051020408 -0.357142857 0.357142857 -0.357142857 0.357142857 0 0
-0.297928 -0.044714 0.009701 0.71419 -0.342303 -0.000441 -0.082105 0.035001 -0.034833 0.195874 -0.115638 -0.053949 0 -1.113558897 0.316290727 -0.051551184 -0.354636591 -0.354636591 -0.354636591 -0.354636591 -1.113558897 -0.316290727 0.051551184 -0.354636591 0.354636591 -0.354636591 0.354636591 0 0
-0.302814 -0.044511 0.009546 0.731667 -0.359638 -0.000805 -0.082289 0.035783 -0.035047 0.196624 -0.116165 -0.054203 0 -1.105689223 0.318295739 -0.052069397 -0.352130326 -0.352130326 -0.352130326 -0.352130326 -1.105689223 -0.318295739 0.052069397 -0.352130326 0.352130326 -0.352130326 0.352130326 0 0
-0.305584 -0.043882 0.009585 0.742647 -0.378308 -0.001253 -0.083114 0.036521 -0.035236 0.198824 -0.117524 -0.054399 0 -1.097819549 0.320300752 -0.052575047 -0.34962406 -0.34962406 -0.34962406 -0.34962406 -1.097819549 -0.320300752 0.052575047 -0.34962406 0.34962406 -0.34962406 0.34962406 0 0
-0.306108 -0.042972 0.009693 0.746495 -0.396946 -0.001774 -0.08453 0.037153 -0.035316 0.202408 -0.119714 -0.054543 0 -1.089949875 0.322305764 -0.053068134 -0.347117794 -0.347117794 -0.347117794 -0.347117794 -1.089949875 -0.322305764 0.053068134 -0.347117794 0.347117794 -0.347117794 0.347117794 0 0
-0.304171 -0.041903 0.009775 0.742176 -0.413678 -0.002344 -0.086498 0.037629 -0.035247 0.207293 -0.122616 -0.054597 0 -1.082080201 0.324310777 -0.053548659 -0.344611529 -0.344611529 -0.344611529 -0.344611529 -1.082080201 -0.324310777 0.053548659 -0.344611529 0.344611529 -0.344611529 0.344611529 0 0
-0.299863 -0.040642 0.009961 0.729582 -0.427653 -0.002928 -0.088977 0.037978 -0.035093 0.213341 -0.126199 -0.054499 0 -1.074210526 0.326315789 -0.05401662 -0.342105263 -0.342105263 -0.342105263 -0.342105263 -1.074210526 -0.326315789 0.05401662 -0.342105263 0.342105263 -0.342105263 0.342105263 0 0
-0.2933 -0.039139 0.010521 0.708916 -0.437892 -0.00344 -0.091913 0.038259 -0.034883 0.220426 -0.13041 -0.054419 0 -1.066340852 0.328320802 -0.05447202 -0.339598997 -0.339598997 -0.339598997 -0.339598997 -1.066340852 -0.328320802 0.05447202 -0.339598997 0.339598997 -0.339598997 0.339598997 0 0
-0.284569 -0.037414 0.011803 0.68049 -0.442824 -0.003722 -0.095263 0.038471 -0.034628 0.228511 -0.13523 -0.054314 0 -1.058471178 0.330325815 -0.054914856 -0.337092732 -0.337092732 -0.337092732 -0.337092732 -1.058471178 -0.330325815 0.054914856 -0.337092732 0.337092732 -0.337092732 0.337092732 0 0
-0.273836 -0.03551 0.014261 0.644981 -0.440887 -0.003631 -0.09901 0.0386 -0.034336 0.237615 -0.140667 -0.05409 0 -1.050601504 0.332330827 -0.05534513 -0.334586466 -0.334586466 -0.334586466 -0.334586466 -1.050601504 -0.332330827 0.05534513 -0.334586466 0.334586466 -0.334586466 0.334586466 0 0
-0.261338 -0.033571 0.018106 0.603388 -0.430614 -0.003099 -0.103132 0.038627 -0.034033 0.247746 -0.146727 -0.053734 0 -1.04273183 0.33433584 -0.055762841 -0.332080201 -0.332080201 -0.332080201 -0.332080201 -1.04273183 -0.33433584 0.055762841 -0.332080201 0.332080201 -0.332080201 0.332080201 0 0
-0.247394 -0.031757 0.023346 0.556945 -0.409896 -0.002105 -0.107661 0.038568 -0.033725 0.258986 -0.153494 -0.053293 0 -1.034862155 0.336340852 -0.056167989 -0.329573935 -0.329573935 -0.329573935 -0.329573935 -1.034862155 -0.336340852 0.056167989 -0.329573935 0.329573935 -0.329573935 0.329573935 0 0
-0.232347 -0.030172 0.029564 0.507102 -0.377795 -0.000789 -0.112698 0.038519 -0.033379 0.271486 -0.160937 -0.052648 0 -1.026992481 0.338345865 -0.056560574 -0.327067669 -0.327067669 -0.327067669 -0.327067669 -1.026992481 -0.338345865 0.056560574 -0.327067669 0.327067669 -0.327067669 0.327067669 0 0
-0.216963 -0.028684 0.035736 0.457205 -0.34132 -0.000153 -0.118408 0.038829 -0.032992 0.285449 -0.169159 -0.051914 0 -1.019122807 0.340350877 -0.056940597 -0.324561404 -0.324561404 -0.324561404 -0.324561404 -1.019122807 -0.340350877 0.056940597 -0.324561404 0.324561404 -0.324561404 0.324561404 0 0
-0.201854 -0.026744 0.039969 0.411713 -0.325809 -0.003671 -0.124738 0.040215 -0.032389 0.30063 -0.177939 -0.05115 0 -1.011253133 0.34235589 -0.057308057 -0.322055138 -0.322055138 -0.322055138 -0.322055138 -1.011253133 -0.34235589 0.057308057 -0.322055138 0.322055138 -0.322055138 0.322055138 0 0
-0.193003 -0.028221 0.042393 0.386649 -0.285628 0.037807 -0.1309 0.040601 -0.032923 0.314916 -0.186181 -0.050035 0 -1.003383459 0.344360902 -0.057662954 -0.319548872 -0.319548872 -0.319548872 -0.319548872 -1.003383459 -0.344360902 0.057662954 -0.319548872 0.319548872 -0.319548872 0.319548872 0 0
-0.189238 -0.029385 0.042183 0.373634 -0.250773 0.038402 -0.133983 0.03926 -0.034184 0.323488 -0.191555 -0.049173 0 -0.995513784 0.346365915 -0.058005289 -0.317042607 -0.317042607 -0.317042607 -0.317042607 -0.995513784 -0.346365915 0.058005289 -0.317042607 0.317042607 -0.317042607 0.317042607 0 0
-0.185625 -0.03007 0.04183 0.364476 -0.229508 0.038917 -0.134207 0.038531 -0.034491 0.326512 -0.193759 -0.047841 0 -0.98764411 0.348370927 -0.058335061 -0.314536341 -0.314536341 -0.314536341 -0.314536341 -0.98764411 -0.348370927 0.058335061 -0.314536341 0.314536341 -0.314536341 0.314536341 0 0
-0.182604 -0.029893 0.041639 0.356895 -0.21232 0.039689 -0.132979 0.038711 -0.034669 0.325736 -0.194049 -0.046831 0 -0.979774436 0.35037594 -0.05865227 -0.312030075 -0.312030075 -0.312030075 -0.312030075 -0.979774436 -0.35037594 0.05865227 -0.312030075 0.312030075 -0.312030075 0.312030075 0 0
-0.180642 -0.029113 0.041112 0.350958 -0.197022 0.040258 -0.131415 0.039528 -0.035186 0.323444 -0.193484 -0.046283 0 -0.971904762 0.352380952 -0.058956916 -0.30952381 -0.30952381 -0.30952381 -0.30952381 -0.971904762 -0.352380952 0.058956916 -0.30952381 0.30952381 -0.30952381 0.30952381 0 0
-0.179742 -0.02795 0.040281 0.346838 -0.183163 0.040833 -0.129981 0.040712 -0.036143 0.321027 -0.192887 -0.045725 0 -0.964035088 0.354385965 -0.059249 -0.307017544 -0.307017544 -0.307017544 -0.307017544 -0.964035088 -0.354385965 0.059249 -0.307017544 0.307017544 -0.307017544 0.307017544 0 0
-0.179741 -0.026632 0.039351 0.344612 -0.171283 0.041425 -0.128886 0.042017 -0.037287 0.319158 -0.192601 -0.04511 0 -0.956165414 0.356390977 -0.059528521 -0.304511278 -0.304511278 -0.304511278 -0.304511278 -0.956165414 -0.356390977 0.059528521 -0.304511278 0.304511278 -0.304511278 0.304511278 0 0
-0.180957 -0.025768 0.038234 0.346119 -0.167991 0.040831 -0.128095 0.04278 -0.0386 0.31779 -0.192546 -0.043979 0 -0.948295739 0.35839599 -0.059795479 -0.302005013 -0.302005013 -0.302005013 -0.302005013 -0.948295739 -0.35839599 0.059795479 -0.302005013 0.302005013 -0.302005013 0.302005013 0 0
-0.180956 -0.025781 0.037463 0.347731 -0.169517 0.04201 -0.126071 0.042894 -0.039103 0.315244 -0.191973 -0.043147 0 -0.940426065 0.360401003 -0.060049874 -0.299498747 -0.299498747 -0.299498747 -0.299498747 -0.940426065 -0.360401003 0.060049874 -0.299498747 0.299498747 -0.299498747 0.299498747 0 0
-0.180109 -0.026092 0.037317 0.347689 -0.170232 0.043411 -0.124248 0.042633 -0.039045 0.313096 -0.191467 -0.041508 0 -0.932556391 0.362406015 -0.060291707 -0.296992481 -0.296992481 -0.296992481 -0.296992481 -0.932556391 -0.362406015 0.060291707 -0.296992481 0.296992481 -0.296992481 0.296992481 0 0
-0.178804 -0.026882 0.037421 0.346206 -0.170144 0.044769 -0.122717 0.041889 -0.038845 0.311188 -0.191117 -0.039864 0 -0.924686717 0.364411028 -0.060520977 -0.294486216 -0.294486216 -0.294486216 -0.294486216 -0.924686717 -0.364411028 0.060520977 -0.294486216 0.294486216 -0.294486216 0.294486216 0 0
-0.17701 -0.028004 0.037653 0.343319 -0.169295 0.046139 -0.121611 0.040736 -0.038499 0.309903 -0.191071 -0.036929 0 -0.916817043 0.36641604 -0.060737684 -0.29197995 -0.29197995 -0.29197995 -0.29197995 -0.916817043 -0.36641604 0.060737684 -0.29197995 0.29197995 -0.29197995 0.29197995 0 0
-0.174624 -0.029466 0.037944 0.338855 -0.167534 0.047468 -0.121311 0.039042 -0.03809 0.310229 -0.191916 -0.031003 0 -0.908947368 0.368421053 -0.060941828 -0.289473684 -0.289473684 -0.289473684 -0.289473684 -0.908947368 -0.368421053 0.060941828 -0.289473684 0.289473684 -0.289473684 0.289473684 0 0
-0.171511 -0.03105 0.038197 0.332638 -0.164672 0.048803 -0.122455 0.036816 -0.037754 0.313652 -0.19398 -0.019233 0 -0.901077694 0.370426065 -0.06113341 -0.286967419 -0.286967419 -0.286967419 -0.286967419 -0.901077694 -0.370426065 0.06113341 -0.286967419 0.286967419 -0.286967419 0.286967419 0 0
-0.167486 -0.032282 0.038398 0.324277 -0.16047 0.050058 -0.126018 0.034805 -0.037577 0.32162 -0.194986 -0.006685 0 -0.89320802 0.372431078 -0.061312429 -0.284461153 -0.284461153 -0.284461153 -0.284461153 -0.89320802 -0.372431078 0.061312429 -0.284461153 0.284461153 -0.284461153 0.284461153 0 0
-0.162304 -0.032818 0.038403 0.313266 -0.154658 0.051239 -0.132367 0.03358 -0.037777 0.334489 -0.192904 0.002898 0 -0.885338346 0.37443609 -0.061478885 -0.281954887 -0.281954887 -0.281954887 -0.281954887 -0.885338346 -0.37443609 0.061478885 -0.281954887 0.281954887 -0.281954887 0.281954887 0 0
-0.155874 -0.032569 0.038263 0.299362 -0.147098 0.052374 -0.141454 0.033286 -0.038235 0.351931 -0.187077 0.008863 0 -0.877468672 0.376441103 -0.061632779 -0.279448622 -0.279448622 -0.279448622 -0.279448622 -0.877468672 -0.376441103 0.061632779 -0.279448622 0.279448622 -0.279448622 0.279448622 0 0
-0.148378 -0.031819 0.038137 0.28287 -0.138017 0.053406 -0.153154 0.03337 -0.038681 0.374017 -0.179393 0.016146 0 -0.869598997 0.378446115 -0.061774109 -0.276942356 -0.276942356 -0.276942356 -0.276942356 -0.869598997 -0.378446115 0.061774109 -0.276942356 0.276942356 -0.276942356 0.276942356 0 0
-0.14053 -0.031432 0.038121 0.265132 -0.128131 0.054261 -0.167617 0.033245 -0.03911 0.403426 -0.172475 0.023598 0 -0.861729323 0.380451128 -0.061902877 -0.27443609 -0.27443609 -0.27443609 -0.27443609 -0.861729323 -0.380451128 0.061902877 -0.27443609 0.27443609 -0.27443609 0.27443609 0 0
-0.133356 -0.031696 0.03839 0.248145 -0.11855 0.055074 -0.184961 0.034087 -0.035541 0.445673 -0.209403 0.009191 0 -0.853859649 0.38245614 -0.062019083 -0.271929825 -0.271929825 -0.271929825 -0.271929825 -0.853859649 -0.38245614 0.062019083 -0.271929825 0.271929825 -0.271929825 0.271929825 0 0
-0.12737 -0.032064 0.038968 0.233264 -0.110084 0.055824 -0.203871 0.035949 -0.028292 0.495337 -0.254626 0.003774 0 -0.845989975 0.384461153 -0.062122725 -0.269423559 -0.269423559 -0.269423559 -0.269423559 -0.845989975 -0.384461153 0.062122725 -0.269423559 0.269423559 -0.269423559 0.269423559 0 0
-0.121789 -0.032675 0.039467 0.220123 -0.102563 0.056416 -0.222044 0.037511 -0.022264 0.546535 -0.286625 0.001169 0 -0.838120301 0.386466165 -0.062213805 -0.266917293 -0.266917293 -0.266917293 -0.266917293 -0.838120301 -0.386466165 0.062213805 -0.266917293 0.266917293 -0.266917293 0.266917293 0 0
-0.116167 -0.033564 0.039802 0.208241 -0.095817 0.056954 -0.238162 0.03856 -0.017528 0.595576 -0.306472 -0.000307 0 -0.830250627 0.388471178 -0.062292322 -0.264411028 -0.264411028 -0.264411028 -0.264411028 -0.830250627 -0.388471178 0.062292322 -0.264411028 0.264411028 -0.264411028 0.264411028 0 0
-0.110847 -0.034538 0.040085 0.197822 -0.08997 0.057408 -0.252015 0.039233 -0.013737 0.640537 -0.319542 -0.001261 0 -0.822380952 0.39047619 -0.062358277 -0.261904762 -0.261904762 -0.261904762 -0.261904762 -0.822380952 -0.39047619 0.062358277 -0.261904762 0.261904762 -0.261904762 0.261904762 0 0
-0.106058 -0.035509 0.040326 0.189011 -0.085087 0.057753 -0.2635 0.039507 -0.010825 0.680213 -0.330031 -0.001789 0 -0.814511278 0.392481203 -0.062411668 -0.259398496 -0.259398496 -0.259398496 -0.259398496 -0.814511278 -0.392481203 0.062411668 -0.259398496 0.259398496 -0.259398496 0.259398496 0 0
-0.101995 -0.036394 0.04049 0.182006 -0.081232 0.057938 -0.272513 0.039358 -0.00871 0.713609 -0.340827 -0.002021 0 -0.806641604 0.394486216 -0.062452497 -0.256892231 -0.256892231 -0.256892231 -0.256892231 -0.806641604 -0.394486216 0.062452497 -0.256892231 0.256892231 -0.256892231 0.256892231 0 0
-0.098711 -0.037156 0.040619 0.176852 -0.078489 0.058092 -0.279038 0.038746 -0.007298 0.74016 -0.353674 -0.002127 0 -0.79877193 0.396491228 -0.062480763 -0.254385965 -0.254385965 -0.254385965 -0.254385965 -0.79877193 -0.396491228 0.062480763 -0.254385965 0.254385965 -0.254385965 0.254385965 0 0
-0.096174 -0.037812 0.040719 0.173389 -0.07673 0.058224 -0.283145 0.037607 -0.006504 0.759619 -0.368989 -0.002188 0 -0.790902256 0.398496241 -0.062496467 -0.251879699 -0.251879699 -0.251879699 -0.251879699 -0.790902256 -0.398496241 0.062496467 -0.251879699 0.251879699 -0.251879699 0.251879699 0 0
-0.094362 -0.038383 0.040789 0.171442 -0.075855 0.058316 -0.284968 0.035943 -0.006173 0.771882 -0.386255 -0.002245 0 -0.783032581 0.400501253 -0.062499607 -0.249373434 -0.249373434 -0.249373434 -0.249373434 -0.783032581 -0.400501253 0.062499607 -0.249373434 0.249373434 -0.249373434 0.249373434 0 0
-0.093237 -0.0389 0.040836 0.170806 -0.075727 0.058341 -0.284684 0.033803 -0.006138 0.777035 -0.404523 -0.002313 0 -0.775162907 0.402506266 -0.062490185 -0.246867168 -0.246867168 -0.246867168 -0.246867168 -0.775162907 -0.402506266 0.062490185 -0.246867168 0.246867168 -0.246867168 0.246867168 0 0
-0.092738 -0.03938 0.040843 0.171289 -0.076295 0.058231 -0.282445 0.031278 -0.006294 0.77527 -0.422792 -0.002406 0 -0.767293233 0.404511278 -0.062468201 -0.244360902 -0.244360902 -0.244360902 -0.244360902 -0.767293233 -0.404511278 0.062468201 -0.244360902 0.244360902 -0.244360902 0.244360902 0 0
-0.092786 -0.039822 0.040736 0.172696 -0.077288 0.058135 -0.278192 0.028569 -0.006414 0.766178 -0.439203 -0.002578 0 -0.759423559 0.406516291 -0.062433653 -0.241854637 -0.241854637 -0.241854637 -0.241854637 -0.759423559 -0.406516291 0.062433653 -0.241854637 0.241854637 -0.241854637 0.241854637 0 0
-0.093362 -0.040186 0.040498 0.175071 -0.078892 0.057989 -0.271793 0.025947 -0.006191 0.749144 -0.451906 -0.002827 0 -0.751553885 0.408521303 -0.062386543 -0.239348371 -0.239348371 -0.239348371 -0.239348371 -0.751553885 -0.408521303 0.062386543 -0.239348371 0.239348371 -0.239348371 0.239348371 0 0
-0.094457 -0.040451 0.040142 0.178436 -0.08108 0.057584 -0.263203 0.023591 -0.005546 0.723938 -0.459841 -0.003121 0 -0.743684211 0.410526316 -0.06232687 -0.236842105 -0.236842105 -0.236842105 -0.236842105 -0.743684211 -0.410526316 0.06232687 -0.236842105 0.236842105 -0.236842105 0.236842105 0 0
-0.096087 -0.040659 0.039754 0.182847 -0.083842 0.057152 -0.252637 0.021581 -0.004596 0.69128 -0.462193 -0.003442 0 -0.735814536 0.412531328 -0.062254634 -0.23433584 -0.23433584 -0.23433584 -0.23433584 -0.735814536 -0.412531328 0.062254634 -0.23433584 0.23433584 -0.23433584 0.23433584 0 0
-0.098208 -0.04081 0.039349 0.188344 -0.087278 0.056553 -0.240315 0.01997 -0.00368 0.652266 -0.45814 -0.003764 0 -0.727944862 0.414536341 -0.062169836 -0.231829574 -0.231829574 -0.231829574 -0.231829574 -0.727944862 -0.414536341 0.062169836 -0.231829574 0.231829574 -0.231829574 0.231829574 0 0
-0.100802 -0.040861 0.038896 0.194975 -0.091419 0.055748 -0.226504 0.018825 -0.003349 0.608153 -0.446634 -0.003951 0 -0.720075188 0.416541353 -0.062072474 -0.229323308 -0.229323308 -0.229323308 -0.229323308 -0.720075188 -0.416541353 0.062072474 -0.229323308 0.229323308 -0.229323308 0.229323308 0 0
-0.103897 -0.04076 0.038398 0.202787 -0.096192 0.054769 -0.211577 0.018229 -0.004111 0.560318 -0.426681 -0.004112 0 -0.712205514 0.418546366 -0.06196255 -0.226817043 -0.226817043 -0.226817043 -0.226817043 -0.712205514 -0.418546366 0.06196255 -0.226817043 0.226817043 -0.226817043 0.226817043 0 0
-0.107567 -0.040514 0.037876 0.21191 -0.101696 0.053622 -0.195996 0.018161 -0.006465 0.510336 -0.398073 -0.004658 0 -0.70433584 0.420551378 -0.061840064 -0.224310777 -0.224310777 -0.224310777 -0.224310777 -0.70433584 -0.420551378 0.061840064 -0.224310777 0.224310777 -0.224310777 0.224310777 0 0
-0.11198 -0.040236 0.03752 0.222566 -0.108033 0.052366 -0.180669 0.018461 -0.010708 0.4613 -0.363709 -0.005813 0 -0.696466165 0.422556391 -0.061705014 -0.221804511 -0.221804511 -0.221804511 -0.221804511 -0.696466165 -0.422556391 0.061705014 -0.221804511 0.221804511 -0.221804511 0.221804511 0 0
-0.117203 -0.04017 0.037462 0.234841 -0.115222 0.051008 -0.166344 0.018864 -0.016508 0.416262 -0.328689 -0.00734 0 -0.688596491 0.424561404 -0.061557402 -0.219298246 -0.219298246 -0.219298246 -0.219298246 -0.688596491 -0.424561404 0.061557402 -0.219298246 0.219298246 -0.219298246 0.219298246 0 0
-0.123198 -0.04083 0.037606 0.248527 -0.123097 0.04967 -0.153408 0.01854 -0.02445 0.377356 -0.302011 -0.008474 0 -0.680726817 0.426566416 -0.061397227 -0.21679198 -0.21679198 -0.21679198 -0.21679198 -0.680726817 -0.426566416 0.061397227 -0.21679198 0.21679198 -0.21679198 0.21679198 0 0
-0.129588 -0.041776 0.038052 0.262496 -0.130942 0.048772 -0.144256 0.018921 -0.027566 0.350944 -0.267868 -0.014985 0 -0.672857143 0.428571429 -0.06122449 -0.214285714 -0.214285714 -0.214285714 -0.214285714 -0.672857143 -0.428571429 0.06122449 -0.214285714 0.214285714 -0.214285714 0.214285714 0 0
-0.134792 -0.041495 0.039606 0.273178 -0.136881 0.048283 -0.143051 0.019728 -0.027017 0.342692 -0.244499 -0.026847 0 -0.664987469 0.430576441 -0.061039189 -0.211779449 -0.211779449 -0.211779449 -0.211779449 -0.664987469 -0.430576441 0.061039189 -0.211779449 0.211779449 -0.211779449 0.211779449 0 0
-0.137383 -0.040904 0.040154 0.279138 -0.140371 0.046579 -0.144535 0.020272 -0.026575 0.344052 -0.236714 -0.030014 0 -0.657117794 0.432581454 -0.060841326 -0.209273183 -0.209273183 -0.209273183 -0.209273183 -0.657117794 -0.432581454 0.060841326 -0.209273183 0.209273183 -0.209273183 0.209273183 0 0
-0.137726 -0.04122 0.039935 0.281039 -0.141714 0.045065 -0.144676 0.019836 -0.026989 0.343826 -0.227566 -0.031035 0 -0.64924812 0.434586466 -0.060630901 -0.206766917 -0.206766917 -0.206766917 -0.206766917 -0.64924812 -0.434586466 0.060630901 -0.206766917 0.206766917 -0.206766917 0.206766917 0 0
-0.13705 -0.042156 0.039983 0.280397 -0.141833 0.043755 -0.144507 0.018771 -0.027365 0.34196 -0.215032 -0.031945 0 -0.641378446 0.436591479 -0.060407912 -0.204260652 -0.204260652 -0.204260652 -0.204260652 -0.641378446 -0.436591479 0.060407912 -0.204260652 0.204260652 -0.204260652 0.204260652 0 0
-0.135988 -0.043354 0.040474 0.278388 -0.141201 0.042503 -0.144481 0.017501 -0.027153 0.339519 -0.201319 -0.032964 0 -0.633508772 0.438596491 -0.060172361 -0.201754386 -0.201754386 -0.201754386 -0.201754386 -0.633508772 -0.438596491 0.060172361 -0.201754386 0.201754386 -0.201754386 0.201754386 0 0
-0.13566 -0.044197 0.041021 0.277302 -0.141139 0.040842 -0.14535 0.01662 -0.026959 0.339132 -0.192849 -0.035139 0 -0.625639098 0.440601504 -0.059924247 -0.19924812 -0.19924812 -0.19924812 -0.19924812 -0.625639098 -0.440601504 0.059924247 -0.19924812 0.19924812 -0.19924812 0.19924812 0 0
-0.135071 -0.043379 0.041104 0.276291 -0.141142 0.039394 -0.146036 0.017442 -0.026695 0.340673 -0.19406 -0.036172 0 -0.617769424 0.442606516 -0.05966357 -0.196741855 -0.196741855 -0.196741855 -0.196741855 -0.617769424 -0.442606516 0.05966357 -0.196741855 0.196741855 -0.196741855 0.196741855 0 0
-0.134456 -0.042023 0.040987 0.275439 -0.141225 0.038358 -0.14504 0.018832 -0.026761 0.338689 -0.193457 -0.037012 0 -0.609899749 0.444611529 -0.05939033 -0.194235589 -0.194235589 -0.194235589 -0.194235589 -0.609899749 -0.444611529 0.05939033 -0.194235589 0.194235589 -0.194235589 0.194235589 0 0
-0.134379 -0.04001 0.040842 0.275368 -0.141767 0.036123 -0.143456 0.020868 -0.026884 0.334897 -0.191909 -0.0388 0 -0.602030075 0.446616541 -0.059104528 -0.191729323 -0.191729323 -0.191729323 -0.191729323 -0.602030075 -0.446616541 0.059104528 -0.191729323 0.191729323 -0.191729323 0.191729323 0 0
-0.135327 -0.037715 0.040609 0.27708 -0.142203 0.033939 -0.141218 0.023175 -0.027089 0.329378 -0.189372 -0.040635 0 -0.594160401 0.448621554 -0.058806163 -0.189223058 -0.189223058 -0.189223058 -0.189223058 -0.594160401 -0.448621554 0.058806163 -0.189223058 0.189223058 -0.189223058 0.189223058 0 0
-0.138222 -0.035664 0.040245 0.282256 -0.141341 0.033718 -0.13797 0.025278 -0.027564 0.32159 -0.185525 -0.042294 0 -0.586290727 0.450626566 -0.058495236 -0.186716792 -0.186716792 -0.186716792 -0.186716792 -0.586290727 -0.450626566 0.058495236 -0.186716792 0.186716792 -0.186716792 0.186716792 0 0
-0.143621 -0.033944 0.039828 0.292151 -0.139264 0.032333 -0.133463 0.026881 -0.028211 0.311124 -0.180122 -0.04388 0 -0.578421053 0.452631579 -0.058171745 -0.184210526 -0.184210526 -0.184210526 -0.184210526 -0.578421053 -0.452631579 0.058171745 -0.184210526 0.184210526 -0.184210526 0.184210526 0 0
-0.151648 -0.032836 0.039524 0.306848 -0.135085 0.030908 -0.127699 0.027771 -0.028946 0.297989 -0.173157 -0.045322 0 -0.570551378 0.454636591 -0.057835692 -0.181704261 -0.181704261 -0.181704261 -0.181704261 -0.570551378 -0.454636591 0.057835692 -0.181704261 0.181704261 -0.181704261 0.181704261 0 0
-0.162419 -0.032411 0.039059 0.326419 -0.128767 0.029313 -0.120973 0.02791 -0.029968 0.282774 -0.164975 -0.046648 0 -0.562681704 0.456641604 -0.057487076 -0.179197995 -0.179197995 -0.179197995 -0.179197995 -0.562681704 -0.456641604 0.057487076 -0.179197995 0.179197995 -0.179197995 0.179197995 0 0
-0.175789 -0.032875 0.033095 0.353293 -0.127269 0.011409 -0.113939 0.027952 -0.03098 0.266842 -0.156304 -0.04785 0 -0.55481203 0.458646617 -0.057125897 -0.176691729 -0.176691729 -0.176691729 -0.176691729 -0.55481203 -0.458646617 0.057125897 -0.176691729 0.176691729 -0.176691729 0.176691729 0 0
-0.190825 -0.034699 0.024687 0.389052 -0.159725 0.005318 -0.107555 0.028254 -0.031326 0.25213 -0.148042 -0.048856 0 -0.546942356 0.460651629 -0.056752156 -0.174185464 -0.174185464 -0.174185464 -0.174185464 -0.546942356 -0.460651629 0.056752156 -0.174185464 0.174185464 -0.174185464 0.174185464 0 0
-0.208082 -0.036645 0.018793 0.434144 -0.203258 0.001931 -0.10238 0.028811 -0.031679 0.239468 -0.140844 -0.050049 0 -0.539072682 0.462656642 -0.056365852 -0.171679198 -0.171679198 -0.171679198 -0.171679198 -0.539072682 -0.462656642 0.056365852 -0.171679198 0.171679198 -0.171679198 0.171679198 0 0
-0.226079 -0.038097 0.016432 0.484855 -0.239079 0.000899 -0.097613 0.029664 -0.032161 0.228292 -0.134459 -0.050972 0 -0.531203008 0.464661654 -0.055966985 -0.169172932 -0.169172932 -0.169172932 -0.169172932 -0.531203008 -0.464661654 0.055966985 -0.169172932 0.169172932 -0.169172932 0.169172932 0 0
-0.242765 -0.039503 0.01488 0.535003 -0.264947 0.000552 -0.092941 0.03067 -0.032493 0.218367 -0.128825 -0.051796 0 -0.523333333 0.466666667 -0.055555556 -0.166666667 -0.166666667 -0.166666667 -0.166666667 -0.523333333 -0.466666667 0.055555556 -0.166666667 0.166666667 -0.166666667 0.166666667 0 0
-0.257975 -0.040946 0.013297 0.582182 -0.284364 0.00033 -0.088886 0.031711 -0.032815 0.210031 -0.124122 -0.052536 0 -0.515463659 0.468671679 -0.055131563 -0.164160401 -0.164160401 -0.164160401 -0.164160401 -0.515463659 -0.468671679 0.055131563 -0.164160401 0.164160401 -0.164160401 0.164160401 0 0
-0.271344 -0.042356 0.011758 0.624495 -0.299402 0.000172 -0.085671 0.032689 -0.033085 0.203536 -0.120496 -0.053005 0 -0.507593985 0.470676692 -0.054695008 -0.161654135 -0.161654135 -0.161654135 -0.161654135 -0.507593985 -0.470676692 0.054695008 -0.161654135 0.161654135 -0.161654135 0.161654135 0 0
-0.282598 -0.043563 0.010452 0.66074 -0.312594 0.000049 -0.083402 0.033597 -0.033292 0.199013 -0.117895 -0.053425 0 -0.499724311 0.472681704 -0.05424589 -0.15914787 -0.15914787 -0.15914787 -0.15914787 -0.499724311 -0.472681704 0.05424589 -0.15914787 0.15914787 -0.15914787 0.15914787 0 0
-0.291744 -0.044363 0.009612 0.690762 -0.326307 -0.000155 -0.082045 0.034456 -0.033488 0.196403 -0.116458 -0.053798 0 -0.491854637 0.474686717 -0.05378421 -0.156641604 -0.156641604 -0.156641604 -0.156641604 -0.491854637 -0.474686717 0.05378421 -0.156641604 0.156641604 -0.156641604 0.156641604 0 0
-0.298764 -0.044662 0.009218 0.714494 -0.341712 -0.000445 -0.081513 0.035287 -0.033698 0.195564 -0.116036 -0.054138 0 -0.483984962 0.476691729 -0.053309967 -0.154135338 -0.154135338 -0.154135338 -0.154135338 -0.483984962 -0.476691729 0.053309967 -0.154135338 0.154135338 -0.154135338 0.154135338 0 0
-0.303677 -0.044472 0.009131 0.73192 -0.359051 -0.000813 -0.081706 0.036088 -0.033925 0.196326 -0.116541 -0.054387 0 -0.476115288 0.478696742 -0.052823161 -0.151629073 -0.151629073 -0.151629073 -0.151629073 -0.476115288 -0.478696742 0.052823161 -0.151629073 0.151629073 -0.151629073 0.151629073 0 0
-0.30648 -0.043863 0.00924 0.742891 -0.377715 -0.001264 -0.082542 0.036839 -0.03413 0.198536 -0.117878 -0.054553 0 -0.468245614 0.480701754 -0.052323792 -0.149122807 -0.149122807 -0.149122807 -0.149122807 -0.468245614 -0.480701754 0.052323792 -0.149122807 0.149122807 -0.149122807 0.149122807 0 0
-0.307042 -0.042981 0.009414 0.74677 -0.396339 -0.001785 -0.083965 0.037479 -0.03423 0.202111 -0.120028 -0.054675 0 -0.46037594 0.482706767 -0.05181186 -0.146616541 -0.146616541 -0.146616541 -0.146616541 -0.46037594 -0.482706767 0.05181186 -0.146616541 0.146616541 -0.146616541 0.146616541 0 0
-0.305142 -0.041946 0.009553 0.742509 -0.413059 -0.002356 -0.085941 0.037961 -0.034178 0.206987 -0.122896 -0.054724 0 -0.452506266 0.484711779 -0.051287366 -0.144110276 -0.144110276 -0.144110276 -0.144110276 -0.452506266 -0.484711779 0.051287366 -0.144110276 0.144110276 -0.144110276 0.144110276 0 0
-0.300865 -0.040726 0.009776 0.729984 -0.427036 -0.002941 -0.088429 0.038313 -0.034041 0.213024 -0.126444 -0.05461 0 -0.444636591 0.486716792 -0.050750309 -0.14160401 -0.14160401 -0.14160401 -0.14160401 -0.444636591 -0.486716792 0.050750309 -0.14160401 0.14160401 -0.14160401 0.14160401 0 0
-0.294326 -0.039265 0.010358 0.709406 -0.43729 -0.003453 -0.091372 0.038596 -0.033849 0.220093 -0.130615 -0.054538 0 -0.436766917 0.488721805 -0.05020069 -0.139097744 -0.139097744 -0.139097744 -0.139097744 -0.436766917 -0.488721805 0.05020069 -0.139097744 0.139097744 -0.139097744 0.139097744 0 0
-0.285613 -0.037586 0.011638 0.681079 -0.442242 -0.003735 -0.094722 0.038805 -0.033615 0.228149 -0.135392 -0.054414 0 -0.428897243 0.490726817 -0.049638507 -0.136591479 -0.136591479 -0.136591479 -0.136591479 -0.428897243 -0.490726817 0.049638507 -0.136591479 0.136591479 -0.136591479 0.136591479 0 0
-0.27489 -0.035722 0.014076 0.645685 -0.440349 -0.003645 -0.098473 0.038932 -0.033342 0.237221 -0.140783 -0.054173 0 -0.421027569 0.49273183 -0.049063762 -0.134085213 -0.134085213 -0.134085213 -0.134085213 -0.421027569 -0.49273183 0.049063762 -0.134085213 0.134085213 -0.134085213 0.134085213 0 0
-0.262394 -0.033822 0.017878 0.604216 -0.430152 -0.003113 -0.102592 0.038957 -0.03306 0.247311 -0.146792 -0.053814 0 -0.413157895 0.494736842 -0.048476454 -0.131578947 -0.131578947 -0.131578947 -0.131578947 -0.413157895 -0.494736842 0.048476454 -0.131578947 0.131578947 -0.131578947 0.131578947 0 0
-0.248441 -0.032041 0.023055 0.557897 -0.409573 -0.002113 -0.107112 0.038892 -0.032772 0.258484 -0.153455 -0.053328 0 -0.405288221 0.496741855 -0.047876584 -0.129072682 -0.129072682 -0.129072682 -0.129072682 -0.405288221 -0.496741855 0.047876584 -0.129072682 0.129072682 -0.129072682 0.129072682 0 0
-0.233366 -0.03048 0.029197 0.508139 -0.377601 -0.000776 -0.112136 0.03884 -0.03245 0.270928 -0.160889 -0.052677 0 -0.397418546 0.498746867 -0.04726415 -0.126566416 -0.126566416 -0.126566416 -0.126566416 -0.397418546 -0.498746867 0.04726415 -0.126566416 0.126566416 -0.126566416 0.126566416 0 0
-0.21793 -0.029015 0.035316 0.45824 -0.34101 -0.000057 -0.117834 0.039135 -0.032081 0.284818 -0.169047 -0.051944 0 -0.389548872 0.50075188 -0.046639154 -0.12406015 -0.12406015 -0.12406015 -0.12406015 -0.389548872 -0.50075188 0.046639154 -0.12406015 0.12406015 -0.12406015 0.12406015 0 0
-0.202759 -0.027117 0.039582 0.412619 -0.324539 -0.003408 -0.124161 0.040476 -0.031506 0.299951 -0.177788 -0.051172 0 -0.381679198 0.502756892 -0.046001595 -0.121553885 -0.121553885 -0.121553885 -0.121553885 -0.381679198 -0.502756892 0.046001595 -0.121553885 0.121553885 -0.121553885 0.121553885 0 0
-0.193691 -0.028359 0.042076 0.387252 -0.285214 0.03557 -0.130324 0.040907 -0.032077 0.314215 -0.186019 -0.050132 0 -0.373809524 0.504761905 -0.045351474 -0.119047619 -0.119047619 -0.119047619 -0.119047619 -0.373809524 -0.504761905 0.045351474 -0.119047619 0.119047619 -0.119047619 0.119047619 0 0
-0.189719 -0.029674 0.041688 0.373833 -0.251089 0.038722 -0.133487 0.039608 -0.03333 0.322864 -0.191389 -0.049001 0 -0.36593985 0.506766917 -0.04468879 -0.116541353 -0.116541353 -0.116541353 -0.116541353 -0.36593985 -0.506766917 0.04468879 -0.116541353 0.116541353 -0.116541353 0.116541353 0 0
-0.186196 -0.030362 0.041399 0.364799 -0.230079 0.039213 -0.133802 0.038873 -0.033589 0.325928 -0.193578 -0.04782 0 -0.358070175 0.50877193 -0.044013543 -0.114035088 -0.114035088 -0.114035088 -0.114035088 -0.358070175 -0.50877193 0.044013543 -0.114035088 0.114035088 -0.114035088 0.114035088 0 0
-0.183193 -0.03021 0.04126 0.357241 -0.21304 0.039974 -0.132604 0.039027 -0.033718 0.325138 -0.193813 -0.046825 0 -0.350200501 0.510776942 -0.043325733 -0.111528822 -0.111528822 -0.111528822 -0.111528822 -0.350200501 -0.510776942 0.043325733 -0.111528822 0.111528822 -0.111528822 0.111528822 0 0
-0.181174 -0.029454 0.040767 0.351182 -0.197643 0.040566 -0.131037 0.039821 -0.034191 0.322824 -0.193216 -0.04631 0 -0.342330827 0.512781955 -0.04262536 -0.109022556 -0.109022556 -0.109022556 -0.109022556 -0.342330827 -0.512781955 0.04262536 -0.109022556 0.109022556 -0.109022556 0.109022556 0 0
-0.180213 -0.028325 0.039956 0.346923 -0.183669 0.04117 -0.129599 0.040969 -0.035127 0.320386 -0.192579 -0.045679 0 -0.334461153 0.514786967 -0.041912425 -0.106516291 -0.106516291 -0.106516291 -0.106516291 -0.334461153 -0.514786967 0.041912425 -0.106516291 0.106516291 -0.106516291 0.106516291 0 0
-0.180153 -0.027038 0.039039 0.344553 -0.171632 0.041761 -0.128508 0.04224 -0.036258 0.318514 -0.192264 -0.045035 0 -0.326591479 0.51679198 -0.041186927 -0.104010025 -0.104010025 -0.104010025 -0.104010025 -0.326591479 -0.51679198 0.041186927 -0.104010025 0.104010025 -0.104010025 0.104010025 0 0
-0.181226 -0.026022 0.037928 0.345611 -0.167319 0.040719 -0.127737 0.043127 -0.037571 0.317179 -0.192194 -0.043976 0 -0.318721805 0.518796992 -0.040448867 -0.101503759 -0.101503759 -0.101503759 -0.101503759 -0.318721805 -0.518796992 0.040448867 -0.101503759 0.101503759 -0.101503759 0.101503759 0 0
-0.181354 -0.026122 0.037053 0.347402 -0.168752 0.042417 -0.125778 0.043216 -0.038107 0.314735 -0.191655 -0.0431 0 -0.31085213 0.520802005 -0.039698243 -0.098997494 -0.098997494 -0.098997494 -0.098997494 -0.31085213 -0.520802005 0.039698243 -0.098997494 0.098997494 -0.098997494 0.098997494 0 0
-0.18087 -0.026869 0.036748 0.347762 -0.169994 0.043867 -0.122861 0.044136 -0.037958 0.313201 -0.193414 -0.042841 0 -0.302982456 0.522807018 -0.038935057 -0.096491228 -0.096491228 -0.096491228 -0.096491228 -0.302982456 -0.522807018 0.038935057 -0.096491228 0.096491228 -0.096491228 0.096491228 0 0
-0.179584 -0.027681 0.036827 0.34634 -0.169914 0.0452 -0.121386 0.043365 -0.037793 0.311465 -0.193156 -0.041209 0 -0.295112782 0.52481203 -0.038159308 -0.093984962 -0.093984962 -0.093984962 -0.093984962 -0.295112782 -0.52481203 0.038159308 -0.093984962 0.093984962 -0.093984962 0.093984962 0 0
-0.17781 -0.028807 0.037046 0.343492 -0.169058 0.046554 -0.120332 0.042199 -0.037469 0.310303 -0.193163 -0.03822 0 -0.287243108 0.526817043 -0.037370996 -0.091478697 -0.091478697 -0.091478697 -0.091478697 -0.287243108 -0.526817043 0.037370996 -0.091478697 0.091478697 -0.091478697 0.091478697 0 0
-0.17544 -0.030264 0.03732 0.339048 -0.167284 0.047872 -0.120094 0.040496 -0.037083 0.310765 -0.194071 -0.032155 0 -0.279373434 0.528822055 -0.036570122 -0.088972431 -0.088972431 -0.088972431 -0.088972431 -0.279373434 -0.528822055 0.036570122 -0.088972431 0.088972431 -0.088972431 0.088972431 0 0
-0.172337 -0.031834 0.037544 0.332842 -0.164402 0.049181 -0.121288 0.038259 -0.036783 0.314316 -0.196222 -0.020056 0 -0.271503759 0.530827068 -0.035756685 -0.086466165 -0.086466165 -0.086466165 -0.086466165 -0.271503759 -0.530827068 0.035756685 -0.086466165 0.086466165 -0.086466165 0.086466165 0 0
-0.168304 -0.033048 0.037718 0.32446 -0.160168 0.050441 -0.124904 0.036233 -0.036641 0.322425 -0.19735 -0.007031 0 -0.263634085 0.53283208 -0.034930685 -0.0839599 -0.0839599 -0.0839599 -0.0839599 -0.263634085 -0.53283208 0.034930685 -0.0839599 0.0839599 -0.0839599 0.0839599 0 0
-0.163107 -0.033564 0.037698 0.313411 -0.154311 0.05161 -0.131313 0.034993 -0.036888 0.335447 -0.195368 0.00305 0 -0.255764411 0.534837093 -0.034092123 -0.081453634 -0.081453634 -0.081453634 -0.081453634 -0.255764411 -0.534837093 0.034092123 -0.081453634 0.081453634 -0.081453634 0.081453634 0 0
-0.156653 -0.033297 0.037525 0.299448 -0.146697 0.052748 -0.140455 0.034688 -0.037411 0.353042 -0.189606 0.009469 0 -0.247894737 0.536842105 -0.033240997 -0.078947368 -0.078947368 -0.078947368 -0.078947368 -0.247894737 -0.536842105 0.033240997 -0.078947368 0.078947368 -0.078947368 0.078947368 0 0
-0.149126 -0.032502 0.037366 0.282869 -0.137538 0.053754 -0.152208 0.034828 -0.037938 0.375193 -0.181721 0.016447 0 -0.240025063 0.538847118 -0.032377309 -0.076441103 -0.076441103 -0.076441103 -0.076441103 -0.240025063 -0.538847118 0.032377309 -0.076441103 0.076441103 -0.076441103 0.076441103 0 0
-0.14122 -0.032058 0.037326 0.264985 -0.12755 0.054608 -0.166694 0.034706 -0.038547 0.40433 -0.174598 0.024356 0 -0.232155388 0.54085213 -0.031501058 -0.073934837 -0.073934837 -0.073934837 -0.073934837 -0.232155388 -0.54085213 0.031501058 -0.073934837 0.073934837 -0.073934837 0.073934837 0 0
-0.133973 -0.032293 0.037607 0.247814 -0.117837 0.055454 -0.184112 0.03538 -0.03526 0.44623 -0.211049 0.014884 0 -0.224285714 0.542857143 -0.030612245 -0.071428571 -0.071428571 -0.071428571 -0.071428571 -0.224285714 -0.542857143 0.030612245 -0.071428571 0.071428571 -0.071428571 0.071428571 0 0
-0.127929 -0.032604 0.038169 0.2328 -0.109273 0.056144 -0.20313 0.037275 -0.028419 0.495695 -0.256328 -0.002181 0 -0.21641604 0.544862155 -0.029710869 -0.068922306 -0.068922306 -0.068922306 -0.068922306 -0.21641604 -0.544862155 0.029710869 -0.068922306 0.068922306 -0.068922306 0.068922306 0 0
-0.122327 -0.033174 0.038623 0.219526 -0.101643 0.056744 -0.221418 0.03882 -0.022365 0.546592 -0.288399 -0.005186 0 -0.208546366 0.546867168 -0.02879693 -0.06641604 -0.06641604 -0.06641604 -0.06641604 -0.208546366 -0.546867168 0.02879693 -0.06641604 0.06641604 -0.06641604 0.06641604 0 0
-0.116687 -0.034044 0.038948 0.207483 -0.094773 0.057287 -0.237665 0.039759 -0.017716 0.595318 -0.308331 -0.006368 0 -0.200676692 0.54887218 -0.027870428 -0.063909774 -0.063909774 -0.063909774 -0.063909774 -0.200676692 -0.54887218 0.027870428 -0.063909774 0.063909774 -0.063909774 0.063909774 0 0
-0.111294 -0.035021 0.039234 0.196899 -0.08881 0.057753 -0.251575 0.040266 -0.014015 0.639945 -0.321294 -0.006564 0 -0.192807018 0.550877193 -0.026931363 -0.061403509 -0.061403509 -0.061403509 -0.061403509 -0.192807018 -0.550877193 0.026931363 -0.061403509 0.061403509 -0.061403509 0.061403509 0 0
-0.10645 -0.035987 0.039489 0.188005 -0.083857 0.058121 -0.263099 0.04042 -0.01103 0.679341 -0.331497 -0.006314 0 -0.184937343 0.552882206 -0.025979736 -0.058897243 -0.058897243 -0.058897243 -0.058897243 -0.184937343 -0.552882206 0.025979736 -0.058897243 0.058897243 -0.058897243 0.058897243 0 0
-0.102345 -0.036858 0.039669 0.180972 -0.079963 0.058299 -0.272151 0.040171 -0.008834 0.712553 -0.342011 -0.005887 0 -0.177067669 0.554887218 -0.025015546 -0.056390977 -0.056390977 -0.056390977 -0.056390977 -0.177067669 -0.554887218 0.025015546 -0.056390977 0.056390977 -0.056390977 0.056390977 0 0
-0.099023 -0.037617 0.039817 0.175805 -0.077187 0.058514 -0.278721 0.039455 -0.007362 0.73902 -0.354615 -0.005426 0 -0.169197995 0.556892231 -0.024038794 -0.053884712 -0.053884712 -0.053884712 -0.053884712 -0.169197995 -0.556892231 0.024038794 -0.053884712 0.053884712 -0.053884712 0.053884712 0 0
-0.096454 -0.038265 0.039932 0.172332 -0.075399 0.058644 -0.282883 0.038228 -0.006517 0.758484 -0.36971 -0.005 0 -0.161328321 0.558897243 -0.023049478 -0.051378446 -0.051378446 -0.051378446 -0.051378446 -0.161328321 -0.558897243 0.023049478 -0.051378446 0.051378446 -0.051378446 0.051378446 0 0
-0.094621 -0.038828 0.040022 0.170386 -0.074501 0.058735 -0.284769 0.036491 -0.006137 0.770816 -0.386782 -0.00464 0 -0.153458647 0.560902256 -0.0220476 -0.04887218 -0.04887218 -0.04887218 -0.04887218 -0.153458647 -0.560902256 0.0220476 -0.04887218 0.04887218 -0.04887218 0.04887218 0 0
-0.093481 -0.039337 0.040083 0.169758 -0.074354 0.05879 -0.284542 0.034294 -0.006059 0.776079 -0.404878 -0.004354 0 -0.145588972 0.562907268 -0.021033159 -0.046365915 -0.046365915 -0.046365915 -0.046365915 -0.145588972 -0.562907268 0.021033159 -0.046365915 0.046365915 -0.046365915 0.046365915 0 0
-0.092971 -0.039804 0.040095 0.170237 -0.074853 0.058606 -0.282351 0.031724 -0.006189 0.774439 -0.422998 -0.004145 0 -0.137719298 0.564912281 -0.020006156 -0.043859649 -0.043859649 -0.043859649 -0.043859649 -0.137719298 -0.564912281 0.020006156 -0.043859649 0.043859649 -0.043859649 0.043859649 0 0
-0.093016 -0.04023 0.040003 0.171686 -0.07593 0.05861 -0.278129 0.029004 -0.00627 0.765456 -0.4393 -0.004057 0 -0.129849624 0.566917293 -0.018966589 -0.041353383 -0.041353383 -0.041353383 -0.041353383 -0.129849624 -0.566917293 0.018966589 -0.041353383 0.041353383 -0.041353383 0.041353383 0 0
-0.09358 -0.04058 0.039766 0.174047 -0.077468 0.05841 -0.271754 0.026355 -0.006067 0.74855 -0.451945 -0.004089 0 -0.12197995 0.568922306 -0.01791446 -0.038847118 -0.038847118 -0.038847118 -0.038847118 -0.12197995 -0.568922306 0.01791446 -0.038847118 0.038847118 -0.038847118 0.038847118 0 0
-0.094661 -0.040854 0.039413 0.177391 -0.07961 0.058142 -0.263181 0.02397 -0.005447 0.723481 -0.459847 -0.004198 0 -0.114110276 0.570927318 -0.016849769 -0.036340852 -0.036340852 -0.036340852 -0.036340852 -0.114110276 -0.570927318 0.016849769 -0.036340852 0.036340852 -0.036340852 0.036340852 0 0
-0.096276 -0.04107 0.039024 0.181784 -0.082377 0.057714 -0.252626 0.021932 -0.004531 0.690981 -0.462174 -0.004363 0 -0.106240602 0.572932331 -0.015772514 -0.033834586 -0.033834586 -0.033834586 -0.033834586 -0.106240602 -0.572932331 0.015772514 -0.033834586 0.033834586 -0.033834586 0.033834586 0 0
-0.098365 -0.041225 0.038631 0.187218 -0.085729 0.057098 -0.240305 0.020319 -0.003617 0.652136 -0.458112 -0.004543 0 -0.098370927 0.574937343 -0.014682697 -0.031328321 -0.031328321 -0.031328321 -0.031328321 -0.098370927 -0.574937343 0.014682697 -0.031328321 0.031328321 -0.031328321 0.031328321 0 0
-0.100923 -0.04129 0.038194 0.193776 -0.089774 0.056323 -0.226485 0.019184 -0.003257 0.608195 -0.446633 -0.004608 0 -0.090501253 0.576942356 -0.013580317 -0.028822055 -0.028822055 -0.028822055 -0.028822055 -0.090501253 -0.576942356 0.013580317 -0.028822055 0.028822055 -0.028822055 0.028822055 0 0
-0.103974 -0.041216 0.037708 0.201503 -0.094488 0.055376 -0.21154 0.018598 -0.003971 0.560538 -0.426751 -0.004663 0 -0.082631579 0.578947368 -0.012465374 -0.026315789 -0.026315789 -0.026315789 -0.026315789 -0.082631579 -0.578947368 0.012465374 -0.026315789 0.026315789 -0.026315789 0.026315789 0 0
-0.107605 -0.041008 0.037192 0.210535 -0.099929 0.054279 -0.19593 0.018533 -0.006263 0.510707 -0.398263 -0.005124 0 -0.074761905 0.580952381 -0.011337868 -0.023809524 -0.023809524 -0.023809524 -0.023809524 -0.074761905 -0.580952381 0.011337868 -0.023809524 0.023809524 -0.023809524 0.023809524 0 0
-0.111984 -0.040766 0.036836 0.221102 -0.106237 0.053008 -0.180563 0.018838 -0.010462 0.46178 -0.364038 -0.006216 0 -0.066892231 0.582957393 -0.0101978 -0.021303258 -0.021303258 -0.021303258 -0.021303258 -0.066892231 -0.582957393 0.0101978 -0.021303258 0.021303258 -0.021303258 0.021303258 0 0
-0.117173 -0.040721 0.036784 0.233277 -0.113365 0.051644 -0.166186 0.019263 -0.016238 0.416799 -0.329064 -0.007718 0 -0.059022556 0.584962406 -0.009045169 -0.018796992 -0.018796992 -0.018796992 -0.018796992 -0.059022556 -0.584962406 0.009045169 -0.018796992 0.018796992 -0.018796992 0.018796992 0 0
-0.123136 -0.04137 0.03694 0.246869 -0.121173 0.050307 -0.153184 0.019006 -0.024144 0.377862 -0.301977 -0.008912 0 -0.051152882 0.586967419 -0.007879976 -0.016290727 -0.016290727 -0.016290727 -0.016290727 -0.051152882 -0.586967419 0.007879976 -0.016290727 0.016290727 -0.016290727 0.016290727 0 0
-0.129486 -0.042702 0.037697 0.260802 -0.129041 0.049294 -0.143314 0.018766 -0.029385 0.349443 -0.27503 -0.027938 0 -0.043283208 0.588972431 -0.006702219 -0.013784461 -0.013784461 -0.013784461 -0.013784461 -0.043283208 -0.588972431 0.006702219 -0.013784461 0.013784461 -0.013784461 0.013784461 0 0
-0.134592 -0.041735 0.03969 0.27131 -0.134977 0.048371 -0.143115 0.019506 -0.028284 0.341788 -0.244608 -0.029107 0 -0.035413534 0.590977444 -0.0055119 -0.011278195 -0.011278195 -0.011278195 -0.011278195 -0.035413534 -0.590977444 0.0055119 -0.011278195 0.011278195 -0.011278195 0.011278195 0 0
-0.136967 -0.040979 0.040178 0.277202 -0.138367 0.04729 -0.144269 0.020046 -0.028206 0.343236 -0.238572 -0.029352 0 -0.02754386 0.592982456 -0.004309018 -0.00877193 -0.00877193 -0.00877193 -0.00877193 -0.02754386 -0.592982456 0.004309018 -0.00877193 0.00877193 -0.00877193 0.00877193 0 0
-0.137181 -0.041074 0.040034 0.279027 -0.139746 0.045697 -0.144205 0.019864 -0.028432 0.342878 -0.230372 -0.030612 0 -0.019674185 0.594987469 -0.003093574 -0.006265664 -0.006265664 -0.006265664 -0.006265664 -0.019674185 -0.594987469 0.003093574 -0.006265664 0.006265664 -0.006265664 0.006265664 0 0
-0.136434 -0.041889 0.040074 0.278277 -0.139807 0.044422 -0.143817 0.018944 -0.028796 0.340617 -0.217942 -0.031583 0 -0.011804511 0.596992481 -0.001865566 -0.003759398 -0.003759398 -0.003759398 -0.003759398 -0.011804511 -0.596992481 0.001865566 -0.003759398 0.003759398 -0.003759398 0.003759398 0 0
-0.135314 -0.043054 0.04057 0.27612 -0.139099 0.043118 -0.143589 0.017721 -0.028477 0.337638 -0.20349 -0.032634 0 -0.003934837 0.598997494 -0.000624996 -0.001253133 -0.001253133 -0.001253133 -0.001253133 -0.003934837 -0.598997494 0.000624996 -0.001253133 0.001253133 -0.001253133 0.001253133 0 0
-0.134981 -0.044037 0.041096 0.274997 -0.139013 0.041593 -0.144151 0.016622 -0.02833 0.335823 -0.190811 -0.033705 0 0.003934837 0.601002506 0.000628137 0.001253133 0.001253133 0.001253133 0.001253133 0.003934837 -0.601002506 -0.000628137 0.001253133 -0.001253133 0.001253133 -0.001253133 0 0
-0.134792 -0.043493 0.041527 0.27448 -0.139247 0.040325 -0.145556 0.017159 -0.02795 0.338211 -0.191488 -0.035142 0 0.011804511 0.603007519 0.001893832 0.003759398 0.003759398 0.003759398 0.003759398 0.011804511 -0.603007519 -0.001893832 0.003759398 -0.003759398 0.003759398 -0.003759398 0 0
-0.134096 -0.042429 0.041362 0.273597 -0.139301 0.038914 -0.144683 0.018316 -0.027996 0.33686 -0.191596 -0.0371 0 0.019674185 0.605012531 0.003172091 0.006265664 0.006265664 0.006265664 0.006265664 0.019674185 -0.605012531 -0.003172091 0.006265664 -0.006265664 0.006265664 -0.006265664 0 0
-0.134062 -0.040604 0.041151 0.273644 -0.139871 0.036418 -0.143408 0.020142 -0.028123 0.333854 -0.190478 -0.038805 0 0.02754386 0.607017544 0.004462912 0.00877193 0.00877193 0.00877193 0.00877193 0.02754386 -0.607017544 -0.004462912 0.00877193 -0.00877193 0.00877193 -0.00877193 0 0
-0.134919 -0.038128 0.040873 0.275506 -0.141363 0.031087 -0.141304 0.022421 -0.028315 0.328746 -0.188147 -0.040435 0 0.035413534 0.609022556 0.005766295 0.011278195 0.011278195 0.011278195 0.011278195 0.035413534 -0.609022556 -0.005766295 0.011278195 -0.011278195 0.011278195 -0.011278195 0 0
-0.137533 -0.036125 0.04058 0.280105 -0.140144 0.031978 -0.138189 0.024548 -0.028778 0.321302 -0.184498 -0.042042 0 0.043283208 0.611027569 0.007082242 0.013784461 0.013784461 0.013784461 0.013784461 0.043283208 -0.611027569 -0.007082242 0.013784461 -0.013784461 0.013784461 -0.013784461 0 0
-0.142804 -0.034429 0.040145 0.289633 -0.137741 0.03256 -0.133777 0.026251 -0.029495 0.311018 -0.179221 -0.043491 0 0.051152882 0.613032581 0.008410751 0.016290727 0.016290727 0.016290727 0.016290727 0.051152882 -0.613032581 -0.008410751 0.016290727 -0.016290727 0.016290727 -0.016290727 0 0
-0.15071 -0.033226 0.03982 0.304116 -0.133914 0.03148 -0.128121 0.027269 -0.030223 0.298061 -0.17236 -0.044934 0 0.059022556 0.615037594 0.009751823 0.018796992 0.018796992 0.018796992 0.018796992 0.059022556 -0.615037594 -0.009751823 0.018796992 -0.018796992 0.018796992 -0.018796992 0 0
-0.161411 -0.032685 0.039323 0.323564 -0.127968 0.029891 -0.121484 0.027536 -0.03128 0.282998 -0.164295 -0.046336 0 0.066892231 0.617042607 0.011105458 0.021303258 0.021303258 0.021303258 0.021303258 0.066892231 -0.617042607 -0.011105458 0.021303258 -0.021303258 0.021303258 -0.021303258 0 0
-0.17475 -0.03301 0.03341 0.350464 -0.126971 0.011574 -0.114512 0.027698 -0.032305 0.267164 -0.155694 -0.047576 0 0.074761905 0.619047619 0.012471655 0.023809524 0.023809524 0.023809524 0.023809524 0.074761905 -0.619047619 -0.012471655 0.023809524 -0.023809524 0.023809524 -0.023809524 0 0
-0.189815 -0.03475 0.025008 0.386402 -0.159651 0.005192 -0.108182 0.028073 -0.032651 0.252526 -0.147489 -0.048624 0 0.082631579 0.621052632 0.013850416 0.026315789 0.026315789 0.026315789 0.026315789 0.082631579 -0.621052632 -0.013850416 0.026315789 -0.026315789 0.026315789 -0.026315789 0 0
-0.207124 -0.036663 0.019148 0.431843 -0.20349 0.001785 -0.103027 0.02866 -0.032993 0.239902 -0.140332 -0.049832 0 0.090501253 0.623057644 0.015241738 0.028822055 0.028822055 0.028822055 0.028822055 0.090501253 -0.623057644 -0.015241738 0.028822055 -0.028822055 0.028822055 -0.028822055 0 0
-0.225161 -0.0381 0.016887 0.482955 -0.239539 0.000786 -0.098249 0.02952 -0.033447 0.228721 -0.13397 -0.050751 0 0.098370927 0.625062657 0.016645624 0.031328321 0.031328321 0.031328321 0.031328321 0.098370927 -0.625062657 -0.016645624 0.031328321 -0.031328321 0.031328321 -0.031328321 0 0
-0.241883 -0.03951 0.01542 0.533498 -0.265547 0.000478 -0.093564 0.030512 -0.033746 0.218774 -0.128341 -0.051567 0 0.106240602 0.627067669 0.018062072 0.033834586 0.033834586 0.033834586 0.033834586 0.106240602 -0.627067669 -0.018062072 0.033834586 -0.033834586 0.033834586 -0.033834586 0 0
-0.257129 -0.040966 0.013884 0.58105 -0.285038 0.000285 -0.089499 0.031531 -0.034037 0.210408 -0.123646 -0.052322 0 0.114110276 0.629072682 0.019491084 0.036340852 0.036340852 0.036340852 0.036340852 0.114110276 -0.629072682 -0.019491084 0.036340852 -0.036340852 0.036340852 -0.036340852 0 0
-0.270525 -0.042389 0.012366 0.623686 -0.300092 0.000146 -0.086279 0.032481 -0.034274 0.203884 -0.120001 -0.052782 0 0.12197995 0.631077694 0.020932657 0.038847118 0.038847118 0.038847118 0.038847118 0.12197995 -0.631077694 -0.020932657 0.038847118 -0.038847118 0.038847118 -0.038847118 0 0
-0.281789 -0.043606 0.011044 0.660173 -0.313253 0.000035 -0.08401 0.033363 -0.034456 0.199356 -0.117446 -0.053215 0 0.129849624 0.633082707 0.022386794 0.041353383 0.041353383 0.041353383 0.041353383 0.129849624 -0.633082707 -0.022386794 0.041353383 -0.041353383 0.041353383 -0.041353383 0 0
-0.290929 -0.044415 0.010159 0.69036 -0.326925 -0.000158 -0.082648 0.034195 -0.034634 0.19673 -0.116033 -0.053624 0 0.137719298 0.635087719 0.023853493 0.043859649 0.043859649 0.043859649 0.043859649 0.137719298 -0.635087719 -0.023853493 0.043859649 -0.043859649 0.043859649 -0.043859649 0 0
-0.297928 -0.044714 0.009701 0.71419 -0.342303 -0.000441 -0.082105 0.035001 -0.034833 0.195874 -0.115638 -0.053949 0 0.145588972 0.637092732 0.025332755 0.046365915 0.046365915 0.046365915 0.046365915 0.145588972 -0.637092732 -0.025332755 0.046365915 -0.046365915 0.046365915 -0.046365915 0 0
-0.302814 -0.044511 0.009546 0.731667 -0.359638 -0.000805 -0.082289 0.035783 -0.035047 0.196624 -0.116165 -0.054203 0 0.153458647 0.639097744 0.02682458 0.04887218 0.04887218 0.04887218 0.04887218 0.153458647 -0.639097744 -0.02682458 0.04887218 -0.04887218 0.04887218 -0.04887218 0 0
-0.305584 -0.043882 0.009585 0.742647 -0.378308 -0.001253 -0.083114 0.036521 -0.035236 0.198824 -0.117524 -0.054399 0 0.161328321 0.641102757 0.028328968 0.051378446 0.051378446 0.051378446 0.051378446 0.161328321 -0.641102757 -0.028328968 0.051378446 -0.051378446 0.051378446 -0.051378446 0 0
-0.306108 -0.042972 0.009693 0.746495 -0.396946 -0.001774 -0.08453 0.037153 -0.035316 0.202408 -0.119714 -0.054543 0 0.169197995 0.643107769 0.029845918 0.053884712 0.053884712 0.053884712 0.053884712 0.169197995 -0.643107769 -0.029845918 0.053884712 -0.053884712 0.053884712 -0.053884712 0 0
-0.304171 -0.041903 0.009775 0.742176 -0.413678 -0.002344 -0.086498 0.037629 -0.035247 0.207293 -0.122616 -0.054597 0 0.177067669 0.645112782 0.031375431 0.056390977 0.056390977 0.056390977 0.056390977 0.177067669 -0.645112782 -0.031375431 0.056390977 -0.056390977 0.056390977 -0.056390977 0 0
-0.299863 -0.040642 0.009961 0.729582 -0.427653 -0.002928 -0.088977 0.037978 -0.035093 0.213341 -0.126199 -0.054499 0 0.184937343 0.647117794 0.032917507 0.058897243 0.058897243 0.058897243 0.058897243 0.184937343 -0.647117794 -0.032917507 0.058897243 -0.058897243 0.058897243 -0.058897243 0 0
-0.2933 -0.039139 0.010521 0.708916 -0.437892 -0.00344 -0.091913 0.038259 -0.034883 0.220426 -0.13041 -0.054419 0 0.192807018 0.649122807 0.034472145 0.061403509 0.061403509 0.061403509 0.061403509 0.192807018 -0.649122807 -0.034472145 0.061403509 -0.061403509 0.061403509 -0.061403509 0 0
-0.284569 -0.037414 0.011803 0.68049 -0.442824 -0.003722 -0.095263 0.038471 -0.034628 0.228511 -0.13523 -0.054314 0 0.200676692 0.65112782 0.036039346 0.063909774 0.063909774 0.063909774 0.063909774 0.200676692 -0.65112782 -0.036039346 0.063909774 -0.063909774 0.063909774 -0.063909774 0 0
-0.273836 -0.03551 0.014261 0.644981 -0.440887 -0.003631 -0.09901 0.0386 -0.034336 0.237615 -0.140667 -0.05409 0 0.208546366 0.653132832 0.03761911 0.06641604 0.06641604 0.06641604 0.06641604 0.208546366 -0.653132832 -0.03761911 0.06641604 -0.06641604 0.06641604 -0.06641604 0 0
-0.261338 -0.033571 0.018106 0.603388 -0.430614 -0.003099 -0.103132 0.038627 -0.034033 0.247746 -0.146727 -0.053734 0 0.21641604 0.655137845 0.039211437 0.068922306 0.068922306 0.068922306 0.068922306 0.21641604 -0.655137845 -0.039211437 0.068922306 -0.068922306 0.068922306 -0.068922306 0 0
-0.247394 -0.031757 0.023346 0.556945 -0.409896 -0.002105 -0.107661 0.038568 -0.033725 0.258986 -0.153494 -0.053293 0 0.224285714 0.657142857 0.040816327 0.071428571 0.071428571 0.071428571 0.071428571 0.224285714 -0.657142857 -0.040816327 0.071428571 -0.071428571 0.071428571 -0.071428571 0 0
-0.232347 -0.030172 0.029564 0.507102 -0.377795 -0.000789 -0.112698 0.038519 -0.033379 0.271486 -0.160937 -0.052648 0 0.232155388 0.65914787 0.042433779 0.073934837 0.073934837 0.073934837 0.073934837 0.232155388 -0.65914787 -0.042433779 0.073934837 -0.073934837 0.073934837 -0.073934837 0 0
-0.216963 -0.028684 0.035736 0.457205 -0.34132 -0.000153 -0.118408 0.038829 -0.032992 0.285449 -0.169159 -0.051914 0 0.240025063 0.661152882 0.044063794 0.076441103 0.076441103 0.076441103 0.076441103 0.240025063 -0.661152882 -0.044063794 0.076441103 -0.076441103 0.076441103 -0.076441103 0 0
-0.201854 -0.026744 0.039969 0.411713 -0.325809 -0.003671 -0.124738 0.040215 -0.032389 0.30063 -0.177939 -0.05115 0 0.247894737 0.663157895 0.045706371 0.078947368 0.078947368 0.078947368 0.078947368 0.247894737 -0.663157895 -0.045706371 0.078947368 -0.078947368 0.078947368 -0.078947368 0 0
-0.193003 -0.028221 0.042393 0.386649 -0.285628 0.037807 -0.1309 0.040601 -0.032923 0.314916 -0.186181 -0.050035 0 0.255764411 0.665162907 0.047361512 0.081453634 0.081453634 0.081453634 0.081453634 0.255764411 -0.665162907 -0.047361512 0.081453634 -0.081453634 0.081453634 -0.081453634 0 0
-0.189238 -0.029385 0.042183 0.373634 -0.250773 0.038402 -0.133983 0.03926 -0.034184 0.323488 -0.191555 -0.049173 0 0.263634085 0.66716792 0.049029215 0.0839599 0.0839599 0.0839599 0.0839599 0.263634085 -0.66716792 -0.049029215 0.0839599 -0.0839599 0.0839599 -0.0839599 0 0
-0.185625 -0.03007 0.04183 0.364476 -0.229508 0.038917 -0.134207 0.038531 -0.034491 0.326512 -0.193759 -0.047841 0 0.271503759 0.669172932 0.05070948 0.086466165 0.086466165 0.086466165 0.086466165 0.271503759 -0.669172932 -0.05070948 0.086466165 -0.086466165 0.086466165 -0.086466165 0 0
-0.182604 -0.029893 0.041639 0.356895 -0.21232 0.039689 -0.132979 0.038711 -0.034669 0.325736 -0.194049 -0.046831 0 0.279373434 0.671177945 0.052402309 0.088972431 0.088972431 0.088972431 0.088972431 0.279373434 -0.671177945 -0.052402309 0.088972431 -0.088972431 0.088972431 -0.088972431 0 0
-0.180642 -0.029113 0.041112 0.350958 -0.197022 0.040258 -0.131415 0.039528 -0.035186 0.323444 -0.193484 -0.046283 0 0.287243108 0.673182957 0.0541077 0.091478697 0.091478697 0.091478697 0.091478697 0.287243108 -0.673182957 -0.0541077 0.091478697 -0.091478697 0.091478697 -0.091478697 0 0
-0.179742 -0.02795 0.040281 0.346838 -0.183163 0.040833 -0.129981 0.040712 -0.036143 0.321027 -0.192887 -0.045725 0 0.295112782 0.67518797 0.055825654 0.093984962 0.093984962 0.093984962 0.093984962 0.295112782 -0.67518797 -0.055825654 0.093984962 -0.093984962 0.093984962 -0.093984962 0 0
-0.179741 -0.026632 0.039351 0.344612 -0.171283 0.041425 -0.128886 0.042017 -0.037287 0.319158 -0.192601 -0.04511 0 0.302982456 0.677192982 0.057556171 0.096491228 0.096491228 0.096491228 0.096491228 0.302982456 -0.677192982 -0.057556171 0.096491228 -0.096491228 0.096491228 -0.096491228 0 0
-0.180957 -0.025768 0.038234 0.346119 -0.167991 0.040831 -0.128095 0.04278 -0.0386 0.31779 -0.192546 -0.043979 0 0.31085213 0.679197995 0.059299251 0.098997494 0.098997494 0.098997494 0.098997494 0.31085213 -0.679197995 -0.059299251 0.098997494 -0.098997494 0.098997494 -0.098997494 0 0
-0.180956 -0.025781 0.037463 0.347731 -0.169517 0.04201 -0.126071 0.042894 -0.039103 0.315244 -0.191973 -0.043147 0 0.318721805 0.681203008 0.061054893 0.101503759 0.101503759 0.101503759 0.101503759 0.318721805 -0.681203008 -0.061054893 0.101503759 -0.101503759 0.101503759 -0.101503759 0 0
-0.180109 -0.026092 0.037317 0.347689 -0.170232 0.043411 -0.124248 0.042633 -0.039045 0.313096 -0.191467 -0.041508 0 0.326591479 0.68320802 0.062823098 0.104010025 0.104010025 0.104010025 0.104010025 0.326591479 -0.68320802 -0.062823098 0.104010025 -0.104010025 0.104010025 -0.104010025 0 0
-0.178804 -0.026882 0.037421 0.346206 -0.170144 0.044769 -0.122717 0.041889 -0.038845 0.311188 -0.191117 -0.039864 0 0.334461153 0.685213033 0.064603866 0.106516291 0.106516291 0.106516291 0.106516291 0.334461153 -0.685213033 -0.064603866 0.106516291 -0.106516291 0.106516291 -0.106516291 0 0
-0.17701 -0.028004 0.037653 0.343319 -0.169295 0.046139 -0.121611 0.040736 -0.038499 0.309903 -0.191071 -0.036929 0 0.342330827 0.687218045 0.066397196 0.109022556 0.109022556 0.109022556 0.109022556 0.342330827 -0.687218045 -0.066397196 0.109022556 -0.109022556 0.109022556 -0.109022556 0 0
-0.174624 -0.029466 0.037944 0.338855 -0.167534 0.047468 -0.121311 0.039042 -0.03809 0.310229 -0.191916 -0.031003 0 0.350200501 0.689223058 0.068203089 0.111528822 0.111528822 0.111528822 0.111528822 0.350200501 -0.689223058 -0.068203089 0.111528822 -0.111528822 0.111528822 -0.111528822 0 0
-0.171511 -0.03105 0.038197 0.332638 -0.164672 0.048803 -0.122455 0.036816 -0.037754 0.313652 -0.19398 -0.019233 0 0.358070175 0.69122807 0.070021545 0.114035088 0.114035088 0.114035088 0.114035088 0.358070175 -0.69122807 -0.070021545 0.114035088 -0.114035088 0.114035088 -0.114035088 0 0
-0.167486 -0.032282 0.038398 0.324277 -0.16047 0.050058 -0.126018 0.034805 -0.037577 0.32162 -0.194986 -0.006685 0 0.36593985 0.693233083 0.071852564 0.116541353 0.116541353 0.116541353 0.116541353 0.36593985 -0.693233083 -0.071852564 0.116541353 -0.116541353 0.116541353 -0.116541353 0 0
-0.162304 -0.032818 0.038403 0.313266 -0.154658 0.051239 -0.132367 0.03358 -0.037777 0.334489 -0.192904 0.002898 0 0.373809524 0.695238095 0.073696145 0.119047619 0.119047619 0.119047619 0.119047619 0.373809524 -0.695238095 -0.073696145 0.119047619 -0.119047619 0.119047619 -0.119047619 0 0
-0.155874 -0.032569 0.038263 0.299362 -0.147098 0.052374 -0.141454 0.033286 -0.038235 0.351931 -0.187077 0.008863 0 0.381679198 0.697243108 0.075552289 0.121553885 0.121553885 0.121553885 0.121553885 0.381679198 -0.697243108 -0.075552289 0.121553885 -0.121553885 0.121553885 -0.121553885 0 0
-0.148378 -0.031819 0.038137 0.28287 -0.138017 0.053406 -0.153154 0.03337 -0.038681 0.374017 -0.179393 0.016146 0 0.389548872 0.69924812 0.077420996 0.12406015 0.12406015 0.12406015 0.12406015 0.389548872 -0.69924812 -0.077420996 0.12406015 -0.12406015 0.12406015 -0.12406015 0 0
-0.14053 -0.031432 0.038121 0.265132 -0.128131 0.054261 -0.167617 0.033245 -0.03911 0.403426 -0.172475 0.023598 0 0.397418546 0.701253133 0.079302266 0.126566416 0.126566416 0.126566416 0.126566416 0.397418546 -0.701253133 -0.079302266 0.126566416 -0.126566416 0.126566416 -0.126566416 0 0
-0.133356 -0.031696 0.03839 0.248145 -0.11855 0.055074 -0.184961 0.034087 -0.035541 0.445673 -0.209403 0.009191 0 0.405288221 0.703258145 0.081196098 0.129072682 0.129072682 0.129072682 0.129072682 0.405288221 -0.703258145 -0.081196098 0.129072682 -0.129072682 0.129072682 -0.129072682 0 0
-0.12737 -0.032064 0.038968 0.233264 -0.110084 0.055824 -0.203871 0.035949 -0.028292 0.495337 -0.254626 0.003774 0 0.413157895 0.705263158 0.083102493 0.131578947 0.131578947 0.131578947 0.131578947 0.413157895 -0.705263158 -0.083102493 0.131578947 -0.131578947 0.131578947 -0.131578947 0 0
-0.121789 -0.032675 0.039467 0.220123 -0.102563 0.056416 -0.222044 0.037511 -0.022264 0.546535 -0.286625 0.001169 0 0.421027569 0.70726817 0.085021451 0.134085213 0.134085213 0.134085213 0.134085213 0.421027569 -0.70726817 -0.085021451 0.134085213 -0.134085213 0.134085213 -0.134085213 0 0
-0.116167 -0.033564 0.039802 0.208241 -0.095817 0.056954 -0.238162 0.03856 -0.017528 0.595576 -0.306472 -0.000307 0 0.428897243 0.709273183 0.086952971 0.136591479 0.136591479 0.136591479 0.136591479 0.428897243 -0.709273183 -0.086952971 0.136591479 -0.136591479 0.136591479 -0.136591479 0 0
-0.110847 -0.034538 0.040085 0.197822 -0.08997 0.057408 -0.252015 0.039233 -0.013737 0.640537 -0.319542 -0.001261 0 0.436766917 0.711278195 0.088897055 0.139097744 0.139097744 0.139097744 0.139097744 0.436766917 -0.711278195 -0.088897055 0.139097744 -0.139097744 0.139097744 -0.139097744 0 0
-0.106058 -0.035509 0.040326 0.189011 -0.085087 0.057753 -0.2635 0.039507 -0.010825 0.680213 -0.330031 -0.001789 0 0.444636591 0.713283208 0.090853701 0.14160401 0.14160401 0.14160401 0.14160401 0.444636591 -0.713283208 -0.090853701 0.14160401 -0.14160401 0.14160401 -0.14160401 0 0
-0.101995 -0.036394 0.04049 0.182006 -0.081232 0.057938 -0.272513 0.039358 -0.00871 0.713609 -0.340827 -0.002021 0 0.452506266 0.715288221 0.092822909 0.144110276 0.144110276 0.144110276 0.144110276 0.452506266 -0.715288221 -0.092822909 0.144110276 -0.144110276 0.144110276 -0.144110276 0 0
-0.098711 -0.037156 0.040619 0.176852 -0.078489 0.058092 -0.279038 0.038746 -0.007298 0.74016 -0.353674 -0.002127 0 0.46037594 0.717293233 0.094804681 0.146616541 0.146616541 0.146616541 0.146616541 0.46037594 -0.717293233 -0.094804681 0.146616541 -0.146616541 0.146616541 -0.146616541 0 0
-0.096174 -0.037812 0.040719 0.173389 -0.07673 0.058224 -0.283145 0.037607 -0.006504 0.759619 -0.368989 -0.002188 0 0.468245614 0.719298246 0.096799015 0.149122807 0.149122807 0.149122807 0.149122807 0.468245614 -0.719298246 -0.096799015 0.149122807 -0.149122807 0.149122807 -0.149122807 0 0
-0.094362 -0.038383 0.040789 0.171442 -0.075855 0.058316 -0.284968 0.035943 -0.006173 0.771882 -0.386255 -0.002245 0 0.476115288 0.721303258 0.098805912 0.151629073 0.151629073 0.151629073 0.151629073 0.476115288 -0.721303258 -0.098805912 0.151629073 -0.151629073 0.151629073 -0.151629073 0 0
-0.093237 -0.0389 0.040836 0.170806 -0.075727 0.058341 -0.284684 0.033803 -0.006138 0.777035 -0.404523 -0.002313 0 0.483984962 0.723308271 0.100825372 0.154135338 0.154135338 0.154135338 0.154135338 0.483984962 -0.723308271 -0.100825372 0.154135338 -0.154135338 0.154135338 -0.154135338 0 0
-0.092738 -0.03938 0.040843 0.171289 -0.076295 0.058231 -0.282445 0.031278 -0.006294 0.77527 -0.422792 -0.002406 0 0.491854637 0.725313283 0.102857394 0.156641604 0.156641604 0.156641604 0.156641604 0.491854637 -0.725313283 -0.102857394 0.156641604 -0.156641604 0.156641604 -0.156641604 0 0
-0.092786 -0.039822 0.040736 0.172696 -0.077288 0.058135 -0.278192 0.028569 -0.006414 0.766178 -0.439203 -0.002578 0 0.499724311 0.727318296 0.104901979 0.15914787 0.15914787 0.15914787 0.15914787 0.499724311 -0.727318296 -0.104901979 0.15914787 -0.15914787 0.15914787 -0.15914787 0 0
-0.093362 -0.040186 0.040498 0.175071 -0.078892 0.057989 -0.271793 0.025947 -0.006191 0.749144 -0.451906 -0.002827 0 0.507593985 0.729323308 0.106959127 0.161654135 0.161654135 0.161654135 0.161654135 0.507593985 -0.729323308 -0.106959127 0.161654135 -0.161654135 0.161654135 -0.161654135 0 0
-0.094457 -0.040451 0.040142 0.178436 -0.08108 0.057584 -0.263203 0.023591 -0.005546 0.723938 -0.459841 -0.003121 0 0.515463659 0.731328321 0.109028838 0.164160401 0.164160401 0.164160401 0.164160401 0.515463659 -0.731328321 -0.109028838 0.164160401 -0.164160401 0.164160401 -0.164160401 0 0
-0.096087 -0.040659 0.039754 0.182847 -0.083842 0.057152 -0.252637 0.021581 -0.004596 0.69128 -0.462193 -0.003442 0 0.523333333 0.733333333 0.111111111 0.166666667 0.166666667 0.166666667 0.166666667 0.523333333 -0.733333333 -0.111111111 0.166666667 -0.166666667 0.166666667 -0.166666667 0 0
-0.098208 -0.04081 0.039349 0.188344 -0.087278 0.056553 -0.240315 0.01997 -0.00368 0.652266 -0.45814 -0.003764 0 0.531203008 0.735338346 0.113205947 0.169172932 0.169172932 0.169172932 0.169172932 0.531203008 -0.735338346 -0.113205947 0.169172932 -0.169172932 0.169172932 -0.169172932 0 0
-0.100802 -0.040861 0.038896 0.194975 -0.091419 0.055748 -0.226504 0.018825 -0.003349 0.608153 -0.446634 -0.003951 0 0.539072682 0.737343358 0.115313346 0.171679198 0.171679198 0.171679198 0.171679198 0.539072682 -0.737343358 -0.115313346 0.171679198 -0.171679198 0.171679198 -0.171679198 0 0
-0.103897 -0.04076 0.038398 0.202787 -0.096192 0.054769 -0.211577 0.018229 -0.004111 0.560318 -0.426681 -0.004112 0 0.546942356 0.739348371 0.117433308 0.174185464 0.174185464 0.174185464 0.174185464 0.546942356 -0.739348371 -0.117433308 0.174185464 -0.174185464 0.174185464 -0.174185464 0 0
-0.107567 -0.040514 0.037876 0.21191 -0.101696 0.053622 -0.195996 0.018161 -0.006465 0.510336 -0.398073 -0.004658 0 0.55481203 0.741353383 0.119565832 0.176691729 0.176691729 0.176691729 0.176691729 0.55481203 -0.741353383 -0.119565832 0.176691729 -0.176691729 0.176691729 -0.176691729 0 0
-0.11198 -0.040236 0.03752 0.222566 -0.108033 0.052366 -0.180669 0.018461 -0.010708 0.4613 -0.363709 -0.005813 0 0.562681704 0.743358396 0.121710919 0.179197995 0.179197995 0.179197995 0.179197995 0.562681704 -0.743358396 -0.121710919 0.179197995 -0.179197995 0.179197995 -0.179197995 0 0
-0.117203 -0.04017 0.037462 0.234841 -0.115222 0.051008 -0.166344 0.018864 -0.016508 0.416262 -0.328689 -0.00734 0 0.570551378 0.745363409 0.123868569 0.181704261 0.181704261 0.181704261 0.181704261 0.570551378 -0.745363409 -0.123868569 0.181704261 -0.181704261 0.181704261 -0.181704261 0 0
-0.123198 -0.04083 0.037606 0.248527 -0.123097 0.04967 -0.153408 0.01854 -0.02445 0.377356 -0.302011 -0.008474 0 0.578421053 0.747368421 0.126038781 0.184210526 0.184210526 0.184210526 0.184210526 0.578421053 -0.747368421 -0.126038781 0.184210526 -0.184210526 0.184210526 -0.184210526 0 0
-0.129588 -0.041776 0.038052 0.262496 -0.130942 0.048772 -0.144256 0.018921 -0.027566 0.350944 -0.267868 -0.014985 0 0.586290727 0.749373434 0.128221556 0.186716792 0.186716792 0.186716792 0.186716792 0.586290727 -0.749373434 -0.128221556 0.186716792 -0.186716792 0.186716792 -0.186716792 0 0
-0.134792 -0.041495 0.039606 0.273178 -0.136881 0.048283 -0.143051 0.019728 -0.027017 0.342692 -0.244499 -0.026847 0 0.594160401 0.751378446 0.130416894 0.189223058 0.189223058 0.189223058 0.189223058 0.594160401 -0.751378446 -0.130416894 0.189223058 -0.189223058 0.189223058 -0.189223058 0 0
-0.137383 -0.040904 0.040154 0.279138 -0.140371 0.046579 -0.144535 0.020272 -0.026575 0.344052 -0.236714 -0.030014 0 0.602030075 0.753383459 0.132624795 0.191729323 0.191729323 0.191729323 0.191729323 0.602030075 -0.753383459 -0.132624795 0.191729323 -0.191729323 0.191729323 -0.191729323 0 0
-0.137726 -0.04122 0.039935 0.281039 -0.141714 0.045065 -0.144676 0.019836 -0.026989 0.343826 -0.227566 -0.031035 0 0.609899749 0.755388471 0.134845259 0.194235589 0.194235589 0.194235589 0.194235589 0.609899749 -0.755388471 -0.134845259 0.194235589 -0.194235589 0.194235589 -0.194235589 0 0
-0.13705 -0.042156 0.039983 0.280397 -0.141833 0.043755 -0.144507 0.018771 -0.027365 0.34196 -0.215032 -0.031945 0 0.617769424 0.757393484 0.137078285 0.196741855 0.196741855 0.196741855 0.196741855 0.617769424 -0.757393484 -0.137078285 0.196741855 -0.196741855 0.196741855 -0.196741855 0 0
-0.135988 -0.043354 0.040474 0.278388 -0.141201 0.042503 -0.144481 0.017501 -0.027153 0.339519 -0.201319 -0.032964 0 0.625639098 0.759398496 0.139323874 0.19924812 0.19924812 0.19924812 0.19924812 0.625639098 -0.759398496 -0.139323874 0.19924812 -0.19924812 0.19924812 -0.19924812 0 0
-0.13566 -0.044197 0.041021 0.277302 -0.141139 0.040842 -0.14535 0.01662 -0.026959 0.339132 -0.192849 -0.035139 0 0.633508772 0.761403509 0.141582025 0.201754386 0.201754386 0.201754386 0.201754386 0.633508772 -0.761403509 -0.141582025 0.201754386 -0.201754386 0.201754386 -0.201754386 0 0
-0.135071 -0.043379 0.041104 0.276291 -0.141142 0.039394 -0.146036 0.017442 -0.026695 0.340673 -0.19406 -0.036172 0 0.641378446 0.763408521 0.14385274 0.204260652 0.204260652 0.204260652 0.204260652 0.641378446 -0.763408521 -0.14385274 0.204260652 -0.204260652 0.204260652 -0.204260652 0 0
-0.134456 -0.042023 0.040987 0.275439 -0.141225 0.038358 -0.14504 0.018832 -0.026761 0.338689 -0.193457 -0.037012 0 0.64924812 0.765413534 0.146136017 0.206766917 0.206766917 0.206766917 0.206766917 0.64924812 -0.765413534 -0.146136017 0.206766917 -0.206766917 0.206766917 -0.206766917 0 0
-0.134379 -0.04001 0.040842 0.275368 -0.141767 0.036123 -0.143456 0.020868 -0.026884 0.334897 -0.191909 -0.0388 0 0.657117794 0.767418546 0.148431857 0.209273183 0.209273183 0.209273183 0.209273183 0.657117794 -0.767418546 -0.148431857 0.209273183 -0.209273183 0.209273183 -0.209273183 0 0
-0.135327 -0.037715 0.040609 0.27708 -0.142203 0.033939 -0.141218 0.023175 -0.027089 0.329378 -0.189372 -0.040635 0 0.664987469 0.769423559 0.150740259 0.211779449 0.211779449 0.211779449 0.211779449 0.664987469 -0.769423559 -0.150740259 0.211779449 -0.211779449 0.211779449 -0.211779449 0 0
-0.138222 -0.035664 0.040245 0.282256 -0.141341 0.033718 -0.13797 0.025278 -0.027564 0.32159 -0.185525 -0.042294 0 0.672857143 0.771428571 0.153061224 0.214285714 0.214285714 0.214285714 0.214285714 0.672857143 -0.771428571 -0.153061224 0.214285714 -0.214285714 0.214285714 -0.214285714 0 0
-0.143621 -0.033944 0.039828 0.292151 -0.139264 0.032333 -0.133463 0.026881 -0.028211 0.311124 -0.180122 -0.04388 0 0.680726817 0.773433584 0.155394753 0.21679198 0.21679198 0.21679198 0.21679198 0.680726817 -0.773433584 -0.155394753 0.21679198 -0.21679198 0.21679198 -0.21679198 0 0
-0.151648 -0.032836 0.039524 0.306848 -0.135085 0.030908 -0.127699 0.027771 -0.028946 0.297989 -0.173157 -0.045322 0 0.688596491 0.775438596 0.157740843 0.219298246 0.219298246 0.219298246 0.219298246 0.688596491 -0.775438596 -0.157740843 0.219298246 -0.219298246 0.219298246 -0.219298246 0 0
-0.162419 -0.032411 0.039059 0.326419 -0.128767 0.029313 -0.120973 0.02791 -0.029968 0.282774 -0.164975 -0.046648 0 0.696466165 0.777443609 0.160099497 0.221804511 0.221804511 0.221804511 0.221804511 0.696466165 -0.777443609 -0.160099497 0.221804511 -0.221804511 0.221804511 -0.221804511 0 0
-0.175789 -0.032875 0.033095 0.353293 -0.127269 0.011409 -0.113939 0.027952 -0.03098 0.266842 -0.156304 -0.04785 0 0.70433584 0.779448622 0.162470713 0.224310777 0.224310777 0.224310777 0.224310777 0.70433584 -0.779448622 -0.162470713 0.224310777 -0.224310777 0.224310777 -0.224310777 0 0
-0.190825 -0.034699 0.024687 0.389052 -0.159725 0.005318 -0.107555 0.028254 -0.031326 0.25213 -0.148042 -0.048856 0 0.712205514 0.781453634 0.164854492 0.226817043 0.226817043 0.226817043 0.226817043 0.712205514 -0.781453634 -0.164854492 0.226817043 -0.226817043 0.226817043 -0.226817043 0 0
-0.208082 -0.036645 0.018793 0.434144 -0.203258 0.001931 -0.10238 0.028811 -0.031679 0.239468 -0.140844 -0.050049 0 0.720075188 0.783458647 0.167250834 0.229323308 0.229323308 0.229323308 0.229323308 0.720075188 -0.783458647 -0.167250834 0.229323308 -0.229323308 0.229323308 -0.229323308 0 0
-0.226079 -0.038097 0.016432 0.484855 -0.239079 0.000899 -0.097613 0.029664 -0.032161 0.228292 -0.134459 -0.050972 0 0.727944862 0.785463659 0.169659738 0.231829574 0.231829574 0.231829574 0.231829574 0.727944862 -0.785463659 -0.169659738 0.231829574 -0.231829574 0.231829574 -0.231829574 0 0
-0.242765 -0.039503 0.01488 0.535003 -0.264947 0.000552 -0.092941 0.03067 -0.032493 0.218367 -0.128825 -0.051796 0 0.735814536 0.787468672 0.172081206 0.23433584 0.23433584 0.23433584 0.23433584 0.735814536 -0.787468672 -0.172081206 0.23433584 -0.23433584 0.23433584 -0.23433584 0 0
-0.257975 -0.040946 0.013297 0.582182 -0.284364 0.00033 -0.088886 0.031711 -0.032815 0.210031 -0.124122 -0.052536 0 0.743684211 0.789473684 0.174515235 0.236842105 0.236842105 0.236842105 0.236842105 0.743684211 -0.789473684 -0.174515235 0.236842105 -0.236842105 0.236842105 -0.236842105 0 0
-0.271344 -0.042356 0.011758 0.624495 -0.299402 0.000172 -0.085671 0.032689 -0.033085 0.203536 -0.120496 -0.053005 0 0.751553885 0.791478697 0.176961828 0.239348371 0.239348371 0.239348371 0.239348371 0.751553885 -0.791478697 -0.176961828 0.239348371 -0.239348371 0.239348371 -0.239348371 0 0
-0.282598 -0.043563 0.010452 0.66074 -0.312594 0.000049 -0.083402 0.033597 -0.033292 0.199013 -0.117895 -0.053425 0 0.759423559 0.793483709 0.179420984 0.241854637 0.241854637 0.241854637 0.241854637 0.759423559 -0.793483709 -0.179420984 0.241854637 -0.241854637 0.241854637 -0.241854637 0 0
-0.291744 -0.044363 0.009612 0.690762 -0.326307 -0.000155 -0.082045 0.034456 -0.033488 0.196403 -0.116458 -0.053798 0 0.767293233 0.795488722 0.181892702 0.244360902 0.244360902 0.244360902 0.244360902 0.767293233 -0.795488722 -0.181892702 0.244360902 -0.244360902 0.244360902 -0.244360902 0 0
-0.298764 -0.044662 0.009218 0.714494 -0.341712 -0.000445 -0.081513 0.035287 -0.033698 0.195564 -0.116036 -0.054138 0 0.775162907 0.797493734 0.184376983 0.246867168 0.246867168 0.246867168 0.246867168 0.775162907 -0.797493734 -0.184376983 0.246867168 -0.246867168 0.246867168 -0.246867168 0 0
-0.303677 -0.044472 0.009131 0.73192 -0.359051 -0.000813 -0.081706 0.036088 -0.033925 0.196326 -0.116541 -0.054387 0 0.783032581 0.799498747 0.186873826 0.249373434 0.249373434 0.249373434 0.249373434 0.783032581 -0.799498747 -0.186873826 0.249373434 -0.249373434 0.249373434 -0.249373434 0 0
-0.30648 -0.043863 0.00924 0.742891 -0.377715 -0.001264 -0.082542 0.036839 -0.03413 0.198536 -0.117878 -0.054553 0 0.790902256 0.801503759 0.189383233 0.251879699 0.251879699 0.251879699 0.251879699 0.790902256 -0.801503759 -0.189383233 0.251879699 -0.251879699 0.251879699 -0.251879699 0 0
-0.307042 -0.042981 0.009414 0.74677 -0.396339 -0.001785 -0.083965 0.037479 -0.03423 0.202111 -0.120028 -0.054675 0 0.79877193 0.803508772 0.191905202 0.254385965 0.254385965 0.254385965 0.254385965 0.79877193 -0.803508772 -0.191905202 0.254385965 -0.254385965 0.254385965 -0.254385965 0 0
-0.305142 -0.041946 0.009553 0.742509 -0.413059 -0.002356 -0.085941 0.037961 -0.034178 0.206987 -0.122896 -0.054724 0 0.806641604 0.805513784 0.194439733 0.256892231 0.256892231 0.256892231 0.256892231 0.806641604 -0.805513784 -0.194439733 0.256892231 -0.256892231 0.256892231 -0.256892231 0 0
-0.300865 -0.040726 0.009776 0.729984 -0.427036 -0.002941 -0.088429 0.038313 -0.034041 0.213024 -0.126444 -0.05461 0 0.814511278 0.807518797 0.196986828 0.259398496 0.259398496 0.259398496 0.259398496 0.814511278 -0.807518797 -0.196986828 0.259398496 -0.259398496 0.259398496 -0.259398496 0 0
-0.294326 -0.039265 0.010358 0.709406 -0.43729 -0.003453 -0.091372 0.038596 -0.033849 0.220093 -0.130615 -0.054538 0 0.822380952 0.80952381 0.199546485 0.261904762 0.261904762 0.261904762 0.261904762 0.822380952 -0.80952381 -0.199546485 0.261904762 -0.261904762 0.261904762 -0.261904762 0 0
-0.285613 -0.037586 0.011638 0.681079 -0.442242 -0.003735 -0.094722 0.038805 -0.033615 0.228149 -0.135392 -0.054414 0 0.830250627 0.811528822 0.202118705 0.264411028 0.264411028 0.264411028 0.264411028 0.830250627 -0.811528822 -0.202118705 0.264411028 -0.264411028 0.264411028 -0.264411028 0 0
-0.27489 -0.035722 0.014076 0.645685 -0.440349 -0.003645 -0.098473 0.038932 -0.033342 0.237221 -0.140783 -0.054173 0 0.838120301 0.813533835 0.204703488 0.266917293 0.266917293 0.266917293 0.266917293 0.838120301 -0.813533835 -0.204703488 0.266917293 -0.266917293 0.266917293 -0.266917293 0 0
-0.262394 -0.033822 0.017878 0.604216 -0.430152 -0.003113 -0.102592 0.038957 -0.03306 0.247311 -0.146792 -0.053814 0 0.845989975 0.815538847 0.207300834 0.269423559 0.269423559 0.269423559 0.269423559 0.845989975 -0.815538847 -0.207300834 0.269423559 -0.269423559 0.269423559 -0.269423559 0 0
-0.248441 -0.032041 0.023055 0.557897 -0.409573 -0.002113 -0.107112 0.038892 -0.032772 0.258484 -0.153455 -0.053328 0 0.853859649 0.81754386 0.209910742 0.271929825 0.271929825 0.271929825 0.271929825 0.853859649 -0.81754386 -0.209910742 0.271929825 -0.271929825 0.271929825 -0.271929825 0 0
-0.233366 -0.03048 0.029197 0.508139 -0.377601 -0.000776 -0.112136 0.03884 -0.03245 0.270928 -0.160889 -0.052677 0 0.861729323 0.819548872 0.212533213 0.27443609 0.27443609 0.27443609 0.27443609 0.861729323 -0.819548872 -0.212533213 0.27443609 -0.27443609 0.27443609 -0.27443609 0 0
-0.21793 -0.029015 0.035316 0.45824 -0.34101 -0.000057 -0.117834 0.039135 -0.032081 0.284818 -0.169047 -0.051944 0 0.869598997 0.821553885 0.215168246 0.276942356 0.276942356 0.276942356 0.276942356 0.869598997 -0.821553885 -0.215168246 0.276942356 -0.276942356 0.276942356 -0.276942356 0 0
-0.202759 -0.027117 0.039582 0.412619 -0.324539 -0.003408 -0.124161 0.040476 -0.031506 0.299951 -0.177788 -0.051172 0 0.877468672 0.823558897 0.217815843 0.279448622 0.279448622 0.279448622 0.279448622 0.877468672 -0.823558897 -0.217815843 0.279448622 -0.279448622 0.279448622 -0.279448622 0 0
-0.193691 -0.028359 0.042076 0.387252 -0.285214 0.03557 -0.130324 0.040907 -0.032077 0.314215 -0.186019 -0.050132 0 0.885338346 0.82556391 0.220476002 0.281954887 0.281954887 0.281954887 0.281954887 0.885338346 -0.82556391 -0.220476002 0.281954887 -0.281954887 0.281954887 -0.281954887 0 0
-0.189719 -0.029674 0.041688 0.373833 -0.251089 0.038722 -0.133487 0.039608 -0.03333 0.322864 -0.191389 -0.049001 0 0.89320802 0.827568922 0.223148724 0.284461153 0.284461153 0.284461153 0.284461153 0.89320802 -0.827568922 -0.223148724 0.284461153 -0.284461153 0.284461153 -0.284461153 0 0
-0.186196 -0.030362 0.041399 0.364799 -0.230079 0.039213 -0.133802 0.038873 -0.033589 0.325928 -0.193578 -0.04782 0 0.901077694 0.829573935 0.225834009 0.286967419 0.286967419 0.286967419 0.286967419 0.901077694 -0.829573935 -0.225834009 0.286967419 -0.286967419 0.286967419 -0.286967419 0 0
-0.183193 -0.03021 0.04126 0.357241 -0.21304 0.039974 -0.132604 0.039027 -0.033718 0.325138 -0.193813 -0.046825 0 0.908947368 0.831578947 0.228531856 0.289473684 0.289473684 0.289473684 0.289473684 0.908947368 -0.831578947 -0.228531856 0.289473684 -0.289473684 0.289473684 -0.289473684 0 0
-0.181174 -0.029454 0.040767 0.351182 -0.197643 0.040566 -0.131037 0.039821 -0.034191 0.322824 -0.193216 -0.04631 0 0.916817043 0.83358396 0.231242266 0.29197995 0.29197995 0.29197995 0.29197995 0.916817043 -0.83358396 -0.231242266 0.29197995 -0.29197995 0.29197995 -0.29197995 0 0
-0.180213 -0.028325 0.039956 0.346923 -0.183669 0.04117 -0.129599 0.040969 -0.035127 0.320386 -0.192579 -0.045679 0 0.924686717 0.835588972 0.233965239 0.294486216 0.294486216 0.294486216 0.294486216 0.924686717 -0.835588972 -0.233965239 0.294486216 -0.294486216 0.294486216 -0.294486216 0 0
-0.180153 -0.027038 0.039039 0.344553 -0.171632 0.041761 -0.128508 0.04224 -0.036258 0.318514 -0.192264 -0.045035 0 0.932556391 0.837593985 0.236700774 0.296992481 0.296992481 0.296992481 0.296992481 0.932556391 -0.837593985 -0.236700774 0.296992481 -0.296992481 0.296992481 -0.296992481 0 0
-0.181226 -0.026022 0.037928 0.345611 -0.167319 0.040719 -0.127737 0.043127 -0.037571 0.317179 -0.192194 -0.043976 0 0.940426065 0.839598997 0.239448873 0.299498747 0.299498747 0.299498747 0.299498747 0.940426065 -0.839598997 -0.239448873 0.299498747 -0.299498747 0.299498747 -0.299498747 0 0
-0.181354 -0.026122 0.037053 0.347402 -0.168752 0.042417 -0.125778 0.043216 -0.038107 0.314735 -0.191655 -0.0431 0 0.948295739 0.84160401 0.242209534 0.302005013 0.302005013 0.302005013 0.302005013 0.948295739 -0.84160401 -0.242209534 0.302005013 -0.302005013 0.302005013 -0.302005013 0 0
-0.18087 -0.026869 0.036748 0.347762 -0.169994 0.043867 -0.122861 0.044136 -0.037958 0.313201 -0.193414 -0.042841 0 0.956165414 0.843609023 0.244982758 0.304511278 0.304511278 0.304511278 0.304511278 0.956165414 -0.843609023 -0.244982758 0.304511278 -0.304511278 0.304511278 -0.304511278 0 0
-0.179584 -0.027681 0.036827 0.34634 -0.169914 0.0452 -0.121386 0.043365 -0.037793 0.311465 -0.193156 -0.041209 0 0.964035088 0.845614035 0.247768544 0.307017544 0.307017544 0.307017544 0.307017544 0.964035088 -0.845614035 -0.247768544 0.307017544 -0.307017544 0.307017544 -0.307017544 0 0
-0.17781 -0.028807 0.037046 0.343492 -0.169058 0.046554 -0.120332 0.042199 -0.037469 0.310303 -0.193163 -0.03822 0 0.971904762 0.847619048 0.250566893 0.30952381 0.30952381 0.30952381 0.30952381 0.971904762 -0.847619048 -0.250566893 0.30952381 -0.30952381 0.30952381 -0.30952381 0 0
-0.17544 -0.030264 0.03732 0.339048 -0.167284 0.047872 -0.120094 0.040496 -0.037083 0.310765 -0.194071 -0.032155 0 0.979774436 0.84962406 0.253377805 0.312030075 0.312030075 0.312030075 0.312030075 0.979774436 -0.84962406 -0.253377805 0.312030075 -0.312030075 0.312030075 -0.312030075 0 0
-0.172337 -0.031834 0.037544 0.332842 -0.164402 0.049181 -0.121288 0.038259 -0.036783 0.314316 -0.196222 -0.020056 0 0.98764411 0.851629073 0.25620128 0.314536341 0.314536341 0.314536341 0.314536341 0.98764411 -0.851629073 -0.25620128 0.314536341 -0.314536341 0.314536341 -0.314536341 0 0
-0.168304 -0.033048 0.037718 0.32446 -0.160168 0.050441 -0.124904 0.036233 -0.036641 0.322425 -0.19735 -0.007031 0 0.995513784 0.853634085 0.259037318 0.317042607 0.317042607 0.317042607 0.317042607 0.995513784 -0.853634085 -0.259037318 0.317042607 -0.317042607 0.317042607 -0.317042607 0 0
-0.163107 -0.033564 0.037698 0.313411 -0.154311 0.05161 -0.131313 0.034993 -0.036888 0.335447 -0.195368 0.00305 0 1.003383459 0.855639098 0.261885918 0.319548872 0.319548872 0.319548872 0.319548872 1.003383459 -0.855639098 -0.261885918 0.319548872 -0.319548872 0.319548872 -0.319548872 0 0
-0.156653 -0.033297 0.037525 0.299448 -0.146697 0.052748 -0.140455 0.034688 -0.037411 0.353042 -0.189606 0.009469 0 1.011253133 0.85764411 0.264747081 0.322055138 0.322055138 0.322055138 0.322055138 1.011253133 -0.85764411 -0.264747081 0.322055138 -0.322055138 0.322055138 -0.322055138 0 0
-0.149126 -0.032502 0.037366 0.282869 -0.137538 0.053754 -0.152208 0.034828 -0.037938 0.375193 -0.181721 0.016447 0 1.019122807 0.859649123 0.267620806 0.324561404 0.324561404 0.324561404 0.324561404 1.019122807 -0.859649123 -0.267620806 0.324561404 -0.324561404 0.324561404 -0.324561404 0 0
-0.14122 -0.032058 0.037326 0.264985 -0.12755 0.054608 -0.166694 0.034706 -0.038547 0.40433 -0.174598 0.024356 0 1.026992481 0.861654135 0.270507095 0.327067669 0.327067669 0.327067669 0.327067669 1.026992481 -0.861654135 -0.270507095 0.327067669 -0.327067669 0.327067669 -0.327067669 0 0
-0.133973 -0.032293 0.037607 0.247814 -0.117837 0.055454 -0.184112 0.03538 -0.03526 0.44623 -0.211049 0.014884 0 1.034862155 0.863659148 0.273405946 0.329573935 0.329573935 0.329573935 0.329573935 1.034862155 -0.863659148 -0.273405946 0.329573935 -0.329573935 0.329573935 -0.329573935 0 0
-0.127929 -0.032604 0.038169 0.2328 -0.109273 0.056144 -0.20313 0.037275 -0.028419 0.495695 -0.256328 -0.002181 0 1.04273183 0.86566416 0.27631736 0.332080201 0.332080201 0.332080201 0.332080201 1.04273183 -0.86566416 -0.27631736 0.332080201 -0.332080201 0.332080201 -0.332080201 0 0
-0.122327 -0.033174 0.038623 0.219526 -0.101643 0.056744 -0.221418 0.03882 -0.022365 0.546592 -0.288399 -0.005186 0 1.050601504 0.867669173 0.279241336 0.334586466 0.334586466 0.334586466 0.334586466 1.050601504 -0.867669173 -0.279241336 0.334586466 -0.334586466 0.334586466 -0.334586466 0 0
-0.116687 -0.034044 0.038948 0.207483 -0.094773 0.057287 -0.237665 0.039759 -0.017716 0.595318 -0.308331 -0.006368 0 1.058471178 0.869674185 0.282177876 0.337092732 0.337092732 0.337092732 0.337092732 1.058471178 -0.869674185 -0.282177876 0.337092732 -0.337092732 0.337092732 -0.337092732 0 0
-0.111294 -0.035021 0.039234 0.196899 -0.08881 0.057753 -0.251575 0.040266 -0.014015 0.639945 -0.321294 -0.006564 0 1.066340852 0.871679198 0.285126978 0.339598997 0.339598997 0.339598997 0.339598997 1.066340852 -0.871679198 -0.285126978 0.339598997 -0.339598997 0.339598997 -0.339598997 0 0
-0.10645 -0.035987 0.039489 0.188005 -0.083857 0.058121 -0.263099 0.04042 -0.01103 0.679341 -0.331497 -0.006314 0 1.074210526 0.873684211 0.288088643 0.342105263 0.342105263 0.342105263 0.342105263 1.074210526 -0.873684211 -0.288088643 0.342105263 -0.342105263 0.342105263 -0.342105263 0 0
-0.102345 -0.036858 0.039669 0.180972 -0.079963 0.058299 -0.272151 0.040171 -0.008834 0.712553 -0.342011 -0.005887 0 1.082080201 0.875689223 0.29106287 0.344611529 0.344611529 0.344611529 0.344611529 1.082080201 -0.875689223 -0.29106287 0.344611529 -0.344611529 0.344611529 -0.344611529 0 0
-0.099023 -0.037617 0.039817 0.175805 -0.077187 0.058514 -0.278721 0.039455 -0.007362 0.73902 -0.354615 -0.005426 0 1.089949875 0.877694236 0.29404966 0.347117794 0.347117794 0.347117794 0.347117794 1.089949875 -0.877694236 -0.29404966 0.347117794 -0.347117794 0.347117794 -0.347117794 0 0
-0.096454 -0.038265 0.039932 0.172332 -0.075399 0.058644 -0.282883 0.038228 -0.006517 0.758484 -0.36971 -0.005 0 1.097819549 0.879699248 0.297049014 0.34962406 0.34962406 0.34962406 0.34962406 1.097819549 -0.879699248 -0.297049014 0.34962406 -0.34962406 0.34962406 -0.34962406 0 0
-0.094621 -0.038828 0.040022 0.170386 -0.074501 0.058735 -0.284769 0.036491 -0.006137 0.770816 -0.386782 -0.00464 0 1.105689223 0.881704261 0.300060929 0.352130326 0.352130326 0.352130326 0.352130326 1.105689223 -0.881704261 -0.300060929 0.352130326 -0.352130326 0.352130326 -0.352130326 0 0
-0.093481 -0.039337 0.040083 0.169758 -0.074354 0.05879 -0.284542 0.034294 -0.006059 0.776079 -0.404878 -0.004354 0 1.113558897 0.883709273 0.303085408 0.354636591 0.354636591 0.354636591 0.354636591 1.113558897 -0.883709273 -0.303085408 0.354636591 -0.354636591 0.354636591 -0.354636591 0 0
-0.092971 -0.039804 0.040095 0.170237 -0.074853 0.058606 -0.282351 0.031724 -0.006189 0.774439 -0.422998 -0.004145 0 1.121428571 0.885714286 0.306122449 0.357142857 0.357142857 0.357142857 0.357142857 1.121428571 -0.885714286 -0.306122449 0.357142857 -0.357142857 0.357142857 -0.357142857 0 0
-0.093016 -0.04023 0.040003 0.171686 -0.07593 0.05861 -0.278129 0.029004 -0.00627 0.765456 -0.4393 -0.004057 0 1.129298246 0.887719298 0.309172053 0.359649123 0.359649123 0.359649123 0.359649123 1.129298246 -0.887719298 -0.309172053 0.359649123 -0.359649123 0.359649123 -0.359649123 0 0
-0.09358 -0.04058 0.039766 0.174047 -0.077468 0.05841 -0.271754 0.026355 -0.006067 0.74855 -0.451945 -0.004089 0 1.13716792 0.889724311 0.31223422 0.362155388 0.362155388 0.362155388 0.362155388 1.13716792 -0.889724311 -0.31223422 0.362155388 -0.362155388 0.362155388 -0.362155388 0 0
-0.094661 -0.040854 0.039413 0.177391 -0.07961 0.058142 -0.263181 0.02397 -0.005447 0.723481 -0.459847 -0.004198 0 1.145037594 0.891729323 0.315308949 0.364661654 0.364661654 0.364661654 0.364661654 1.145037594 -0.891729323 -0.315308949 0.364661654 -0.364661654 0.364661654 -0.364661654 0 0
-0.096276 -0.04107 0.039024 0.181784 -0.082377 0.057714 -0.252626 0.021932 -0.004531 0.690981 -0.462174 -0.004363 0 1.152907268 0.893734336 0.318396241 0.36716792 0.36716792 0.36716792 0.36716792 1.152907268 -0.893734336 -0.318396241 0.36716792 -0.36716792 0.36716792 -0.36716792 0 0
-0.098365 -0.041225 0.038631 0.187218 -0.085729 0.057098 -0.240305 0.020319 -0.003617 0.652136 -0.458112 -0.004543 0 1.160776942 0.895739348 0.321496096 0.369674185 0.369674185 0.369674185 0.369674185 1.160776942 -0.895739348 -0.321496096 0.369674185 -0.369674185 0.369674185 -0.369674185 0 0
-0.100923 -0.04129 0.038194 0.193776 -0.089774 0.056323 -0.226485 0.019184 -0.003257 0.608195 -0.446633 -0.004608 0 1.168646617 0.897744361 0.324608514 0.372180451 0.372180451 0.372180451 0.372180451 1.168646617 -0.897744361 -0.324608514 0.372180451 -0.372180451 0.372180451 -0.372180451 0 0
-0.103974 -0.041216 0.037708 0.201503 -0.094488 0.055376 -0.21154 0.018598 -0.003971 0.560538 -0.426751 -0.004663 0 1.176516291 0.899749373 0.327733494 0.374686717 0.374686717 0.374686717 0.374686717 1.176516291 -0.899749373 -0.327733494 0.374686717 -0.374686717 0.374686717 -0.374686717 0 0
-0.107605 -0.041008 0.037192 0.210535 -0.099929 0.054279 -0.19593 0.018533 -0.006263 0.510707 -0.398263 -0.005124 0 1.184385965 0.901754386 0.330871037 0.377192982 0.377192982 0.377192982 0.377192982 1.184385965 -0.901754386 -0.330871037 0.377192982 -0.377192982 0.377192982 -0.377192982 0 0
-0.111984 -0.040766 0.036836 0.221102 -0.106237 0.053008 -0.180563 0.018838 -0.010462 0.46178 -0.364038 -0.006216 0 1.192255639 0.903759398 0.334021143 0.379699248 0.379699248 0.379699248 0.379699248 1.192255639 -0.903759398 -0.334021143 0.379699248 -0.379699248 0.379699248 -0.379699248 0 0
-0.117173 -0.040721 0.036784 0.233277 -0.113365 0.051644 -0.166186 0.019263 -0.016238 0.416799 -0.329064 -0.007718 0 1.200125313 0.905764411 0.337183812 0.382205514 0.382205514 0.382205514 0.382205514 1.200125313 -0.905764411 -0.337183812 0.382205514 -0.382205514 0.382205514 -0.382205514 0 0
-0.123136 -0.04137 0.03694 0.246869 -0.121173 0.050307 -0.153184 0.019006 -0.024144 0.377862 -0.301977 -0.008912 0 1.207994987 0.907769424 0.340359043 0.384711779 0.384711779 0.384711779 0.384711779 1.207994987 -0.907769424 -0.340359043 0.384711779 -0.384711779 0.384711779 -0.384711779 0 0
-0.129486 -0.042702 0.037697 0.260802 -0.129041 0.049294 -0.143314 0.018766 -0.029385 0.349443 -0.27503 -0.027938 0 1.215864662 0.909774436 0.343546837 0.387218045 0.387218045 0.387218045 0.387218045 1.215864662 -0.909774436 -0.343546837 0.387218045 -0.387218045 0.387218045 -0.387218045 0 0
-0.134592 -0.041735 0.03969 0.27131 -0.134977 0.048371 -0.143115 0.019506 -0.028284 0.341788 -0.244608 -0.029107 0 1.223734336 0.911779449 0.346747194 0.389724311 0.389724311 0.389724311 0.389724311 1.223734336 -0.911779449 -0.346747194 0.389724311 -0.389724311 0.389724311 -0.389724311 0 0
-0.136967 -0.040979 0.040178 0.277202 -0.138367 0.04729 -0.144269 0.020046 -0.028206 0.343236 -0.238572 -0.029352 0 1.23160401 0.913784461 0.349960113 0.392230576 0.392230576 0.392230576 0.392230576 1.23160401 -0.913784461 -0.349960113 0.392230576 -0.392230576 0.392230576 -0.392230576 0 0
-0.137181 -0.041074 0.040034 0.279027 -0.139746 0.045697 -0.144205 0.019864 -0.028432 0.342878 -0.230372 -0.030612 0 1.239473684 0.915789474 0.353185596 0.394736842 0.394736842 0.394736842 0.394736842 1.239473684 -0.915789474 -0.353185596 0.394736842 -0.394736842 0.394736842 -0.394736842 0 0
-0.136434 -0.041889 0.040074 0.278277 -0.139807 0.044422 -0.143817 0.018944 -0.028796 0.340617 -0.217942 -0.031583 0 1.247343358 0.917794486 0.356423641 0.397243108 0.397243108 0.397243108 0.397243108 1.247343358 -0.917794486 -0.356423641 0.397243108 -0.397243108 0.397243108 -0.397243108 0 0
-0.135314 -0.043054 0.04057 0.27612 -0.139099 0.043118 -0.143589 0.017721 -0.028477 0.337638 -0.20349 -0.032634 0 1.255213033 0.919799499 0.359674248 0.399749373 0.399749373 0.399749373 0.399749373 1.255213033 -0.919799499 -0.359674248 0.399749373 -0.399749373 0.399749373 -0.399749373 0 0
-0.134981 -0.044037 0.041096 0.274997 -0.139013 0.041593 -0.144151 0.016622 -0.02833 0.335823 -0.190811 -0.033705 0 1.263082707 0.921804511 0.362937419 0.402255639 0.402255639 0.402255639 0.402255639 1.263082707 -0.921804511 -0.362937419 0.402255639 -0.402255639 0.402255639 -0.402255639 0 0
-0.134792 -0.043493 0.041527 0.27448 -0.139247 0.040325 -0.145556 0.017159 -0.02795 0.338211 -0.191488 -0.035142 0 1.270952381 0.923809524 0.366213152 0.404761905 0.404761905 0.404761905 0.404761905 1.270952381 -0.923809524 -0.366213152 0.404761905 -0.404761905 0.404761905 -0.404761905 0 0
-0.134096 -0.042429 0.041362 0.273597 -0.139301 0.038914 -0.144683 0.018316 -0.027996 0.33686 -0.191596 -0.0371 0 1.278822055 0.925814536 0.369501448 0.40726817 0.40726817 0.40726817 0.40726817 1.278822055 -0.925814536 -0.369501448 0.40726817 -0.40726817 0.40726817 -0.40726817 0 0
-0.134062 -0.040604 0.041151 0.273644 -0.139871 0.036418 -0.143408 0.020142 -0.028123 0.333854 -0.190478 -0.038805 0 1.286691729 0.927819549 0.372802307 0.409774436 0.409774436 0.409774436 0.409774436 1.286691729 -0.927819549 -0.372802307 0.409774436 -0.409774436 0.409774436 -0.409774436 0 0
-0.134919 -0.038128 0.040873 0.275506 -0.141363 0.031087 -0.141304 0.022421 -0.028315 0.328746 -0.188147 -0.040435 0 1.294561404 0.929824561 0.376115728 0.412280702 0.412280702 0.412280702 0.412280702 1.294561404 -0.929824561 -0.376115728 0.412280702 -0.412280702 0.412280702 -0.412280702 0 0
-0.137533 -0.036125 0.04058 0.280105 -0.140144 0.031978 -0.138189 0.024548 -0.028778 0.321302 -0.184498 -0.042042 0 1.302431078 0.931829574 0.379441712 0.414786967 0.414786967 0.414786967 0.414786967 1.302431078 -0.931829574 -0.379441712 0.414786967 -0.414786967 0.414786967 -0.414786967 0 0
-0.142804 -0.034429 0.040145 0.289633 -0.137741 0.03256 -0.133777 0.026251 -0.029495 0.311018 -0.179221 -0.043491 0 1.310300752 0.933834586 0.382780259 0.417293233 0.417293233 0.417293233 0.417293233 1.310300752 -0.933834586 -0.382780259 0.417293233 -0.417293233 0.417293233 -0.417293233 0 0
-0.15071 -0.033226 0.03982 0.304116 -0.133914 0.03148 -0.128121 0.027269 -0.030223 0.298061 -0.17236 -0.044934 0 1.318170426 0.935839599 0.386131369 0.419799499 0.419799499 0.419799499 0.419799499 1.318170426 -0.935839599 -0.386131369 0.419799499 -0.419799499 0.419799499 -0.419799499 0 0
-0.161411 -0.032685 0.039323 0.323564 -0.127968 0.029891 -0.121484 0.027536 -0.03128 0.282998 -0.164295 -0.046336 0 1.3260401 0.937844612 0.389495041 0.422305764 0.422305764 0.422305764 0.422305764 1.3260401 -0.937844612 -0.389495041 0.422305764 -0.422305764 0.422305764 -0.422305764 0 0
-0.17475 -0.03301 0.03341 0.350464 -0.126971 0.011574 -0.114512 0.027698 -0.032305 0.267164 -0.155694 -0.047576 0 1.333909774 0.939849624 0.392871276 0.42481203 0.42481203 0.42481203 0.42481203 1.333909774 -0.939849624 -0.392871276 0.42481203 -0.42481203 0.42481203 -0.42481203 0 0
-0.189815 -0.03475 0.025008 0.386402 -0.159651 0.005192 -0.108182 0.028073 -0.032651 0.252526 -0.147489 -0.048624 0 1.341779449 0.941854637 0.396260074 0.427318296 0.427318296 0.427318296 0.427318296 1.341779449 -0.941854637 -0.396260074 0.427318296 -0.427318296 0.427318296 -0.427318296 0 0
-0.207124 -0.036663 0.019148 0.431843 -0.20349 0.001785 -0.103027 0.02866 -0.032993 0.239902 -0.140332 -0.049832 0 1.349649123 0.943859649 0.399661434 0.429824561 0.429824561 0.429824561 0.429824561 1.349649123 -0.943859649 -0.399661434 0.429824561 -0.429824561 0.429824561 -0.429824561 0 0
-0.225161 -0.0381 0.016887 0.482955 -0.239539 0.000786 -0.098249 0.02952 -0.033447 0.228721 -0.13397 -0.050751 0 1.357518797 0.945864662 0.403075358 0.432330827 0.432330827 0.432330827 0.432330827 1.357518797 -0.945864662 -0.403075358 0.432330827 -0.432330827 0.432330827 -0.432330827 0 0
-0.241883 -0.03951 0.01542 0.533498 -0.265547 0.000478 -0.093564 0.030512 -0.033746 0.218774 -0.128341 -0.051567 0 1.365388471 0.947869674 0.406501844 0.434837093 0.434837093 0.434837093 0.434837093 1.365388471 -0.947869674 -0.406501844 0.434837093 -0.434837093 0.434837093 -0.434837093 0 0
-0.257129 -0.040966 0.013884 0.58105 -0.285038 0.000285 -0.089499 0.031531 -0.034037 0.210408 -0.123646 -0.052322 0 1.373258145 0.949874687 0.409940892 0.437343358 0.437343358 0.437343358 0.437343358 1.373258145 -0.949874687 -0.409940892 0.437343358 -0.437343358 0.437343358 -0.437343358 0 0
-0.270525 -0.042389 0.012366 0.623686 -0.300092 0.000146 -0.086279 0.032481 -0.034274 0.203884 -0.120001 -0.052782 0 1.38112782 0.951879699 0.413392504 0.439849624 0.439849624 0.439849624 0.439849624 1.38112782 -0.951879699 -0.413392504 0.439849624 -0.439849624 0.439849624 -0.439849624 0 0
-0.281789 -0.043606 0.011044 0.660173 -0.313253 0.000035 -0.08401 0.033363 -0.034456 0.199356 -0.117446 -0.053215 0 1.388997494 0.953884712 0.416856678 0.44235589 0.44235589 0.44235589 0.44235589 1.388997494 -0.953884712 -0.416856678 0.44235589 -0.44235589 0.44235589 -0.44235589 0 0
-0.290929 -0.044415 0.010159 0.69036 -0.326925 -0.000158 -0.082648 0.034195 -0.034634 0.19673 -0.116033 -0.053624 0 1.396867168 0.955889724 0.420333415 0.444862155 0.444862155 0.444862155 0.444862155 1.396867168 -0.955889724 -0.420333415 0.444862155 -0.444862155 0.444862155 -0.444862155 0 0
-0.297928 -0.044714 0.009701 0.71419 -0.342303 -0.000441 -0.082105 0.035001 -0.034833 0.195874 -0.115638 -0.053949 0 1.404736842 0.957894737 0.423822715 0.447368421 0.447368421 0.447368421 0.447368421 1.404736842 -0.957894737 -0.423822715 0.447368421 -0.447368421 0.447368421 -0.447368421 0 0
-0.302814 -0.044511 0.009546 0.731667 -0.359638 -0.000805 -0.082289 0.035783 -0.035047 0.196624 -0.116165 -0.054203 0 1.412606516 0.959899749 0.427324577 0.449874687 0.449874687 0.449874687 0.449874687 1.412606516 -0.959899749 -0.427324577 0.449874687 -0.449874687 0.449874687 -0.449874687 0 0
-0.305584 -0.043882 0.009585 0.742647 -0.378308 -0.001253 -0.083114 0.036521 -0.035236 0.198824 -0.117524 -0.054399 0 1.42047619 0.961904762 0.430839002 0.452380952 0.452380952 0.452380952 0.452380952 1.42047619 -0.961904762 -0.430839002 0.452380952 -0.452380952 0.452380952 -0.452380952 0 0
-0.306108 -0.042972 0.009693 0.746495 -0.396946 -0.001774 -0.08453 0.037153 -0.035316 0.202408 -0.119714 -0.054543 0 1.428345865 0.963909774 0.43436599 0.454887218 0.454887218 0.454887218 0.454887218 1.428345865 -0.963909774 -0.43436599 0.454887218 -0.454887218 0.454887218 -0.454887218 0 0
-0.304171 -0.041903 0.009775 0.742176 -0.413678 -0.002344 -0.086498 0.037629 -0.035247 0.207293 -0.122616 -0.054597 0 1.436215539 0.965914787 0.437905541 0.457393484 0.457393484 0.457393484 0.457393484 1.436215539 -0.965914787 -0.437905541 0.457393484 -0.457393484 0.457393484 -0.457393484 0 0
-0.299863 -0.040642 0.009961 0.729582 -0.427653 -0.002928 -0.088977 0.037978 -0.035093 0.213341 -0.126199 -0.054499 0 1.444085213 0.967919799 0.441457654 0.459899749 0.459899749 0.459899749 0.459899749 1.444085213 -0.967919799 -0.441457654 0.459899749 -0.459899749 0.459899749 -0.459899749 0 0
-0.2933 -0.039139 0.010521 0.708916 -0.437892 -0.00344 -0.091913 0.038259 -0.034883 0.220426 -0.13041 -0.054419 0 1.451954887 0.969924812 0.44502233 0.462406015 0.462406015 0.462406015 0.462406015 1.451954887 -0.969924812 -0.44502233 0.462406015 -0.462406015 0.462406015 -0.462406015 0 0
-0.284569 -0.037414 0.011803 0.68049 -0.442824 -0.003722 -0.095263 0.038471 -0.034628 0.228511 -0.13523 -0.054314 0 1.459824561 0.971929825 0.448599569 0.464912281 0.464912281 0.464912281 0.464912281 1.459824561 -0.971929825 -0.448599569 0.464912281 -0.464912281 0.464912281 -0.464912281 0 0
-0.273836 -0.03551 0.014261 0.644981 -0.440887 -0.003631 -0.09901 0.0386 -0.034336 0.237615 -0.140667 -0.05409 0 1.467694236 0.973934837 0.452189371 0.467418546 0.467418546 0.467418546 0.467418546 1.467694236 -0.973934837 -0.452189371 0.467418546 -0.467418546 0.467418546 -0.467418546 0 0
-0.261338 -0.033571 0.018106 0.603388 -0.430614 -0.003099 -0.103132 0.038627 -0.034033 0.247746 -0.146727 -0.053734 0 1.47556391 0.97593985 0.455791735 0.469924812 0.469924812 0.469924812 0.469924812 1.47556391 -0.97593985 -0.455791735 0.469924812 -0.469924812 0.469924812 -0.469924812 0 0
-0.247394 -0.031757 0.023346 0.556945 -0.409896 -0.002105 -0.107661 0.038568 -0.033725 0.258986 -0.153494 -0.053293 0 1.483433584 0.977944862 0.459406662 0.472431078 0.472431078 0.472431078 0.472431078 1.483433584 -0.977944862 -0.459406662 0.472431078 -0.472431078 0.472431078 -0.472431078 0 0
-0.232347 -0.030172 0.029564 0.507102 -0.377795 -0.000789 -0.112698 0.038519 -0.033379 0.271486 -0.160937 -0.052648 0 1.491303258 0.979949875 0.463034152 0.474937343 0.474937343 0.474937343 0.474937343 1.491303258 -0.979949875 -0.463034152 0.474937343 -0.474937343 0.474937343 -0.474937343 0 0
-0.216963 -0.028684 0.035736 0.457205 -0.34132 -0.000153 -0.118408 0.038829 -0.032992 0.285449 -0.169159 -0.051914 0 1.499172932 0.981954887 0.466674204 0.477443609 0.477443609 0.477443609 0.477443609 1.499172932 -0.981954887 -0.466674204 0.477443609 -0.477443609 0.477443609 -0.477443609 0 0
-0.201854 -0.026744 0.039969 0.411713 -0.325809 -0.003671 -0.124738 0.040215 -0.032389 0.30063 -0.177939 -0.05115 0 1.507042607 0.9839599 0.47032682 0.479949875 0.479949875 0.479949875 0.479949875 1.507042607 -0.9839599 -0.47032682 0.479949875 -0.479949875 0.479949875 -0.479949875 0 0
-0.193003 -0.028221 0.042393 0.386649 -0.285628 0.037807 -0.1309 0.040601 -0.032923 0.314916 -0.186181 -0.050035 0 1.514912281 0.985964912 0.473991998 0.48245614 0.48245614 0.48245614 0.48245614 1.514912281 -0.985964912 -0.473991998 0.48245614 -0.48245614 0.48245614 -0.48245614 0 0
-0.189238 -0.029385 0.042183 0.373634 -0.250773 0.038402 -0.133983 0.03926 -0.034184 0.323488 -0.191555 -0.049173 0 1.522781955 0.987969925 0.477669738 0.484962406 0.484962406 0.484962406 0.484962406 1.522781955 -0.987969925 -0.477669738 0.484962406 -0.484962406 0.484962406 -0.484962406 0 0
-0.185625 -0.03007 0.04183 0.364476 -0.229508 0.038917 -0.134207 0.038531 -0.034491 0.326512 -0.193759 -0.047841 0 1.530651629 0.989974937 0.481360042 0.487468672 0.487468672 0.487468672 0.487468672 1.530651629 -0.989974937 -0.481360042 0.487468672 -0.487468672 0.487468672 -0.487468672 0 0
-0.182604 -0.029893 0.041639 0.356895 -0.21232 0.039689 -0.132979 0.038711 -0.034669 0.325736 -0.194049 -0.046831 0 1.538521303 0.99197995 0.485062908 0.489974937 0.489974937 0.489974937 0.489974937 1.538521303 -0.99197995 -0.485062908 0.489974937 -0.489974937 0.489974937 -0.489974937 0 0
-0.180642 -0.029113 0.041112 0.350958 -0.197022 0.040258 -0.131415 0.039528 -0.035186 0.323444 -0.193484 -0.046283 0 1.546390977 0.993984962 0.488778337 0.492481203 0.492481203 0.492481203 0.492481203 1.546390977 -0.993984962 -0.488778337 0.492481203 -0.492481203 0.492481203 -0.492481203 0 0
-0.179742 -0.02795 0.040281 0.346838 -0.183163 0.040833 -0.129981 0.040712 -0.036143 0.321027 -0.192887 -0.045725 0 1.554260652 0.995989975 0.492506328 0.494987469 0.494987469 0.494987469 0.494987469 1.554260652 -0.995989975 -0.492506328 0.494987469 -0.494987469 0.494987469 -0.494987469 0 0
-0.179741 -0.026632 0.039351 0.344612 -0.171283 0.041425 -0.128886 0.042017 -0.037287 0.319158 -0.192601 -0.04511 0 1.562130326 0.997994987 0.496246883 0.497493734 0.497493734 0.497493734 0.497493734 1.562130326 -0.997994987 -0.496246883 0.497493734 -0.497493734 0.497493734 -0.497493734 0 0
-0.180957 -0.025768 0.038234 0.346119 -0.167991 0.040831 -0.128095 0.04278 -0.0386 0.31779 -0.192546 -0.043979 0 1.57 1 0.5 0.5 0.5 0.5 0.5 1.57 -1 -0.5 0.5 -0.5 0.5 -0.5 0 0
-0.180956 -0.025781 0.037463 0.347731 -0.169517 0.04201 -0.126071 0.042894 -0.039103 0.315244 -0.191973 -0.043147 0 1.57 1 0.5 0.5 0.5 0.5 0.5 1.57 -1 -0.5 0.5 -0.5 0.5 -0.5 0 0
-0.180109 -0.026092 0.037317 0.347689 -0.170232 0.043411 -0.124248 0.042633 -0.039045 0.313096 -0.191467 -0.041508 0 1.562130326 0.997994987 0.496246883 0.497493734 0.497493734 0.497493734 0.497493734 1.562130326 -0.997994987 -0.496246883 0.497493734 -0.497493734 0.497493734 -0.497493734 0 0
-0.178804 -0.026882 0.037421 0.346206 -0.170144 0.044769 -0.122717 0.041889 -0.038845 0.311188 -0.191117 -0.039864 0 1.554260652 0.995989975 0.492506328 0.494987469 0.494987469 0.494987469 0.494987469 1.554260652 -0.995989975 -0.492506328 0.494987469 -0.494987469 0.494987469 -0.494987469 0 0
-0.17701 -0.028004 0.037653 0.343319 -0.169295 0.046139 -0.121611 0.040736 -0.038499 0.309903 -0.191071 -0.036929 0 1.546390977 0.993984962 0.488778337 0.492481203 0.492481203 0.492481203 0.492481203 1.546390977 -0.993984962 -0.488778337 0.492481203 -0.492481203 0.492481203 -0.492481203 0 0
-0.174624 -0.029466 0.037944 0.338855 -0.167534 0.047468 -0.121311 0.039042 -0.03809 0.310229 -0.191916 -0.031003 0 1.538521303 0.99197995 0.485062908 0.489974937 0.489974937 0.489974937 0.489974937 1.538521303 -0.99197995 -0.485062908 0.489974937 -0.489974937 0.489974937 -0.489974937 0 0
-0.171511 -0.03105 0.038197 0.332638 -0.164672 0.048803 -0.122455 0.036816 -0.037754 0.313652 -0.19398 -0.019233 0 1.530651629 0.989974937 0.481360042 0.487468672 0.487468672 0.487468672 0.487468672 1.530651629 -0.989974937 -0.481360042 0.487468672 -0.487468672 0.487468672 -0.487468672 0 0
-0.167486 -0.032282 0.038398 0.324277 -0.16047 0.050058 -0.126018 0.034805 -0.037577 0.32162 -0.194986 -0.006685 0 1.522781955 0.987969925 0.477669738 0.484962406 0.484962406 0.484962406 0.484962406 1.522781955 -0.987969925 -0.477669738 0.484962406 -0.484962406 0.484962406 -0.484962406 0 0
-0.162304 -0.032818 0.038403 0.313266 -0.154658 0.051239 -0.132367 0.03358 -0.037777 0.334489 -0.192904 0.002898 0 1.514912281 0.985964912 0.473991998 0.48245614 0.48245614 0.48245614 0.48245614 1.514912281 -0.985964912 -0.473991998 0.48245614 -0.48245614 0.48245614 -0.48245614 0 0
-0.155874 -0.032569 0.038263 0.299362 -0.147098 0.052374 -0.141454 0.033286 -0.038235 0.351931 -0.187077 0.008863 0 1.507042607 0.9839599 0.47032682 0.479949875 0.479949875 0.479949875 0.479949875 1.507042607 -0.9839599 -0.47032682 0.479949875 -0.479949875 0.479949875 -0.479949875 0 0
-0.148378 -0.031819 0.038137 0.28287 -0.138017 0.053406 -0.153154 0.03337 -0.038681 0.374017 -0.179393 0.016146 0 1.499172932 0.981954887 0.466674204 0.477443609 0.477443609 0.477443609 0.477443609 1.499172932 -0.981954887 -0.466674204 0.477443609 -0.477443609 0.477443609 -0.477443609 0 0
-0.14053 -0.031432 0.038121 0.265132 -0.128131 0.054261 -0.167617 0.033245 -0.03911 0.403426 -0.172475 0.023598 0 1.491303258 0.979949875 0.463034152 0.474937343 0.474937343 0.474937343 0.474937343 1.491303258 -0.979949875 -0.463034152 0.474937343 -0.474937343 0.474937343 -0.474937343 0 0
-0.133356 -0.031696 0.03839 0.248145 -0.11855 0.055074 -0.184961 0.034087 -0.035541 0.445673 -0.209403 0.009191 0 1.483433584 0.977944862 0.459406662 0.472431078 0.472431078 0.472431078 0.472431078 1.483433584 -0.977944862 -0.459406662 0.472431078 -0.472431078 0.472431078 -0.472431078 0 0
-0.12737 -0.032064 0.038968 0.233264 -0.110084 0.055824 -0.203871 0.035949 -0.028292 0.495337 -0.254626 0.003774 0 1.47556391 0.97593985 0.455791735 0.469924812 0.469924812 0.469924812 0.469924812 1.47556391 -0.97593985 -0.455791735 0.469924812 -0.469924812 0.469924812 -0.469924812 0 0
-0.121789 -0.032675 0.039467 0.220123 -0.102563 0.056416 -0.222044 0.037511 -0.022264 0.546535 -0.286625 0.001169 0 1.467694236 0.973934837 0.452189371 0.467418546 0.467418546 0.467418546 0.467418546 1.467694236 -0.973934837 -0.452189371 0.467418546 -0.467418546 0.467418546 -0.467418546 0 0
-0.116167 -0.033564 0.039802 0.208241 -0.095817 0.056954 -0.238162 0.03856 -0.017528 0.595576 -0.306472 -0.000307 0 1.459824561 0.971929825 0.448599569 0.464912281 0.464912281 0.464912281 0.464912281 1.459824561 -0.971929825 -0.448599569 0.464912281 -0.464912281 0.464912281 -0.464912281 0 0
-0.110847 -0.034538 0.040085 0.197822 -0.08997 0.057408 -0.252015 0.039233 -0.013737 0.640537 -0.319542 -0.001261 0 1.451954887 0.969924812 0.44502233 0.462406015 0.462406015 0.462406015 0.462406015 1.451954887 -0.969924812 -0.44502233 0.462406015 -0.462406015 0.462406015 -0.462406015 0 0
-0.106058 -0.035509 0.040326 0.189011 -0.085087 0.057753 -0.2635 0.039507 -0.010825 0.680213 -0.330031 -0.001789 0 1.444085213 0.967919799 0.441457654 0.459899749 0.459899749 0.459899749 0.459899749 1.444085213 -0.967919799 -0.441457654 0.459899749 -0.459899749 0.459899749 -0.459899749 0 0
-0.101995 -0.036394 0.04049 0.182006 -0.081232 0.057938 -0.272513 0.039358 -0.00871 0.713609 -0.340827 -0.002021 0 1.436215539 0.965914787 0.437905541 0.457393484 0.457393484 0.457393484 0.457393484 1.436215539 -0.965914787 -0.437905541 0.457393484 -0.457393484 0.457393484 -0.457393484 0 0
-0.098711 -0.037156 0.040619 0.176852 -0.078489 0.058092 -0.279038 0.038746 -0.007298 0.74016 -0.353674 -0.002127 0 1.428345865 0.963909774 0.43436599 0.454887218 0.454887218 0.454887218 0.454887218 1.428345865 -0.963909774 -0.43436599 0.454887218 -0.454887218 0.454887218 -0.454887218 0 0
-0.096174 -0.037812 0.040719 0.173389 -0.07673 0.058224 -0.283145 0.037607 -0.006504 0.759619 -0.368989 -0.002188 0 1.42047619 0.961904762 0.430839002 0.452380952 0.452380952 0.452380952 0.452380952 1.42047619 -0.961904762 -0.430839002 0.452380952 -0.452380952 0.452380952 -0.452380952 0 0
-0.094362 -0.038383 0.040789 0.171442 -0.075855 0.058316 -0.284968 0.035943 -0.006173 0.771882 -0.386255 -0.002245 0 1.412606516 0.959899749 0.427324577 0.449874687 0.449874687 0.449874687 0.449874687 1.412606516 -0.959899749 -0.427324577 0.449874687 -0.449874687 0.449874687 -0.449874687 0 0
-0.093237 -0.0389 0.040836 0.170806 -0.075727 0.058341 -0.284684 0.033803 -0.006138 0.777035 -0.404523 -0.002313 0 1.404736842 0.957894737 0.423822715 0.447368421 0.447368421 0.447368421 0.447368421 1.404736842 -0.957894737 -0.423822715 0.447368421 -0.447368421 0.447368421 -0.447368421 0 0
-0.092738 -0.03938 0.040843 0.171289 -0.076295 0.058231 -0.282445 0.031278 -0.006294 0.77527 -0.422792 -0.002406 0 1.396867168 0.955889724 0.420333415 0.444862155 0.444862155 0.444862155 0.444862155 1.396867168 -0.955889724 -0.420333415 0.444862155 -0.444862155 0.444862155 -0.444862155 0 0
-0.092786 -0.039822 0.040736 0.172696 -0.077288 0.058135 -0.278192 0.028569 -0.006414 0.766178 -0.439203 -0.002578 0 1.388997494 0.953884712 0.416856678 0.44235589 0.44235589 0.44235589 0.44235589 1.388997494 -0.953884712 -0.416856678 0.44235589 -0.44235589 0.44235589 -0.44235589 0 0
-0.093362 -0.040186 0.040498 0.175071 -0.078892 0.057989 -0.271793 0.025947 -0.006191 0.749144 -0.451906 -0.002827 0 1.38112782 0.951879699 0.413392504 0.439849624 0.439849624 0.439849624 0.439849624 1.38112782 -0.951879699 -0.413392504 0.439849624 -0.439849624 0.439849624 -0.439849624 0 0
-0.094457 -0.040451 0.040142 0.178436 -0.08108 0.057584 -0.263203 0.023591 -0.005546 0.723938 -0.459841 -0.003121 0 1.373258145 0.949874687 0.409940892 0.437343358 0.437343358 0.437343358 0.437343358 1.373258145 -0.949874687 -0.409940892 0.437343358 -0.437343358 0.437343358 -0.437343358 0 0
-0.096087 -0.040659 0.039754 0.182847 -0.083842 0.057152 -0.252637 0.021581 -0.004596 0.69128 -0.462193 -0.003442 0 1.365388471 0.947869674 0.406501844 0.434837093 0.434837093 0.434837093 0.434837093 1.365388471 -0.947869674 -0.406501844 0.434837093 -0.434837093 0.434837093 -0.434837093 0 0
-0.098208 -0.04081 0.039349 0.188344 -0.087278 0.056553 -0.240315 0.01997 -0.00368 0.652266 -0.45814 -0.003764 0 1.357518797 0.945864662 0.403075358 0.432330827 0.432330827 0.432330827 0.432330827 1.357518797 -0.945864662 -0.403075358 0.432330827 -0.432330827 0.432330827 -0.432330827 0 0
-0.100802 -0.040861 0.038896 0.194975 -0.091419 0.055748 -0.226504 0.018825 -0.003349 0.608153 -0.446634 -0.003951 0 1.349649123 0.943859649 0.399661434 0.429824561 0.429824561 0.429824561 0.429824561 1.349649123 -0.943859649 -0.399661434 0.429824561 -0.429824561 0.429824561 -0.429824561 0 0
-0.103897 -0.04076 0.038398 0.202787 -0.096192 0.054769 -0.211577 0.018229 -0.004111 0.560318 -0.426681 -0.004112 0 1.341779449 0.941854637 0.396260074 0.427318296 0.427318296 0.427318296 0.427318296 1.341779449 -0.941854637 -0.396260074 0.427318296 -0.427318296 0.427318296 -0.427318296 0 0
-0.107567 -0.040514 0.037876 0.21191 -0.101696 0.053622 -0.195996 0.018161 -0.006465 0.510336 -0.398073 -0.004658 0 1.333909774 0.939849624 0.392871276 0.42481203 0.42481203 0.42481203 0.42481203 1.333909774 -0.939849624 -0.392871276 0.42481203 -0.42481203 0.42481203 -0.42481203 0 0
-0.11198 -0.040236 0.03752 0.222566 -0.108033 0.052366 -0.180669 0.018461 -0.010708 0.4613 -0.363709 -0.005813 0 1.3260401 0.937844612 0.389495041 0.422305764 0.422305764 0.422305764 0.422305764 1.3260401 -0.937844612 -0.389495041 0.422305764 -0.422305764 0.422305764 -0.422305764 0 0
-0.117203 -0.04017 0.037462 0.234841 -0.115222 0.051008 -0.166344 0.018864 -0.016508 0.416262 -0.328689 -0.00734 0 1.318170426 0.935839599 0.386131369 0.419799499 0.419799499 0.419799499 0.419799499 1.318170426 -0.935839599 -0.386131369 0.419799499 -0.419799499 0.419799499 -0.419799499 0 0
-0.123198 -0.04083 0.037606 0.248527 -0.123097 0.04967 -0.153408 0.01854 -0.02445 0.377356 -0.302011 -0.008474 0 1.310300752 0.933834586 0.382780259 0.417293233 0.417293233 0.417293233 0.417293233 1.310300752 -0.933834586 -0.382780259 0.417293233 -0.417293233 0.417293233 -0.417293233 0 0
-0.129588 -0.041776 0.038052 0.262496 -0.130942 0.048772 -0.144256 0.018921 -0.027566 0.350944 -0.267868 -0.014985 0 1.302431078 0.931829574 0.379441712 0.414786967 0.414786967 0.414786967 0.414786967 1.302431078 -0.931829574 -0.379441712 0.414786967 -0.414786967 0.414786967 -0.414786967 0 0
-0.134792 -0.041495 0.039606 0.273178 -0.136881 0.048283 -0.143051 0.019728 -0.027017 0.342692 -0.244499 -0.026847 0 1.294561404 0.929824561 0.376115728 0.412280702 0.412280702 0.412280702 0.412280702 1.294561404 -0.929824561 -0.376115728 0.412280702 -0.412280702 0.412280702 -0.412280702 0 0
-0.137383 -0.040904 0.040154 0.279138 -0.140371 0.046579 -0.144535 0.020272 -0.026575 0.344052 -0.236714 -0.030014 0 1.286691729 0.927819549 0.372802307 0.409774436 0.409774436 0.409774436 0.409774436 1.286691729 -0.927819549 -0.372802307 0.409774436 -0.409774436 0.409774436 -0.409774436 0 0
-0.137726 -0.04122 0.039935 0.281039 -0.141714 0.045065 -0.144676 0.019836 -0.026989 0.343826 -0.227566 -0.031035 0 1.278822055 0.925814536 0.369501448 0.40726817 0.40726817 0.40726817 0.40726817 1.278822055 -0.925814536 -0.369501448 0.40726817 -0.40726817 0.40726817 -0.40726817 0 0
-0.13705 -0.042156 0.039983 0.280397 -0.141833 0.043755 -0.144507 0.018771 -0.027365 0.34196 -0.215032 -0.031945 0 1.270952381 0.923809524 0.366213152 0.404761905 0.404761905 0.404761905 0.404761905 1.270952381 -0.923809524 -0.366213152 0.404761905 -0.404761905 0.404761905 -0.404761905 0 0
-0.135988 -0.043354 0.040474 0.278388 -0.141201 0.042503 -0.144481 0.017501 -0.027153 0.339519 -0.201319 -0.032964 0 1.263082707 0.921804511 0.362937419 0.402255639 0.402255639 0.402255639 0.402255639 1.263082707 -0.921804511 -0.362937419 0.402255639 -0.402255639 0.402255639 -0.402255639 0 0
-0.13566 -0.044197 0.041021 0.277302 -0.141139 0.040842 -0.14535 0.01662 -0.026959 0.339132 -0.192849 -0.035139 0 1.255213033 0.919799499 0.359674248 0.399749373 0.399749373 0.399749373 0.399749373 1.255213033 -0.919799499 -0.359674248 0.399749373 -0.399749373 0.399749373 -0.399749373 0 0
-0.135071 -0.043379 0.041104 0.276291 -0.141142 0.039394 -0.146036 0.017442 -0.026695 0.340673 -0.19406 -0.036172 0 1.247343358 0.917794486 0.356423641 0.397243108 0.397243108 0.397243108 0.397243108 1.247343358 -0.917794486 -0.356423641 0.397243108 -0.397243108 0.397243108 -0.397243108 0 0
-0.134456 -0.042023 0.040987 0.275439 -0.141225 0.038358 -0.14504 0.018832 -0.026761 0.338689 -0.193457 -0.037012 0 1.239473684 0.915789474 0.353185596 0.394736842 0.394736842 0.394736842 0.394736842 1.239473684 -0.915789474 -0.353185596 0.394736842 -0.394736842 0.394736842 -0.394736842 0 0
-0.134379 -0.04001 0.040842 0.275368 -0.141767 0.036123 -0.143456 0.020868 -0.026884 0.334897 -0.191909 -0.0388 0 1.23160401 0.913784461 0.349960113 0.392230576 0.392230576 0.392230576 0.392230576 1.23160401 -0.913784461 -0.349960113 0.392230576 -0.392230576 0.392230576 -0.392230576 0 0
-0.135327 -0.037715 0.040609 0.27708 -0.142203 0.033939 -0.141218 0.023175 -0.027089 0.329378 -0.189372 -0.040635 0 1.223734336 0.911779449 0.346747194 0.389724311 0.389724311 0.389724311 0.389724311 1.223734336 -0.911779449 -0.346747194 0.389724311 -0.389724311 0.389724311 -0.389724311 0 0
-0.138222 -0.035664 0.040245 0.282256 -0.141341 0.033718 -0.13797 0.025278 -0.027564 0.32159 -0.185525 -0.042294 0 1.215864662 0.909774436 0.343546837 0.387218045 0.387218045 0.387218045 0.387218045 1.215864662 -0.909774436 -0.343546837 0.387218045 -0.387218045 0.387218045 -0.387218045 0 0
-0.143621 -0.033944 0.039828 0.292151 -0.139264 0.032333 -0.133463 0.026881 -0.028211 0.311124 -0.180122 -0.04388 0 1.207994987 0.907769424 0.340359043 0.384711779 0.384711779 0.384711779 0.384711779 1.207994987 -0.907769424 -0.340359043 0.384711779 -0.384711779 0.384711779 -0.384711779 0 0
-0.151648 -0.032836 0.039524 0.306848 -0.135085 0.030908 -0.127699 0.027771 -0.028946 0.297989 -0.173157 -0.045322 0 1.200125313 0.905764411 0.337183812 0.382205514 0.382205514 0.382205514 0.382205514 1.200125313 -0.905764411 -0.337183812 0.382205514 -0.382205514 0.382205514 -0.382205514 0 0
-0.162419 -0.032411 0.039059 0.326419 -0.128767 0.029313 -0.120973 0.02791 -0.029968 0.282774 -0.164975 -0.046648 0 1.192255639 0.903759398 0.334021143 0.379699248 0.379699248 0.379699248 0.379699248 1.192255639 -0.903759398 -0.334021143 0.379699248 -0.379699248 0.379699248 -0.379699248 0 0
-0.175789 -0.032875 0.033095 0.353293 -0.127269 0.011409 -0.113939 0.027952 -0.03098 0.266842 -0.156304 -0.04785 0 1.184385965 0.901754386 0.330871037 0.377192982 0.377192982 0.377192982 0.377192982 1.184385965 -0.901754386 -0.330871037 0.377192982 -0.377192982 0.377192982 -0.377192982 0 0
-0.190825 -0.034699 0.024687 0.389052 -0.159725 0.005318 -0.107555 0.028254 -0.031326 0.25213 -0.148042 -0.048856 0 1.176516291 0.899749373 0.327733494 0.374686717 0.374686717 0.374686717 0.374686717 1.176516291 -0.899749373 -0.327733494 0.374686717 -0.374686717 0.374686717 -0.374686717 0 0
-0.208082 -0.036645 0.018793 0.434144 -0.203258 0.001931 -0.10238 0.028811 -0.031679 0.239468 -0.140844 -0.050049 0 1.168646617 0.897744361 0.324608514 0.372180451 0.372180451 0.372180451 0.372180451 1.168646617 -0.897744361 -0.324608514 0.372180451 -0.372180451 0.372180451 -0.372180451 0 0
-0.226079 -0.038097 0.016432 0.484855 -0.239079 0.000899 -0.097613 0.029664 -0.032161 0.228292 -0.134459 -0.050972 0 1.160776942 0.895739348 0.321496096 0.369674185 0.369674185 0.369674185 0.369674185 1.160776942 -0.895739348 -0.321496096 0.369674185 -0.369674185 0.369674185 -0.369674185 0 0
-0.242765 -0.039503 0.01488 0.535003 -0.264947 0.000552 -0.092941 0.03067 -0.032493 0.218367 -0.128825 -0.051796 0 1.152907268 0.893734336 0.318396241 0.36716792 0.36716792 0.36716792 0.36716792 1.152907268 -0.893734336 -0.318396241 0.36716792 -0.36716792 0.36716792 -0.36716792 0 0
-0.257975 -0.040946 0.013297 0.582182 -0.284364 0.00033 -0.088886 0.031711 -0.032815 0.210031 -0.124122 -0.052536 0 1.145037594 0.891729323 0.315308949 0.364661654 0.364661654 0.364661654 0.364661654 1.145037594 -0.891729323 -0.315308949 0.364661654 -0.364661654 0.364661654 -0.364661654 0 0
-0.271344 -0.042356 0.011758 0.624495 -0.299402 0.000172 -0.085671 0.032689 -0.033085 0.203536 -0.120496 -0.053005 0 1.13716792 0.889724311 0.31223422 0.362155388 0.362155388 0.362155388 0.362155388 1.13716792 -0.889724311 -0.31223422 0.362155388 -0.362155388 0.362155388 -0.362155388 0 0
-0.282598 -0.043563 0.010452 0.66074 -0.312594 0.000049 -0.083402 0.033597 -0.033292 0.199013 -0.117895 -0.053425 0 1.129298246 0.887719298 0.309172053 0.359649123 0.359649123 0.359649123 0.359649123 1.129298246 -0.887719298 -0.309172053 0.359649123 -0.359649123 0.359649123 -0.359649123 0 0
-0.291744 -0.044363 0.009612 0.690762 -0.326307 -0.000155 -0.082045 0.034456 -0.033488 0.196403 -0.116458 -0.053798 0 1.121428571 0.885714286 0.306122449 0.357142857 0.357142857 0.357142857 0.357142857 1.121428571 -0.885714286 -0.306122449 0.357142857 -0.357142857 0.357142857 -0.357142857 0 0
-0.298764 -0.044662 0.009218 0.714494 -0.341712 -0.000445 -0.081513 0.035287 -0.033698 0.195564 -0.116036 -0.054138 0 1.113558897 0.883709273 0.303085408 0.354636591 0.354636591 0.354636591 0.354636591 1.113558897 -0.883709273 -0.303085408 0.354636591 -0.354636591 0.354636591 -0.354636591 0 0
-0.303677 -0.044472 0.009131 0.73192 -0.359051 -0.000813 -0.081706 0.036088 -0.033925 0.196326 -0.116541 -0.054387 0 1.105689223 0.881704261 0.300060929 0.352130326 0.352130326 0.352130326 0.352130326 1.105689223 -0.881704261 -0.300060929 0.352130326 -0.352130326 0.352130326 -0.352130326 0 0
-0.30648 -0.043863 0.00924 0.742891 -0.377715 -0.001264 -0.082542 0.036839 -0.03413 0.198536 -0.117878 -0.054553 0 1.097819549 0.879699248 0.297049014 0.34962406 0.34962406 0.34962406 0.34962406 1.097819549 -0.879699248 -0.297049014 0.34962406 -0.34962406 0.34962406 -0.34962406 0 0
-0.307042 -0.042981 0.009414 0.74677 -0.396339 -0.001785 -0.083965 0.037479 -0.03423 0.202111 -0.120028 -0.054675 0 1.089949875 0.877694236 0.29404966 0.347117794 0.347117794 0.347117794 0.347117794 1.089949875 -0.877694236 -0.29404966 0.347117794 -0.347117794 0.347117794 -0.347117794 0 0
-0.305142 -0.041946 0.009553 0.742509 -0.413059 -0.002356 -0.085941 0.037961 -0.034178 0.206987 -0.122896 -0.054724 0 1.082080201 0.875689223 0.29106287 0.344611529 0.344611529 0.344611529 0.344611529 1.082080201 -0.875689223 -0.29106287 0.344611529 -0.344611529 0.344611529 -0.344611529 0 0
-0.300865 -0.040726 0.009776 0.729984 -0.427036 -0.002941 -0.088429 0.038313 -0.034041 0.213024 -0.126444 -0.05461 0 1.074210526 0.873684211 0.288088643 0.342105263 0.342105263 0.342105263 0.342105263 1.074210526 -0.873684211 -0.288088643 0.342105263 -0.342105263 0.342105263 -0.342105263 0 0
-0.294326 -0.039265 0.010358 0.709406 -0.43729 -0.003453 -0.091372 0.038596 -0.033849 0.220093 -0.130615 -0.054538 0 1.066340852 0.871679198 0.285126978 0.339598997 0.339598997 0.339598997 0.339598997 1.066340852 -0.871679198 -0.285126978 0.339598997 -0.339598997 0.339598997 -0.339598997 0 0
-0.285613 -0.037586 0.011638 0.681079 -0.442242 -0.003735 -0.094722 0.038805 -0.033615 0.228149 -0.135392 -0.054414 0 1.058471178 0.869674185 0.282177876 0.337092732 0.337092732 0.337092732 0.337092732 1.058471178 -0.869674185 -0.282177876 0.337092732 -0.337092732 0.337092732 -0.337092732 0 0
-0.27489 -0.035722 0.014076 0.645685 -0.440349 -0.003645 -0.098473 0.038932 -0.033342 0.237221 -0.140783 -0.054173 0 1.050601504 0.867669173 0.279241336 0.334586466 0.334586466 0.334586466 0.334586466 1.050601504 -0.867669173 -0.279241336 0.334586466 -0.334586466 0.334586466 -0.334586466 0 0
-0.262394 -0.033822 0.017878 0.604216 -0.430152 -0.003113 -0.102592 0.038957 -0.03306 0.247311 -0.146792 -0.053814 0 1.04273183 0.86566416 0.27631736 0.332080201 0.332080201 0.332080201 0.332080201 1.04273183 -0.86566416 -0.27631736 0.332080201 -0.332080201 0.332080201 -0.332080201 0 0
-0.248441 -0.032041 0.023055 0.557897 -0.409573 -0.002113 -0.107112 0.038892 -0.032772 0.258484 -0.153455 -0.053328 0 1.034862155 0.863659148 0.273405946 0.329573935 0.329573935 0.329573935 0.329573935 1.034862155 -0.863659148 -0.273405946 0.329573935 -0.329573935 0.329573935 -0.329573935 0 0
-0.233366 -0.03048 0.029197 0.508139 -0.377601 -0.000776 -0.112136 0.03884 -0.03245 0.270928 -0.160889 -0.052677 0 1.026992481 0.861654135 0.270507095 0.327067669 0.327067669 0.327067669 0.327067669 1.026992481 -0.861654135 -0.270507095 0.327067669 -0.327067669 0.327067669 -0.327067669 0 0
-0.21793 -0.029015 0.035316 0.45824 -0.34101 -0.000057 -0.117834 0.039135 -0.032081 0.284818 -0.169047 -0.051944 0 1.019122807 0.859649123 0.267620806 0.324561404 0.324561404 0.324561404 0.324561404 1.019122807 -0.859649123 -0.267620806 0.324561404 -0.324561404 0.324561404 -0.324561404 0 0
-0.202759 -0.027117 0.039582 0.412619 -0.324539 -0.003408 -0.124161 0.040476 -0.031506 0.299951 -0.177788 -0.051172 0 1.011253133 0.85764411 0.264747081 0.322055138 0.322055138 0.322055138 0.322055138 1.011253133 -0.85764411 -0.264747081 0.322055138 -0.322055138 0.322055138 -0.322055138 0 0
-0.193691 -0.028359 0.042076 0.387252 -0.285214 0.03557 -0.130324 0.040907 -0.032077 0.314215 -0.186019 -0.050132 0 1.003383459 0.855639098 0.261885918 0.319548872 0.319548872 0.319548872 0.319548872 1.003383459 -0.855639098 -0.261885918 0.319548872 -0.319548872 0.319548872 -0.319548872 0 0
-0.189719 -0.029674 0.041688 0.373833 -0.251089 0.038722 -0.133487 0.039608 -0.03333 0.322864 -0.191389 -0.049001 0 0.995513784 0.853634085 0.259037318 0.317042607 0.317042607 0.317042607 0.317042607 0.995513784 -0.853634085 -0.259037318 0.317042607 -0.317042607 0.317042607 -0.317042607 0 0
-0.186196 -0.030362 0.041399 0.364799 -0.230079 0.039213 -0.133802 0.038873 -0.033589 0.325928 -0.193578 -0.04782 0 0.98764411 0.851629073 0.25620128 0.314536341 0.314536341 0.314536341 0.314536341 0.98764411 -0.851629073 -0.25620128 0.314536341 -0.314536341 0.314536341 -0.314536341 0 0
-0.183193 -0.03021 0.04126 0.357241 -0.21304 0.039974 -0.132604 0.039027 -0.033718 0.325138 -0.193813 -0.046825 0 0.979774436 0.84962406 0.253377805 0.312030075 0.312030075 0.312030075 0.312030075 0.979774436 -0.84962406 -0.253377805 0.312030075 -0.312030075 0.312030075 -0.312030075 0 0
-0.181174 -0.029454 0.040767 0.351182 -0.197643 0.040566 -0.131037 0.039821 -0.034191 0.322824 -0.193216 -0.04631 0 0.971904762 0.847619048 0.250566893 0.30952381 0.30952381 0.30952381 0.30952381 0.971904762 -0.847619048 -0.250566893 0.30952381 -0.30952381 0.30952381 -0.30952381 0 0
-0.180213 -0.028325 0.039956 0.346923 -0.183669 0.04117 -0.129599 0.040969 -0.035127 0.320386 -0.192579 -0.045679 0 0.964035088 0.845614035 0.247768544 0.307017544 0.307017544 0.307017544 0.307017544 0.964035088 -0.845614035 -0.247768544 0.307017544 -0.307017544 0.307017544 -0.307017544 0 0
-0.180153 -0.027038 0.039039 0.344553 -0.171632 0.041761 -0.128508 0.04224 -0.036258 0.318514 -0.192264 -0.045035 0 0.956165414 0.843609023 0.244982758 0.304511278 0.304511278 0.304511278 0.304511278 0.956165414 -0.843609023 -0.244982758 0.304511278 -0.304511278 0.304511278 -0.304511278 0 0
-0.181226 -0.026022 0.037928 0.345611 -0.167319 0.040719 -0.127737 0.043127 -0.037571 0.317179 -0.192194 -0.043976 0 0.948295739 0.84160401 0.242209534 0.302005013 0.302005013 0.302005013 0.302005013 0.948295739 -0.84160401 -0.242209534 0.302005013 -0.302005013 0.302005013 -0.302005013 0 0
-0.181354 -0.026122 0.037053 0.347402 -0.168752 0.042417 -0.125778 0.043216 -0.038107 0.314735 -0.191655 -0.0431 0 0.940426065 0.839598997 0.239448873 0.299498747 0.299498747 0.299498747 0.299498747 0.940426065 -0.839598997 -0.239448873 0.299498747 -0.299498747 0.299498747 -0.299498747 0 0
-0.18087 -0.026869 0.036748 0.347762 -0.169994 0.043867 -0.122861 0.044136 -0.037958 0.313201 -0.193414 -0.042841 0 0.932556391 0.837593985 0.236700774 0.296992481 0.296992481 0.296992481 0.296992481 0.932556391 -0.837593985 -0.236700774 0.296992481 -0.296992481 0.296992481 -0.296992481 0 0
-0.179584 -0.027681 0.036827 0.34634 -0.169914 0.0452 -0.121386 0.043365 -0.037793 0.311465 -0.193156 -0.041209 0 0.924686717 0.835588972 0.233965239 0.294486216 0.294486216 0.294486216 0.294486216 0.924686717 -0.835588972 -0.233965239 0.294486216 -0.294486216 0.294486216 -0.294486216 0 0
-0.17781 -0.028807 0.037046 0.343492 -0.169058 0.046554 -0.120332 0.042199 -0.037469 0.310303 -0.193163 -0.03822 0 0.916817043 0.83358396 0.231242266 0.29197995 0.29197995 0.29197995 0.29197995 0.916817043 -0.83358396 -0.231242266 0.29197995 -0.29197995 0.29197995 -0.29197995 0 0
-0.17544 -0.030264 0.03732 0.339048 -0.167284 0.047872 -0.120094 0.040496 -0.037083 0.310765 -0.194071 -0.032155 0 0.908947368 0.831578947 0.228531856 0.289473684 0.289473684 0.289473684 0.289473684 0.908947368 -0.831578947 -0.228531856 0.289473684 -0.289473684 0.289473684 -0.289473684 0 0
-0.172337 -0.031834 0.037544 0.332842 -0.164402 0.049181 -0.121288 0.038259 -0.036783 0.314316 -0.196222 -0.020056 0 0.901077694 0.829573935 0.225834009 0.286967419 0.286967419 0.286967419 0.286967419 0.901077694 -0.829573935 -0.225834009 0.286967419 -0.286967419 0.286967419 -0.286967419 0 0
-0.168304 -0.033048 0.037718 0.32446 -0.160168 0.050441 -0.124904 0.036233 -0.036641 0.322425 -0.19735 -0.007031 0 0.89320802 0.827568922 0.223148724 0.284461153 0.284461153 0.284461153 0.284461153 0.89320802 -0.827568922 -0.223148724 0.284461153 -0.284461153 0.284461153 -0.284461153 0 0
-0.163107 -0.033564 0.037698 0.313411 -0.154311 0.05161 -0.131313 0.034993 -0.036888 0.335447 -0.195368 0.00305 0 0.885338346 0.82556391 0.220476002 0.281954887 0.281954887 0.281954887 0.281954887 0.885338346 -0.82556391 -0.220476002 0.281954887 -0.281954887 0.281954887 -0.281954887 0 0
-0.156653 -0.033297 0.037525 0.299448 -0.146697 0.052748 -0.140455 0.034688 -0.037411 0.353042 -0.189606 0.009469 0 0.877468672 0.823558897 0.217815843 0.279448622 0.279448622 0.279448622 0.279448622 0.877468672 -0.823558897 -0.217815843 0.279448622 -0.279448622 0.279448622 -0.279448622 0 0
-0.149126 -0.032502 0.037366 0.282869 -0.137538 0.053754 -0.152208 0.034828 -0.037938 0.375193 -0.181721 0.016447 0 0.869598997 0.821553885 0.215168246 0.276942356 0.276942356 0.276942356 0.276942356 0.869598997 -0.821553885 -0.215168246 0.276942356 -0.276942356 0.276942356 -0.276942356 0 0
-0.14122 -0.032058 0.037326 0.264985 -0.12755 0.054608 -0.166694 0.034706 -0.038547 0.40433 -0.174598 0.024356 0 0.861729323 0.819548872 0.212533213 0.27443609 0.27443609 0.27443609 0.27443609 0.861729323 -0.819548872 -0.212533213 0.27443609 -0.27443609 0.27443609 -0.27443609 0 0
-0.133973 -0.032293 0.037607 0.247814 -0.117837 0.055454 -0.184112 0.03538 -0.03526 0.44623 -0.211049 0.014884 0 0.853859649 0.81754386 0.209910742 0.271929825 0.271929825 0.271929825 0.271929825 0.853859649 -0.81754386 -0.209910742 0.271929825 -0.271929825 0.271929825 -0.271929825 0 0
-0.127929 -0.032604 0.038169 0.2328 -0.109273 0.056144 -0.20313 0.037275 -0.028419 0.495695 -0.256328 -0.002181 0 0.845989975 0.815538847 0.207300834 0.269423559 0.269423559 0.269423559 0.269423559 0.845989975 -0.815538847 -0.207300834 0.269423559 -0.269423559 0.269423559 -0.269423559 0 0
-0.122327 -0.033174 0.038623 0.219526 -0.101643 0.056744 -0.221418 0.03882 -0.022365 0.546592 -0.288399 -0.005186 0 0.838120301 0.813533835 0.204703488 0.266917293 0.266917293 0.266917293 0.266917293 0.838120301 -0.813533835 -0.204703488 0.266917293 -0.266917293 0.266917293 -0.266917293 0 0
-0.116687 -0.034044 0.038948 0.207483 -0.094773 0.057287 -0.237665 0.039759 -0.017716 0.595318 -0.308331 -0.006368 0 0.830250627 0.811528822 0.202118705 0.264411028 0.264411028 0.264411028 0.264411028 0.830250627 -0.811528822 -0.202118705 0.264411028 -0.264411028 0.264411028 -0.264411028 0 0
-0.111294 -0.035021 0.039234 0.196899 -0.08881 0.057753 -0.251575 0.040266 -0.014015 0.639945 -0.321294 -0.006564 0 0.822380952 0.80952381 0.199546485 0.261904762 0.261904762 0.261904762 0.261904762 0.822380952 -0.80952381 -0.199546485 0.261904762 -0.261904762 0.261904762 -0.261904762 0 0
-0.10645 -0.035987 0.039489 0.188005 -0.083857 0.058121 -0.263099 0.04042 -0.01103 0.679341 -0.331497 -0.006314 0 0.814511278 0.807518797 0.196986828 0.259398496 0.259398496 0.259398496 0.259398496 0.814511278 -0.807518797 -0.196986828 0.259398496 -0.259398496 0.259398496 -0.259398496 0 0
-0.102345 -0.036858 0.039669 0.180972 -0.079963 0.058299 -0.272151 0.040171 -0.008834 0.712553 -0.342011 -0.005887 0 0.806641604 0.805513784 0.194439733 0.256892231 0.256892231 0.256892231 0.256892231 0.806641604 -0.805513784 -0.194439733 0.256892231 -0.256892231 0.256892231 -0.256892231 0 0
-0.099023 -0.037617 0.039817 0.175805 -0.077187 0.058514 -0.278721 0.039455 -0.007362 0.73902 -0.354615 -0.005426 0 0.79877193 0.803508772 0.191905202 0.254385965 0.254385965 0.254385965 0.254385965 0.79877193 -0.803508772 -0.191905202 0.254385965 -0.254385965 0.254385965 -0.254385965 0 0
-0.096454 -0.038265 0.039932 0.172332 -0.075399 0.058644 -0.282883 0.038228 -0.006517 0.758484 -0.36971 -0.005 0 0.790902256 0.801503759 0.189383233 0.251879699 0.251879699 0.251879699 0.251879699 0.790902256 -0.801503759 -0.189383233 0.251879699 -0.251879699 0.251879699 -0.251879699 0 0
-0.094621 -0.038828 0.040022 0.170386 -0.074501 0.058735 -0.284769 0.036491 -0.006137 0.770816 -0.386782 -0.00464 0 0.783032581 0.799498747 0.186873826 0.249373434 0.249373434 0.249373434 0.249373434 0.783032581 -0.799498747 -0.186873826 0.249373434 -0.249373434 0.249373434 -0.249373434 0 0
-0.093481 -0.039337 0.040083 0.169758 -0.074354 0.05879 -0.284542 0.034294 -0.006059 0.776079 -0.404878 -0.004354 0 0.775162907 0.797493734 0.184376983 0.246867168 0.246867168 0.246867168 0.246867168 0.775162907 -0.797493734 -0.184376983 0.246867168 -0.246867168 0.246867168 -0.246867168 0 0
-0.092971 -0.039804 0.040095 0.170237 -0.074853 0.058606 -0.282351 0.031724 -0.006189 0.774439 -0.422998 -0.004145 0 0.767293233 0.795488722 0.181892702 0.244360902 0.244360902 0.244360902 0.244360902 0.767293233 -0.795488722 -0.181892702 0.244360902 -0.244360902 0.244360902 -0.244360902 0 0
-0.093016 -0.04023 0.040003 0.171686 -0.07593 0.05861 -0.278129 0.029004 -0.00627 0.765456 -0.4393 -0.004057 0 0.759423559 0.793483709 0.179420984 0.241854637 0.241854637 0.241854637 0.241854637 0.759423559 -0.793483709 -0.179420984 0.241854637 -0.241854637 0.241854637 -0.241854637 0 0
-0.09358 -0.04058 0.039766 0.174047 -0.077468 0.05841 -0.271754 0.026355 -0.006067 0.74855 -0.451945 -0.004089 0 0.751553885 0.791478697 0.176961828 0.239348371 0.239348371 0.239348371 0.239348371 0.751553885 -0.791478697 -0.176961828 0.239348371 -0.239348371 0.239348371 -0.239348371 0 0
-0.094661 -0.040854 0.039413 0.177391 -0.07961 0.058142 -0.263181 0.02397 -0.005447 0.723481 -0.459847 -0.004198 0 0.743684211 0.789473684 0.174515235 0.236842105 0.236842105 0.236842105 0.236842105 0.743684211 -0.789473684 -0.174515235 0.236842105 -0.236842105 0.236842105 -0.236842105 0 0
-0.096276 -0.04107 0.039024 0.181784 -0.082377 0.057714 -0.252626 0.021932 -0.004531 0.690981 -0.462174 -0.004363 0 0.735814536 0.787468672 0.172081206 0.23433584 0.23433584 0.23433584 0.23433584 0.735814536 -0.787468672 -0.172081206 0.23433584 -0.23433584 0.23433584 -0.23433584 0 0
-0.098365 -0.041225 0.038631 0.187218 -0.085729 0.057098 -0.240305 0.020319 -0.003617 0.652136 -0.458112 -0.004543 0 0.727944862 0.785463659 0.169659738 0.231829574 0.231829574 0.231829574 0.231829574 0.727944862 -0.785463659 -0.169659738 0.231829574 -0.231829574 0.231829574 -0.231829574 0 0
-0.100923 -0.04129 0.038194 0.193776 -0.089774 0.056323 -0.226485 0.019184 -0.003257 0.608195 -0.446633 -0.004608 0 0.720075188 0.783458647 0.167250834 0.229323308 0.229323308 0.229323308 0.229323308 0.720075188 -0.783458647 -0.167250834 0.229323308 -0.229323308 0.229323308 -0.229323308 0 0
-0.103974 -0.041216 0.037708 0.201503 -0.094488 0.055376 -0.21154 0.018598 -0.003971 0.560538 -0.426751 -0.004663 0 0.712205514 0.781453634 0.164854492 0.226817043 0.226817043 0.226817043 0.226817043 0.712205514 -0.781453634 -0.164854492 0.226817043 -0.226817043 0.226817043 -0.226817043 0 0
-0.107605 -0.041008 0.037192 0.210535 -0.099929 0.054279 -0.19593 0.018533 -0.006263 0.510707 -0.398263 -0.005124 0 0.70433584 0.779448622 0.162470713 0.224310777 0.224310777 0.224310777 0.224310777 0.70433584 -0.779448622 -0.162470713 0.224310777 -0.224310777 0.224310777 -0.224310777 0 0
-0.111984 -0.040766 0.036836 0.221102 -0.106237 0.053008 -0.180563 0.018838 -0.010462 0.46178 -0.364038 -0.006216 0 0.696466165 0.777443609 0.160099497 0.221804511 0.221804511 0.221804511 0.221804511 0.696466165 -0.777443609 -0.160099497 0.221804511 -0.221804511 0.221804511 -0.221804511 0 0
-0.117173 -0.040721 0.036784 0.233277 -0.113365 0.051644 -0.166186 0.019263 -0.016238 0.416799 -0.329064 -0.007718 0 0.688596491 0.775438596 0.157740843 0.219298246 0.219298246 0.219298246 0.219298246 0.688596491 -0.775438596 -0.157740843 0.219298246 -0.219298246 0.219298246 -0.219298246 0 0
-0.123136 -0.04137 0.03694 0.246869 -0.121173 0.050307 -0.153184 0.019006 -0.024144 0.377862 -0.301977 -0.008912 0 0.680726817 0.773433584 0.155394753 0.21679198 0.21679198 0.21679198 0.21679198 0.680726817 -0.773433584 -0.155394753 0.21679198 -0.21679198 0.21679198 -0.21679198 0 0
-0.129486 -0.042702 0.037697 0.260802 -0.129041 0.049294 -0.143314 0.018766 -0.029385 0.349443 -0.27503 -0.027938 0 0.672857143 0.771428571 0.153061224 0.214285714 0.214285714 0.214285714 0.214285714 0.672857143 -0.771428571 -0.153061224 0.214285714 -0.214285714 0.214285714 -0.214285714 0 0
-0.134592 -0.041735 0.03969 0.27131 -0.134977 0.048371 -0.143115 0.019506 -0.028284 0.341788 -0.244608 -0.029107 0 0.664987469 0.769423559 0.150740259 0.211779449 0.211779449 0.211779449 0.211779449 0.664987469 -0.769423559 -0.150740259 0.211779449 -0.211779449 0.211779449 -0.211779449 0 0
-0.136967 -0.040979 0.040178 0.277202 -0.138367 0.04729 -0.144269 0.020046 -0.028206 0.343236 -0.238572 -0.029352 0 0.657117794 0.767418546 0.148431857 0.209273183 0.209273183 0.209273183 0.209273183 0.657117794 -0.767418546 -0.148431857 0.209273183 -0.209273183 0.209273183 -0.209273183 0 0
-0.137181 -0.041074 0.040034 0.279027 -0.139746 0.045697 -0.144205 0.019864 -0.028432 0.342878 -0.230372 -0.030612 0 0.64924812 0.765413534 0.146136017 0.206766917 0.206766917 0.206766917 0.206766917 0.64924812 -0.765413534 -0.146136017 0.206766917 -0.206766917 0.206766917 -0.206766917 0 0
-0.136434 -0.041889 0.040074 0.278277 -0.139807 0.044422 -0.143817 0.018944 -0.028796 0.340617 -0.217942 -0.031583 0 0.641378446 0.763408521 0.14385274 0.204260652 0.204260652 0.204260652 0.204260652 0.641378446 -0.763408521 -0.14385274 0.204260652 -0.204260652 0.204260652 -0.204260652 0 0
-0.135314 -0.043054 0.04057 0.27612 -0.139099 0.043118 -0.143589 0.017721 -0.028477 0.337638 -0.20349 -0.032634 0 0.633508772 0.761403509 0.141582025 0.201754386 0.201754386 0.201754386 0.201754386 0.633508772 -0.761403509 -0.141582025 0.201754386 -0.201754386 0.201754386 -0.201754386 0 0
-0.134981 -0.044037 0.041096 0.274997 -0.139013 0.041593 -0.144151 0.016622 -0.02833 0.335823 -0.190811 -0.033705 0 0.625639098 0.759398496 0.139323874 0.19924812 0.19924812 0.19924812 0.19924812 0.625639098 -0.759398496 -0.139323874 0.19924812 -0.19924812 0.19924812 -0.19924812 0 0
-0.134792 -0.043493 0.041527 0.27448 -0.139247 0.040325 -0.145556 0.017159 -0.02795 0.338211 -0.191488 -0.035142 0 0.617769424 0.757393484 0.137078285 0.196741855 0.196741855 0.196741855 0.196741855 0.617769424 -0.757393484 -0.137078285 0.196741855 -0.196741855 0.196741855 -0.196741855 0 0
-0.134096 -0.042429 0.041362 0.273597 -0.139301 0.038914 -0.144683 0.018316 -0.027996 0.33686 -0.191596 -0.0371 0 0.609899749 0.755388471 0.134845259 0.194235589 0.194235589 0.194235589 0.194235589 0.609899749 -0.755388471 -0.134845259 0.194235589 -0.194235589 0.194235589 -0.194235589 0 0
-0.134062 -0.040604 0.041151 0.273644 -0.139871 0.036418 -0.143408 0.020142 -0.028123 0.333854 -0.190478 -0.038805 0 0.602030075 0.753383459 0.132624795 0.191729323 0.191729323 0.191729323 0.191729323 0.602030075 -0.753383459 -0.132624795 0.191729323 -0.191729323 0.191729323 -0.191729323 0 0
-0.134919 -0.038128 0.040873 0.275506 -0.141363 0.031087 -0.141304 0.022421 -0.028315 0.328746 -0.188147 -0.040435 0 0.594160401 0.751378446 0.130416894 0.189223058 0.189223058 0.189223058 0.189223058 0.594160401 -0.751378446 -0.130416894 0.189223058 -0.189223058 0.189223058 -0.189223058 0 0
-0.137533 -0.036125 0.04058 0.280105 -0.140144 0.031978 -0.138189 0.024548 -0.028778 0.321302 -0.184498 -0.042042 0 0.586290727 0.749373434 0.128221556 0.186716792 0.186716792 0.186716792 0.186716792 0.586290727 -0.749373434 -0.128221556 0.186716792 -0.186716792 0.186716792 -0.186716792 0 0
-0.142804 -0.034429 0.040145 0.289633 -0.137741 0.03256 -0.133777 0.026251 -0.029495 0.311018 -0.179221 -0.043491 0 0.578421053 0.747368421 0.126038781 0.184210526 0.184210526 0.184210526 0.184210526 0.578421053 -0.747368421 -0.126038781 0.184210526 -0.184210526 0.184210526 -0.184210526 0 0
-0.15071 -0.033226 0.03982 0.304116 -0.133914 0.03148 -0.128121 0.027269 -0.030223 0.298061 -0.17236 -0.044934 0 0.570551378 0.745363409 0.123868569 0.181704261 0.181704261 0.181704261 0.181704261 0.570551378 -0.745363409 -0.123868569 0.181704261 -0.181704261 0.181704261 -0.181704261 0 0
-0.161411 -0.032685 0.039323 0.323564 -0.127968 0.029891 -0.121484 0.027536 -0.03128 0.282998 -0.164295 -0.046336 0 0.562681704 0.743358396 0.121710919 0.179197995 0.179197995 0.179197995 0.179197995 0.562681704 -0.743358396 -0.121710919 0.179197995 -0.179197995 0.179197995 -0.179197995 0 0
-0.17475 -0.03301 0.03341 0.350464 -0.126971 0.011574 -0.114512 0.027698 -0.032305 0.267164 -0.155694 -0.047576 0 0.55481203 0.741353383 0.119565832 0.176691729 0.176691729 0.176691729 0.176691729 0.55481203 -0.741353383 -0.119565832 0.176691729 -0.176691729 0.176691729 -0.176691729 0 0
-0.189815 -0.03475 0.025008 0.386402 -0.159651 0.005192 -0.108182 0.028073 -0.032651 0.252526 -0.147489 -0.048624 0 0.546942356 0.739348371 0.117433308 0.174185464 0.174185464 0.174185464 0.174185464 0.546942356 -0.739348371 -0.117433308 0.174185464 -0.174185464 0.174185464 -0.174185464 0 0
-0.207124 -0.036663 0.019148 0.431843 -0.20349 0.001785 -0.103027 0.02866 -0.032993 0.239902 -0.140332 -0.049832 0 0.539072682 0.737343358 0.115313346 0.171679198 0.171679198 0.171679198 0.171679198 0.539072682 -0.737343358 -0.115313346 0.171679198 -0.171679198 0.171679198 -0.171679198 0 0
-0.225161 -0.0381 0.016887 0.482955 -0.239539 0.000786 -0.098249 0.02952 -0.033447 0.228721 -0.13397 -0.050751 0 0.531203008 0.735338346 0.113205947 0.169172932 0.169172932 0.169172932 0.169172932 0.531203008 -0.735338346 -0.113205947 0.169172932 -0.169172932 0.169172932 -0.169172932 0 0
-0.241883 -0.03951 0.01542 0.533498 -0.265547 0.000478 -0.093564 0.030512 -0.033746 0.218774 -0.128341 -0.051567 0 0.523333333 0.733333333 0.111111111 0.166666667 0.166666667 0.166666667 0.166666667 0.523333333 -0.733333333 -0.111111111 0.166666667 -0.166666667 0.166666667 -0.166666667 0 0
-0.257129 -0.040966 0.013884 0.58105 -0.285038 0.000285 -0.089499 0.031531 -0.034037 0.210408 -0.123646 -0.052322 0 0.515463659 0.731328321 0.109028838 0.164160401 0.164160401 0.164160401 0.164160401 0.515463659 -0.731328321 -0.109028838 0.164160401 -0.164160401 0.164160401 -0.164160401 0 0
-0.270525 -0.042389 0.012366 0.623686 -0.300092 0.000146 -0.086279 0.032481 -0.034274 0.203884 -0.120001 -0.052782 0 0.507593985 0.729323308 0.106959127 0.161654135 0.161654135 0.161654135 0.161654135 0.507593985 -0.729323308 -0.106959127 0.161654135 -0.161654135 0.161654135 -0.161654135 0 0
-0.281789 -0.043606 0.011044 0.660173 -0.313253 0.000035 -0.08401 0.033363 -0.034456 0.199356 -0.117446 -0.053215 0 0.499724311 0.727318296 0.104901979 0.15914787 0.15914787 0.15914787 0.15914787 0.499724311 -0.727318296 -0.104901979 0.15914787 -0.15914787 0.15914787 -0.15914787 0 0
-0.290929 -0.044415 0.010159 0.69036 -0.326925 -0.000158 -0.082648 0.034195 -0.034634 0.19673 -0.116033 -0.053624 0 0.491854637 0.725313283 0.102857394 0.156641604 0.156641604 0.156641604 0.156641604 0.491854637 -0.725313283 -0.102857394 0.156641604 -0.156641604 0.156641604 -0.156641604 0 0
-0.297928 -0.044714 0.009701 0.71419 -0.342303 -0.000441 -0.082105 0.035001 -0.034833 0.195874 -0.115638 -0.053949 0 0.483984962 0.723308271 0.100825372 0.154135338 0.154135338 0.154135338 0.154135338 0.483984962 -0.723308271 -0.100825372 0.154135338 -0.154135338 0.154135338 -0.154135338 0 0
-0.302814 -0.044511 0.009546 0.731667 -0.359638 -0.000805 -0.082289 0.035783 -0.035047 0.196624 -0.116165 -0.054203 0 0.476115288 0.721303258 0.098805912 0.151629073 0.151629073 0.151629073 0.151629073 0.476115288 -0.721303258 -0.098805912 0.151629073 -0.151629073 0.151629073 -0.151629073 0 0
-0.305584 -0.043882 0.009585 0.742647 -0.378308 -0.001253 -0.083114 0.036521 -0.035236 0.198824 -0.117524 -0.054399 0 0.468245614 0.719298246 0.096799015 0.149122807 0.149122807 0.149122807 0.149122807 0.468245614 -0.719298246 -0.096799015 0.149122807 -0.149122807 0.149122807 -0.149122807 0 0
-0.306108 -0.042972 0.009693 0.746495 -0.396946 -0.001774 -0.08453 0.037153 -0.035316 0.202408 -0.119714 -0.054543 0 0.46037594 0.717293233 0.094804681 0.146616541 0.146616541 0.146616541 0.146616541 0.46037594 -0.717293233 -0.094804681 0.146616541 -0.146616541 0.146616541 -0.146616541 0 0
-0.304171 -0.041903 0.009775 0.742176 -0.413678 -0.002344 -0.086498 0.037629 -0.035247 0.207293 -0.122616 -0.054597 0 0.452506266 0.715288221 0.092822909 0.144110276 0.144110276 0.144110276 0.144110276 0.452506266 -0.715288221 -0.092822909 0.144110276 -0.144110276 0.144110276 -0.144110276 0 0
-0.299863 -0.040642 0.009961 0.729582 -0.427653 -0.002928 -0.088977 0.037978 -0.035093 0.213341 -0.126199 -0.054499 0 0.444636591 0.713283208 0.090853701 0.14160401 0.14160401 0.14160401 0.14160401 0.444636591 -0.713283208 -0.090853701 0.14160401 -0.14160401 0.14160401 -0.14160401 0 0
-0.2933 -0.039139 0.010521 0.708916 -0.437892 -0.00344 -0.091913 0.038259 -0.034883 0.220426 -0.13041 -0.054419 0 0.436766917 0.711278195 0.088897055 0.139097744 0.139097744 0.139097744 0.139097744 0.436766917 -0.711278195 -0.088897055 0.139097744 -0.139097744 0.139097744 -0.139097744 0 0
-0.284569 -0.037414 0.011803 0.68049 -0.442824 -0.003722 -0.095263 0.038471 -0.034628 0.228511 -0.13523 -0.054314 0 0.428897243 0.709273183 0.086952971 0.136591479 0.136591479 0.136591479 0.136591479 0.428897243 -0.709273183 -0.086952971 0.136591479 -0.136591479 0.136591479 -0.136591479 0 0
-0.273836 -0.03551 0.014261 0.644981 -0.440887 -0.003631 -0.09901 0.0386 -0.034336 0.237615 -0.140667 -0.05409 0 0.421027569 0.70726817 0.085021451 0.134085213 0.134085213 0.134085213 0.134085213 0.421027569 -0.70726817 -0.085021451 0.134085213 -0.134085213 0.134085213 -0.134085213 0 0
-0.261338 -0.033571 0.018106 0.603388 -0.430614 -0.003099 -0.103132 0.038627 -0.034033 0.247746 -0.146727 -0.053734 0 0.413157895 0.705263158 0.083102493 0.131578947 0.131578947 0.131578947 0.131578947 0.413157895 -0.705263158 -0.083102493 0.131578947 -0.131578947 0.131578947 -0.131578947 0 0
-0.247394 -0.031757 0.023346 0.556945 -0.409896 -0.002105 -0.107661 0.038568 -0.033725 0.258986 -0.153494 -0.053293 0 0.405288221 0.703258145 0.081196098 0.129072682 0.129072682 0.129072682 0.129072682 0.405288221 -0.703258145 -0.081196098 0.129072682 -0.129072682 0.129072682 -0.129072682 0 0
-0.232347 -0.030172 0.029564 0.507102 -0.377795 -0.000789 -0.112698 0.038519 -0.033379 0.271486 -0.160937 -0.052648 0 0.397418546 0.701253133 0.079302266 0.126566416 0.126566416 0.126566416 0.126566416 0.397418546 -0.701253133 -0.079302266 0.126566416 -0.126566416 0.126566416 -0.126566416 0 0
-0.216963 -0.028684 0.035736 0.457205 -0.34132 -0.000153 -0.118408 0.038829 -0.032992 0.285449 -0.169159 -0.051914 0 0.389548872 0.69924812 0.077420996 0.12406015 0.12406015 0.12406015 0.12406015 0.389548872 -0.69924812 -0.077420996 0.12406015 -0.12406015 0.12406015 -0.12406015 0 0
-0.201854 -0.026744 0.039969 0.411713 -0.325809 -0.003671 -0.124738 0.040215 -0.032389 0.30063 -0.177939 -0.05115 0 0.381679198 0.697243108 0.075552289 0.121553885 0.121553885 0.121553885 0.121553885 0.381679198 -0.697243108 -0.075552289 0.121553885 -0.121553885 0.121553885 -0.121553885 0 0
-0.193003 -0.028221 0.042393 0.386649 -0.285628 0.037807 -0.1309 0.040601 -0.032923 0.314916 -0.186181 -0.050035 0 0.373809524 0.695238095 0.073696145 0.119047619 0.119047619 0.119047619 0.119047619 0.373809524 -0.695238095 -0.073696145 0.119047619 -0.119047619 0.119047619 -0.119047619 0 0
-0.189238 -0.029385 0.042183 0.373634 -0.250773 0.038402 -0.133983 0.03926 -0.034184 0.323488 -0.191555 -0.049173 0 0.36593985 0.693233083 0.071852564 0.116541353 0.116541353 0.116541353 0.116541353 0.36593985 -0.693233083 -0.071852564 0.116541353 -0.116541353 0.116541353 -0.116541353 0 0
-0.185625 -0.03007 0.04183 0.364476 -0.229508 0.038917 -0.134207 0.038531 -0.034491 0.326512 -0.193759 -0.047841 0 0.358070175 0.69122807 0.070021545 0.114035088 0.114035088 0.114035088 0.114035088 0.358070175 -0.69122807 -0.070021545 0.114035088 -0.114035088 0.114035088 -0.114035088 0 0
-0.182604 -0.029893 0.041639 0.356895 -0.21232 0.039689 -0.132979 0.038711 -0.034669 0.325736 -0.194049 -0.046831 0 0.350200501 0.689223058 0.068203089 0.111528822 0.111528822 0.111528822 0.111528822 0.350200501 -0.689223058 -0.068203089 0.111528822 -0.111528822 0.111528822 -0.111528822 0 0
-0.180642 -0.029113 0.041112 0.350958 -0.197022 0.040258 -0.131415 0.039528 -0.035186 0.323444 -0.193484 -0.046283 0 0.342330827 0.687218045 0.066397196 0.109022556 0.109022556 0.109022556 0.109022556 0.342330827 -0.687218045 -0.066397196 0.109022556 -0.109022556 0.109022556 -0.109022556 0 0
-0.179742 -0.02795 0.040281 0.346838 -0.183163 0.040833 -0.129981 0.040712 -0.036143 0.321027 -0.192887 -0.045725 0 0.334461153 0.685213033 0.064603866 0.106516291 0.106516291 0.106516291 0.106516291 0.334461153 -0.685213033 -0.064603866 0.106516291 -0.106516291 0.106516291 -0.106516291 0 0
-0.179741 -0.026632 0.039351 0.344612 -0.171283 0.041425 -0.128886 0.042017 -0.037287 0.319158 -0.192601 -0.04511 0 0.326591479 0.68320802 0.062823098 0.104010025 0.104010025 0.104010025 0.104010025 0.326591479 -0.68320802 -0.062823098 0.104010025 -0.104010025 0.104010025 -0.104010025 0 0
-0.180957 -0.025768 0.038234 0.346119 -0.167991 0.040831 -0.128095 0.04278 -0.0386 0.31779 -0.192546 -0.043979 0 0.318721805 0.681203008 0.061054893 0.101503759 0.101503759 0.101503759 0.101503759 0.318721805 -0.681203008 -0.061054893 0.101503759 -0.101503759 0.101503759 -0.101503759 0 0
-0.180956 -0.025781 0.037463 0.347731 -0.169517 0.04201 -0.126071 0.042894 -0.039103 0.315244 -0.191973 -0.043147 0 0.31085213 0.679197995 0.059299251 0.098997494 0.098997494 0.098997494 0.098997494 0.31085213 -0.679197995 -0.059299251 0.098997494 -0.098997494 0.098997494 -0.098997494 0 0
-0.180109 -0.026092 0.037317 0.347689 -0.170232 0.043411 -0.124248 0.042633 -0.039045 0.313096 -0.191467 -0.041508 0 0.302982456 0.677192982 0.057556171 0.096491228 0.096491228 0.096491228 0.096491228 0.302982456 -0.677192982 -0.057556171 0.096491228 -0.096491228 0.096491228 -0.096491228 0 0
-0.178804 -0.026882 0.037421 0.346206 -0.170144 0.044769 -0.122717 0.041889 -0.038845 0.311188 -0.191117 -0.039864 0 0.295112782 0.67518797 0.055825654 0.093984962 0.093984962 0.093984962 0.093984962 0.295112782 -0.67518797 -0.055825654 0.093984962 -0.093984962 0.093984962 -0.093984962 0 0
-0.17701 -0.028004 0.037653 0.343319 -0.169295 0.046139 -0.121611 0.040736 -0.038499 0.309903 -0.191071 -0.036929 0 0.287243108 0.673182957 0.0541077 0.091478697 0.091478697 0.091478697 0.091478697 0.287243108 -0.673182957 -0.0541077 0.091478697 -0.091478697 0.091478697 -0.091478697 0 0
-0.174624 -0.029466 0.037944 0.338855 -0.167534 0.047468 -0.121311 0.039042 -0.03809 0.310229 -0.191916 -0.031003 0 0.279373434 0.671177945 0.052402309 0.088972431 0.088972431 0.088972431 0.088972431 0.279373434 -0.671177945 -0.052402309 0.088972431 -0.088972431 0.088972431 -0.088972431 0 0
-0.171511 -0.03105 0.038197 0.332638 -0.164672 0.048803 -0.122455 0.036816 -0.037754 0.313652 -0.19398 -0.019233 0 0.271503759 0.669172932 0.05070948 0.086466165 0.086466165 0.086466165 0.086466165 0.271503759 -0.669172932 -0.05070948 0.086466165 -0.086466165 0.086466165 -0.086466165 0 0
-0.167486 -0.032282 0.038398 0.324277 -0.16047 0.050058 -0.126018 0.034805 -0.037577 0.32162 -0.194986 -0.006685 0 0.263634085 0.66716792 0.049029215 0.0839599 0.0839599 0.0839599 0.0839599 0.263634085 -0.66716792 -0.049029215 0.0839599 -0.0839599 0.0839599 -0.0839599 0 0
-0.162304 -0.032818 0.038403 0.313266 -0.154658 0.051239 -0.132367 0.03358 -0.037777 0.334489 -0.192904 0.002898 0 0.255764411 0.665162907 0.047361512 0.081453634 0.081453634 0.081453634 0.081453634 0.255764411 -0.665162907 -0.047361512 0.081453634 -0.081453634 0.081453634 -0.081453634 0 0
-0.155874 -0.032569 0.038263 0.299362 -0.147098 0.052374 -0.141454 0.033286 -0.038235 0.351931 -0.187077 0.008863 0 0.247894737 0.663157895 0.045706371 0.078947368 0.078947368 0.078947368 0.078947368 0.247894737 -0.663157895 -0.045706371 0.078947368 -0.078947368 0.078947368 -0.078947368 0 0
-0.148378 -0.031819 0.038137 0.28287 -0.138017 0.053406 -0.153154 0.03337 -0.038681 0.374017 -0.179393 0.016146 0 0.240025063 0.661152882 0.044063794 0.076441103 0.076441103 0.076441103 0.076441103 0.240025063 -0.661152882 -0.044063794 0.076441103 -0.076441103 0.076441103 -0.076441103 0 0
-0.14053 -0.031432 0.038121 0.265132 -0.128131 0.054261 -0.167617 0.033245 -0.03911 0.403426 -0.172475 0.023598 0 0.232155388 0.65914787 0.042433779 0.073934837 0.073934837 0.073934837 0.073934837 0.232155388 -0.65914787 -0.042433779 0.073934837 -0.073934837 0.073934837 -0.073934837 0 0
-0.133356 -0.031696 0.03839 0.248145 -0.11855 0.055074 -0.184961 0.034087 -0.035541 0.445673 -0.209403 0.009191 0 0.224285714 0.657142857 0.040816327 0.071428571 0.071428571 0.071428571 0.071428571 0.224285714 -0.657142857 -0.040816327 0.071428571 -0.071428571 0.071428571 -0.071428571 0 0
-0.12737 -0.032064 0.038968 0.233264 -0.110084 0.055824 -0.203871 0.035949 -0.028292 0.495337 -0.254626 0.003774 0 0.21641604 0.655137845 0.039211437 0.068922306 0.068922306 0.068922306 0.068922306 0.21641604 -0.655137845 -0.039211437 0.068922306 -0.068922306 0.068922306 -0.068922306 0 0
-0.121789 -0.032675 0.039467 0.220123 -0.102563 0.056416 -0.222044 0.037511 -0.022264 0.546535 -0.286625 0.001169 0 0.208546366 0.653132832 0.03761911 0.06641604 0.06641604 0.06641604 0.06641604 0.208546366 -0.653132832 -0.03761911 0.06641604 -0.06641604 0.06641604 -0.06641604 0 0
-0.116167 -0.033564 0.039802 0.208241 -0.095817 0.056954 -0.238162 0.03856 -0.017528 0.595576 -0.306472 -0.000307 0 0.200676692 0.65112782 0.036039346 0.063909774 0.063909774 0.063909774 0.063909774 0.200676692 -0.65112782 -0.036039346 0.063909774 -0.063909774 0.063909774 -0.063909774 0 0
-0.110847 -0.034538 0.040085 0.197822 -0.08997 0.057408 -0.252015 0.039233 -0.013737 0.640537 -0.319542 -0.001261 0 0.192807018 0.649122807 0.034472145 0.061403509 0.061403509 0.061403509 0.061403509 0.192807018 -0.649122807 -0.034472145 0.061403509 -0.061403509 0.061403509 -0.061403509 0 0
-0.106058 -0.035509 0.040326 0.189011 -0.085087 0.057753 -0.2635 0.039507 -0.010825 0.680213 -0.330031 -0.001789 0 0.184937343 0.647117794 0.032917507 0.058897243 0.058897243 0.058897243 0.058897243 0.184937343 -0.647117794 -0.032917507 0.058897243 -0.058897243 0.058897243 -0.058897243 0 0
-0.101995 -0.036394 0.04049 0.182006 -0.081232 0.057938 -0.272513 0.039358 -0.00871 0.713609 -0.340827 -0.002021 0 0.177067669 0.645112782 0.031375431 0.056390977 0.056390977 0.056390977 0.056390977 0.177067669 -0.645112782 -0.031375431 0.056390977 -0.056390977 0.056390977 -0.056390977 0 0
-0.098711 -0.037156 0.040619 0.176852 -0.078489 0.058092 -0.279038 0.038746 -0.007298 0.74016 -0.353674 -0.002127 0 0.169197995 0.643107769 0.029845918 0.053884712 0.053884712 0.053884712 0.053884712 0.169197995 -0.643107769 -0.029845918 0.053884712 -0.053884712 0.053884712 -0.053884712 0 0
-0.096174 -0.037812 0.040719 0.173389 -0.07673 0.058224 -0.283145 0.037607 -0.006504 0.759619 -0.368989 -0.002188 0 0.161328321 0.641102757 0.028328968 0.051378446 0.051378446 0.051378446 0.051378446 0.161328321 -0.641102757 -0.028328968 0.051378446 -0.051378446 0.051378446 -0.051378446 0 0
-0.094362 -0.038383 0.040789 0.171442 -0.075855 0.058316 -0.284968 0.035943 -0.006173 0.771882 -0.386255 -0.002245 0 0.153458647 0.639097744 0.02682458 0.04887218 0.04887218 0.04887218 0.04887218 0.153458647 -0.639097744 -0.02682458 0.04887218 -0.04887218 0.04887218 -0.04887218 0 0
-0.093237 -0.0389 0.040836 0.170806 -0.075727 0.058341 -0.284684 0.033803 -0.006138 0.777035 -0.404523 -0.002313 0 0.145588972 0.637092732 0.025332755 0.046365915 0.046365915 0.046365915 0.046365915 0.145588972 -0.637092732 -0.025332755 0.046365915 -0.046365915 0.046365915 -0.046365915 0 0
-0.092738 -0.03938 0.040843 0.171289 -0.076295 0.058231 -0.282445 0.031278 -0.006294 0.77527 -0.422792 -0.002406 0 0.137719298 0.635087719 0.023853493 0.043859649 0.043859649 0.043859649 0.043859649 0.137719298 -0.635087719 -0.023853493 0.043859649 -0.043859649 0.043859649 -0.043859649 0 0
-0.092786 -0.039822 0.040736 0.172696 -0.077288 0.058135 -0.278192 0.028569 -0.006414 0.766178 -0.439203 -0.002578 0 0.129849624 0.633082707 0.022386794 0.041353383 0.041353383 0.041353383 0.041353383 0.129849624 -0.633082707 -0.022386794 0.041353383 -0.041353383 0.041353383 -0.041353383 0 0
-0.093362 -0.040186 0.040498 0.175071 -0.078892 0.057989 -0.271793 0.025947 -0.006191 0.749144 -0.451906 -0.002827 0 0.12197995 0.631077694 0.020932657 0.038847118 0.038847118 0.038847118 0.038847118 0.12197995 -0.631077694 -0.020932657 0.038847118 -0.038847118 0.038847118 -0.038847118 0 0
-0.094457 -0.040451 0.040142 0.178436 -0.08108 0.057584 -0.263203 0.023591 -0.005546 0.723938 -0.459841 -0.003121 0 0.114110276 0.629072682 0.019491084 0.036340852 0.036340852 0.036340852 0.036340852 0.114110276 -0.629072682 -0.019491084 0.036340852 -0.036340852 0.036340852 -0.036340852 0 0
-0.096087 -0.040659 0.039754 0.182847 -0.083842 0.057152 -0.252637 0.021581 -0.004596 0.69128 -0.462193 -0.003442 0 0.106240602 0.627067669 0.018062072 0.033834586 0.033834586 0.033834586 0.033834586 0.106240602 -0.627067669 -0.018062072 0.033834586 -0.033834586 0.033834586 -0.033834586 0 0
-0.098208 -0.04081 0.039349 0.188344 -0.087278 0.056553 -0.240315 0.01997 -0.00368 0.652266 -0.45814 -0.003764 0 0.098370927 0.625062657 0.016645624 0.031328321 0.031328321 0.031328321 0.031328321 0.098370927 -0.625062657 -0.016645624 0.031328321 -0.031328321 0.031328321 -0.031328321 0 0
-0.100802 -0.040861 0.038896 0.194975 -0.091419 0.055748 -0.226504 0.018825 -0.003349 0.608153 -0.446634 -0.003951 0 0.090501253 0.623057644 0.015241738 0.028822055 0.028822055 0.028822055 0.028822055 0.090501253 -0.623057644 -0.015241738 0.028822055 -0.028822055 0.028822055 -0.028822055 0 0
-0.103897 -0.04076 0.038398 0.202787 -0.096192 0.054769 -0.211577 0.018229 -0.004111 0.560318 -0.426681 -0.004112 0 0.082631579 0.621052632 0.013850416 0.026315789 0.026315789 0.026315789 0.026315789 0.082631579 -0.621052632 -0.013850416 0.026315789 -0.026315789 0.026315789 -0.026315789 0 0
-0.107567 -0.040514 0.037876 0.21191 -0.101696 0.053622 -0.195996 0.018161 -0.006465 0.510336 -0.398073 -0.004658 0 0.074761905 0.619047619 0.012471655 0.023809524 0.023809524 0.023809524 0.023809524 0.074761905 -0.619047619 -0.012471655 0.023809524 -0.023809524 0.023809524 -0.023809524 0 0
-0.11198 -0.040236 0.03752 0.222566 -0.108033 0.052366 -0.180669 0.018461 -0.010708 0.4613 -0.363709 -0.005813 0 0.066892231 0.617042607 0.011105458 0.021303258 0.021303258 0.021303258 0.021303258 0.066892231 -0.617042607 -0.011105458 0.021303258 -0.021303258 0.021303258 -0.021303258 0 0
-0.117203 -0.04017 0.037462 0.234841 -0.115222 0.051008 -0.166344 0.018864 -0.016508 0.416262 -0.328689 -0.00734 0 0.059022556 0.615037594 0.009751823 0.018796992 0.018796992 0.018796992 0.018796992 0.059022556 -0.615037594 -0.009751823 0.018796992 -0.018796992 0.018796992 -0.018796992 0 0
-0.123198 -0.04083 0.037606 0.248527 -0.123097 0.04967 -0.153408 0.01854 -0.02445 0.377356 -0.302011 -0.008474 0 0.051152882 0.613032581 0.008410751 0.016290727 0.016290727 0.016290727 0.016290727 0.051152882 -0.613032581 -0.008410751 0.016290727 -0.016290727 0.016290727 -0.016290727 0 0
-0.129588 -0.041776 0.038052 0.262496 -0.130942 0.048772 -0.144256 0.018921 -0.027566 0.350944 -0.267868 -0.014985 0 0.043283208 0.611027569 0.007082242 0.013784461 0.013784461 0.013784461 0.013784461 0.043283208 -0.611027569 -0.007082242 0.013784461 -0.013784461 0.013784461 -0.013784461 0 0
-0.134792 -0.041495 0.039606 0.273178 -0.136881 0.048283 -0.143051 0.019728 -0.027017 0.342692 -0.244499 -0.026847 0 0.035413534 0.609022556 0.005766295 0.011278195 0.011278195 0.011278195 0.011278195 0.035413534 -0.609022556 -0.005766295 0.011278195 -0.011278195 0.011278195 -0.011278195 0 0
-0.137383 -0.040904 0.040154 0.279138 -0.140371 0.046579 -0.144535 0.020272 -0.026575 0.344052 -0.236714 -0.030014 0 0.02754386 0.607017544 0.004462912 0.00877193 0.00877193 0.00877193 0.00877193 0.02754386 -0.607017544 -0.004462912 0.00877193 -0.00877193 0.00877193 -0.00877193 0 0
-0.137726 -0.04122 0.039935 0.281039 -0.141714 0.045065 -0.144676 0.019836 -0.026989 0.343826 -0.227566 -0.031035 0 0.019674185 0.605012531 0.003172091 0.006265664 0.006265664 0.006265664 0.006265664 0.019674185 -0.605012531 -0.003172091 0.006265664 -0.006265664 0.006265664 -0.006265664 0 0
-0.13705 -0.042156 0.039983 0.280397 -0.141833 0.043755 -0.144507 0.018771 -0.027365 0.34196 -0.215032 -0.031945 0 0.011804511 0.603007519 0.001893832 0.003759398 0.003759398 0.003759398 0.003759398 0.011804511 -0.603007519 -0.001893832 0.003759398 -0.003759398 0.003759398 -0.003759398 0 0
-0.135988 -0.043354 0.040474 0.278388 -0.141201 0.042503 -0.144481 0.017501 -0.027153 0.339519 -0.201319 -0.032964 0 0.003934837 0.601002506 0.000628137 0.001253133 0.001253133 0.001253133 0.001253133 0.003934837 -0.601002506 -0.000628137 0.001253133 -0.001253133 0.001253133 -0.001253133 0 0
-0.13566 -0.044197 0.041021 0.277302 -0.141139 0.040842 -0.14535 0.01662 -0.026959 0.339132 -0.192849 -0.035139 0 -0.003934837 0.598997494 -0.000624996 -0.001253133 -0.001253133 -0.001253133 -0.001253133 -0.003934837 -0.598997494 0.000624996 -0.001253133 0.001253133 -0.001253133 0.001253133 0 0
-0.135071 -0.043379 0.041104 0.276291 -0.141142 0.039394 -0.146036 0.017442 -0.026695 0.340673 -0.19406 -0.036172 0 -0.011804511 0.596992481 -0.001865566 -0.003759398 -0.003759398 -0.003759398 -0.003759398 -0.011804511 -0.596992481 0.001865566 -0.003759398 0.003759398 -0.003759398 0.003759398 0 0
-0.134456 -0.042023 0.040987 0.275439 -0.141225 0.038358 -0.14504 0.018832 -0.026761 0.338689 -0.193457 -0.037012 0 -0.019674185 0.594987469 -0.003093574 -0.006265664 -0.006265664 -0.006265664 -0.006265664 -0.019674185 -0.594987469 0.003093574 -0.006265664 0.006265664 -0.006265664 0.006265664 0 0
-0.134379 -0.04001 0.040842 0.275368 -0.141767 0.036123 -0.143456 0.020868 -0.026884 0.334897 -0.191909 -0.0388 0 -0.02754386 0.592982456 -0.004309018 -0.00877193 -0.00877193 -0.00877193 -0.00877193 -0.02754386 -0.592982456 0.004309018 -0.00877193 0.00877193 -0.00877193 0.00877193 0 0
-0.135327 -0.037715 0.040609 0.27708 -0.142203 0.033939 -0.141218 0.023175 -0.027089 0.329378 -0.189372 -0.040635 0 -0.035413534 0.590977444 -0.0055119 -0.011278195 -0.011278195 -0.011278195 -0.011278195 -0.035413534 -0.590977444 0.0055119 -0.011278195 0.011278195 -0.011278195 0.011278195 0 0
-0.138222 -0.035664 0.040245 0.282256 -0.141341 0.033718 -0.13797 0.025278 -0.027564 0.32159 -0.185525 -0.042294 0 -0.043283208 0.588972431 -0.006702219 -0.013784461 -0.013784461 -0.013784461 -0.013784461 -0.043283208 -0.588972431 0.006702219 -0.013784461 0.013784461 -0.013784461 0.013784461 0 0
-0.143621 -0.033944 0.039828 0.292151 -0.139264 0.032333 -0.133463 0.026881 -0.028211 0.311124 -0.180122 -0.04388 0 -0.051152882 0.586967419 -0.007879976 -0.016290727 -0.016290727 -0.016290727 -0.016290727 -0.051152882 -0.586967419 0.007879976 -0.016290727 0.016290727 -0.016290727 0.016290727 0 0
-0.151648 -0.032836 0.039524 0.306848 -0.135085 0.030908 -0.127699 0.027771 -0.028946 0.297989 -0.173157 -0.045322 0 -0.059022556 0.584962406 -0.009045169 -0.018796992 -0.018796992 -0.018796992 -0.018796992 -0.059022556 -0.584962406 0.009045169 -0.018796992 0.018796992 -0.018796992 0.018796992 0 0
-0.162419 -0.032411 0.039059 0.326419 -0.128767 0.029313 -0.120973 0.02791 -0.029968 0.282774 -0.164975 -0.046648 0 -0.066892231 0.582957393 -0.0101978 -0.021303258 -0.021303258 -0.021303258 -0.021303258 -0.066892231 -0.582957393 0.0101978 -0.021303258 0.021303258 -0.021303258 0.021303258 0 0
-0.175789 -0.032875 0.033095 0.353293 -0.127269 0.011409 -0.113939 0.027952 -0.03098 0.266842 -0.156304 -0.04785 0 -0.074761905 0.580952381 -0.011337868 -0.023809524 -0.023809524 -0.023809524 -0.023809524 -0.074761905 -0.580952381 0.011337868 -0.023809524 0.023809524 -0.023809524 0.023809524 0 0
-0.190825 -0.034699 0.024687 0.389052 -0.159725 0.005318 -0.107555 0.028254 -0.031326 0.25213 -0.148042 -0.048856 0 -0.082631579 0.578947368 -0.012465374 -0.026315789 -0.026315789 -0.026315789 -0.026315789 -0.082631579 -0.578947368 0.012465374 -0.026315789 0.026315789 -0.026315789 0.026315789 0 0
-0.208082 -0.036645 0.018793 0.434144 -0.203258 0.001931 -0.10238 0.028811 -0.031679 0.239468 -0.140844 -0.050049 0 -0.090501253 0.576942356 -0.013580317 -0.028822055 -0.028822055 -0.028822055 -0.028822055 -0.090501253 -0.576942356 0.013580317 -0.028822055 0.028822055 -0.028822055 0.028822055 0 0
-0.226079 -0.038097 0.016432 0.484855 -0.239079 0.000899 -0.097613 0.029664 -0.032161 0.228292 -0.134459 -0.050972 0 -0.098370927 0.574937343 -0.014682697 -0.031328321 -0.031328321 -0.031328321 -0.031328321 -0.098370927 -0.574937343 0.014682697 -0.031328321 0.031328321 -0.031328321 0.031328321 0 0
-0.242765 -0.039503 0.01488 0.535003 -0.264947 0.000552 -0.092941 0.03067 -0.032493 0.218367 -0.128825 -0.051796 0 -0.106240602 0.572932331 -0.015772514 -0.033834586 -0.033834586 -0.033834586 -0.033834586 -0.106240602 -0.572932331 0.015772514 -0.033834586 0.033834586 -0.033834586 0.033834586 0 0
-0.257975 -0.040946 0.013297 0.582182 -0.284364 0.00033 -0.088886 0.031711 -0.032815 0.210031 -0.124122 -0.052536 0 -0.114110276 0.570927318 -0.016849769 -0.036340852 -0.036340852 -0.036340852 -0.036340852 -0.114110276 -0.570927318 0.016849769 -0.036340852 0.036340852 -0.036340852 0.036340852 0 0
-0.271344 -0.042356 0.011758 0.624495 -0.299402 0.000172 -0.085671 0.032689 -0.033085 0.203536 -0.120496 -0.053005 0 -0.12197995 0.568922306 -0.01791446 -0.038847118 -0.038847118 -0.038847118 -0.038847118 -0.12197995 -0.568922306 0.01791446 -0.038847118 0.038847118 -0.038847118 0.038847118 0 0
-0.282598 -0.043563 0.010452 0.66074 -0.312594 0.000049 -0.083402 0.033597 -0.033292 0.199013 -0.117895 -0.053425 0 -0.129849624 0.566917293 -0.018966589 -0.041353383 -0.041353383 -0.041353383 -0.041353383 -0.129849624 -0.566917293 0.018966589 -0.041353383 0.041353383 -0.041353383 0.041353383 0 0
-0.291744 -0.044363 0.009612 0.690762 -0.326307 -0.000155 -0.082045 0.034456 -0.033488 0.196403 -0.116458 -0.053798 0 -0.137719298 0.564912281 -0.020006156 -0.043859649 -0.043859649 -0.043859649 -0.043859649 -0.137719298 -0.564912281 0.020006156 -0.043859649 0.043859649 -0.043859649 0.043859649 0 0
-0.298764 -0.044662 0.009218 0.714494 -0.341712 -0.000445 -0.081513 0.035287 -0.033698 0.195564 -0.116036 -0.054138 0 -0.145588972 0.562907268 -0.021033159 -0.046365915 -0.046365915 -0.046365915 -0.046365915 -0.145588972 -0.562907268 0.021033159 -0.046365915 0.046365915 -0.046365915 0.046365915 0 0
-0.303677 -0.044472 0.009131 0.73192 -0.359051 -0.000813 -0.081706 0.036088 -0.033925 0.196326 -0.116541 -0.054387 0 -0.153458647 0.560902256 -0.0220476 -0.04887218 -0.04887218 -0.04887218 -0.04887218 -0.153458647 -0.560902256 0.0220476 -0.04887218 0.04887218 -0.04887218 0.04887218 0 0
-0.30648 -0.043863 0.00924 0.742891 -0.377715 -0.001264 -0.082542 0.036839 -0.03413 0.198536 -0.117878 -0.054553 0 -0.161328321 0.558897243 -0.023049478 -0.051378446 -0.051378446 -0.051378446 -0.051378446 -0.161328321 -0.558897243 0.023049478 -0.051378446 0.051378446 -0.051378446 0.051378446 0 0
-0.307042 -0.042981 0.009414 0.74677 -0.396339 -0.001785 -0.083965 0.037479 -0.03423 0.202111 -0.120028 -0.054675 0 -0.169197995 0.556892231 -0.024038794 -0.053884712 -0.053884712 -0.053884712 -0.053884712 -0.169197995 -0.556892231 0.024038794 -0.053884712 0.053884712 -0.053884712 0.053884712 0 0
-0.305142 -0.041946 0.009553 0.742509 -0.413059 -0.002356 -0.085941 0.037961 -0.034178 0.206987 -0.122896 -0.054724 0 -0.177067669 0.554887218 -0.025015546 -0.056390977 -0.056390977 -0.056390977 -0.056390977 -0.177067669 -0.554887218 0.025015546 -0.056390977 0.056390977 -0.056390977 0.056390977 0 0
-0.300865 -0.040726 0.009776 0.729984 -0.427036 -0.002941 -0.088429 0.038313 -0.034041 0.213024 -0.126444 -0.05461 0 -0.184937343 0.552882206 -0.025979736 -0.058897243 -0.058897243 -0.058897243 -0.058897243 -0.184937343 -0.552882206 0.025979736 -0.058897243 0.058897243 -0.058897243 0.058897243 0 0
-0.294326 -0.039265 0.010358 0.709406 -0.43729 -0.003453 -0.091372 0.038596 -0.033849 0.220093 -0.130615 -0.054538 0 -0.192807018 0.550877193 -0.026931363 -0.061403509 -0.061403509 -0.061403509 -0.061403509 -0.192807018 -0.550877193 0.026931363 -0.061403509 0.061403509 -0.061403509 0.061403509 0 0
-0.285613 -0.037586 0.011638 0.681079 -0.442242 -0.003735 -0.094722 0.038805 -0.033615 0.228149 -0.135392 -0.054414 0 -0.200676692 0.54887218 -0.027870428 -0.063909774 -0.063909774 -0.063909774 -0.063909774 -0.200676692 -0.54887218 0.027870428 -0.063909774 0.063909774 -0.063909774 0.063909774 0 0
-0.27489 -0.035722 0.014076 0.645685 -0.440349 -0.003645 -0.098473 0.038932 -0.033342 0.237221 -0.140783 -0.054173 0 -0.208546366 0.546867168 -0.02879693 -0.06641604 -0.06641604 -0.06641604 -0.06641604 -0.208546366 -0.546867168 0.02879693 -0.06641604 0.06641604 -0.06641604 0.06641604 0 0
-0.262394 -0.033822 0.017878 0.604216 -0.430152 -0.003113 -0.102592 0.038957 -0.03306 0.247311 -0.146792 -0.053814 0 -0.21641604 0.544862155 -0.029710869 -0.068922306 -0.068922306 -0.068922306 -0.068922306 -0.21641604 -0.544862155 0.029710869 -0.068922306 0.068922306 -0.068922306 0.068922306 0 0
-0.248441 -0.032041 0.023055 0.557897 -0.409573 -0.002113 -0.107112 0.038892 -0.032772 0.258484 -0.153455 -0.053328 0 -0.224285714 0.542857143 -0.030612245 -0.071428571 -0.071428571 -0.071428571 -0.071428571 -0.224285714 -0.542857143 0.030612245 -0.071428571 0.071428571 -0.071428571 0.071428571 0 0
-0.233366 -0.03048 0.029197 0.508139 -0.377601 -0.000776 -0.112136 0.03884 -0.03245 0.270928 -0.160889 -0.052677 0 -0.232155388 0.54085213 -0.031501058 -0.073934837 -0.073934837 -0.073934837 -0.073934837 -0.232155388 -0.54085213 0.031501058 -0.073934837 0.073934837 -0.073934837 0.073934837 0 0
-0.21793 -0.029015 0.035316 0.45824 -0.34101 -0.000057 -0.117834 0.039135 -0.032081 0.284818 -0.169047 -0.051944 0 -0.240025063 0.538847118 -0.032377309 -0.076441103 -0.076441103 -0.076441103 -0.076441103 -0.240025063 -0.538847118 0.032377309 -0.076441103 0.076441103 -0.076441103 0.076441103 0 0
-0.202759 -0.027117 0.039582 0.412619 -0.324539 -0.003408 -0.124161 0.040476 -0.031506 0.299951 -0.177788 -0.051172 0 -0.247894737 0.536842105 -0.033240997 -0.078947368 -0.078947368 -0.078947368 -0.078947368 -0.247894737 -0.536842105 0.033240997 -0.078947368 0.078947368 -0.078947368 0.078947368 0 0
-0.193691 -0.028359 0.042076 0.387252 -0.285214 0.03557 -0.130324 0.040907 -0.032077 0.314215 -0.186019 -0.050132 0 -0.255764411 0.534837093 -0.034092123 -0.081453634 -0.081453634 -0.081453634 -0.081453634 -0.255764411 -0.534837093 0.034092123 -0.081453634 0.081453634 -0.081453634 0.081453634 0 0
-0.189719 -0.029674 0.041688 0.373833 -0.251089 0.038722 -0.133487 0.039608 -0.03333 0.322864 -0.191389 -0.049001 0 -0.263634085 0.53283208 -0.034930685 -0.0839599 -0.0839599 -0.0839599 -0.0839599 -0.263634085 -0.53283208 0.034930685 -0.0839599 0.0839599 -0.0839599 0.0839599 0 0
-0.186196 -0.030362 0.041399 0.364799 -0.230079 0.039213 -0.133802 0.038873 -0.033589 0.325928 -0.193578 -0.04782 0 -0.271503759 0.530827068 -0.035756685 -0.086466165 -0.086466165 -0.086466165 -0.086466165 -0.271503759 -0.530827068 0.035756685 -0.086466165 0.086466165 -0.086466165 0.086466165 0 0
-0.183193 -0.03021 0.04126 0.357241 -0.21304 0.039974 -0.132604 0.039027 -0.033718 0.325138 -0.193813 -0.046825 0 -0.279373434 0.528822055 -0.036570122 -0.088972431 -0.088972431 -0.088972431 -0.088972431 -0.279373434 -0.528822055 0.036570122 -0.088972431 0.088972431 -0.088972431 0.088972431 0 0
-0.181174 -0.029454 0.040767 0.351182 -0.197643 0.040566 -0.131037 0.039821 -0.034191 0.322824 -0.193216 -0.04631 0 -0.287243108 0.526817043 -0.037370996 -0.091478697 -0.091478697 -0.091478697 -0.091478697 -0.287243108 -0.526817043 0.037370996 -0.091478697 0.091478697 -0.091478697 0.091478697 0 0
-0.180213 -0.028325 0.039956 0.346923 -0.183669 0.04117 -0.129599 0.040969 -0.035127 0.320386 -0.192579 -0.045679 0 -0.295112782 0.52481203 -0.038159308 -0.093984962 -0.093984962 -0.093984962 -0.093984962 -0.295112782 -0.52481203 0.038159308 -0.093984962 0.093984962 -0.093984962 0.093984962 0 0
-0.180153 -0.027038 0.039039 0.344553 -0.171632 0.041761 -0.128508 0.04224 -0.036258 0.318514 -0.192264 -0.045035 0 -0.302982456 0.522807018 -0.038935057 -0.096491228 -0.096491228 -0.096491228 -0.096491228 -0.302982456 -0.522807018 0.038935057 -0.096491228 0.096491228 -0.096491228 0.096491228 0 0
-0.181226 -0.026022 0.037928 0.345611 -0.167319 0.040719 -0.127737 0.043127 -0.037571 0.317179 -0.192194 -0.043976 0 -0.31085213 0.520802005 -0.039698243 -0.098997494 -0.098997494 -0.098997494 -0.098997494 -0.31085213 -0.520802005 0.039698243 -0.098997494 0.098997494 -0.098997494 0.098997494 0 0
-0.181354 -0.026122 0.037053 0.347402 -0.168752 0.042417 -0.125778 0.043216 -0.038107 0.314735 -0.191655 -0.0431 0 -0.318721805 0.518796992 -0.040448867 -0.101503759 -0.101503759 -0.101503759 -0.101503759 -0.318721805 -0.518796992 0.040448867 -0.101503759 0.101503759 -0.101503759 0.101503759 0 0
-0.18087 -0.026869 0.036748 0.347762 -0.169994 0.043867 -0.122861 0.044136 -0.037958 0.313201 -0.193414 -0.042841 0 -0.326591479 0.51679198 -0.041186927 -0.104010025 -0.104010025 -0.104010025 -0.104010025 -0.326591479 -0.51679198 0.041186927 -0.104010025 0.104010025 -0.104010025 0.104010025 0 0
-0.179584 -0.027681 0.036827 0.34634 -0.169914 0.0452 -0.121386 0.043365 -0.037793 0.311465 -0.193156 -0.041209 0 -0.334461153 0.514786967 -0.041912425 -0.106516291 -0.106516291 -0.106516291 -0.106516291 -0.334461153 -0.514786967 0.041912425 -0.106516291 0.106516291 -0.106516291 0.106516291 0 0
-0.17781 -0.028807 0.037046 0.343492 -0.169058 0.046554 -0.120332 0.042199 -0.037469 0.310303 -0.193163 -0.03822 0 -0.342330827 0.512781955 -0.04262536 -0.109022556 -0.109022556 -0.109022556 -0.109022556 -0.342330827 -0.512781955 0.04262536 -0.109022556 0.109022556 -0.109022556 0.109022556 0 0
-0.17544 -0.030264 0.03732 0.339048 -0.167284 0.047872 -0.120094 0.040496 -0.037083 0.310765 -0.194071 -0.032155 0 -0.350200501 0.510776942 -0.043325733 -0.111528822 -0.111528822 -0.111528822 -0.111528822 -0.350200501 -0.510776942 0.043325733 -0.111528822 0.111528822 -0.111528822 0.111528822 0 0
-0.172337 -0.031834 0.037544 0.332842 -0.164402 0.049181 -0.121288 0.038259 -0.036783 0.314316 -0.196222 -0.020056 0 -0.358070175 0.50877193 -0.044013543 -0.114035088 -0.114035088 -0.114035088 -0.114035088 -0.358070175 -0.50877193 0.044013543 -0.114035088 0.114035088 -0.114035088 0.114035088 0 0
-0.168304 -0.033048 0.037718 0.32446 -0.160168 0.050441 -0.124904 0.036233 -0.036641 0.322425 -0.19735 -0.007031 0 -0.36593985 0.506766917 -0.04468879 -0.116541353 -0.116541353 -0.116541353 -0.116541353 -0.36593985 -0.506766917 0.04468879 -0.116541353 0.116541353 -0.116541353 0.116541353 0 0
-0.163107 -0.033564 0.037698 0.313411 -0.154311 0.05161 -0.131313 0.034993 -0.036888 0.335447 -0.195368 0.00305 0 -0.373809524 0.504761905 -0.045351474 -0.119047619 -0.119047619 -0.119047619 -0.119047619 -0.373809524 -0.504761905 0.045351474 -0.119047619 0.119047619 -0.119047619 0.119047619 0 0
-0.156653 -0.033297 0.037525 0.299448 -0.146697 0.052748 -0.140455 0.034688 -0.037411 0.353042 -0.189606 0.009469 0 -0.381679198 0.502756892 -0.046001595 -0.121553885 -0.121553885 -0.121553885 -0.121553885 -0.381679198 -0.502756892 0.046001595 -0.121553885 0.121553885 -0.121553885 0.121553885 0 0
-0.149126 -0.032502 0.037366 0.282869 -0.137538 0.053754 -0.152208 0.034828 -0.037938 0.375193 -0.181721 0.016447 0 -0.389548872 0.50075188 -0.046639154 -0.12406015 -0.12406015 -0.12406015 -0.12406015 -0.389548872 -0.50075188 0.046639154 -0.12406015 0.12406015 -0.12406015 0.12406015 0 0
-0.14122 -0.032058 0.037326 0.264985 -0.12755 0.054608 -0.166694 0.034706 -0.038547 0.40433 -0.174598 0.024356 0 -0.397418546 0.498746867 -0.04726415 -0.126566416 -0.126566416 -0.126566416 -0.126566416 -0.397418546 -0.498746867 0.04726415 -0.126566416 0.126566416 -0.126566416 0.126566416 0 0
-0.133973 -0.032293 0.037607 0.247814 -0.117837 0.055454 -0.184112 0.03538 -0.03526 0.44623 -0.211049 0.014884 0 -0.405288221 0.496741855 -0.047876584 -0.129072682 -0.129072682 -0.129072682 -0.129072682 -0.405288221 -0.496741855 0.047876584 -0.129072682 0.129072682 -0.129072682 0.129072682 0 0
-0.127929 -0.032604 0.038169 0.2328 -0.109273 0.056144 -0.20313 0.037275 -0.028419 0.495695 -0.256328 -0.002181 0 -0.413157895 0.494736842 -0.048476454 -0.131578947 -0.131578947 -0.131578947 -0.131578947 -0.413157895 -0.494736842 0.048476454 -0.131578947 0.131578947 -0.131578947 0.131578947 0 0
-0.122327 -0.033174 0.038623 0.219526 -0.101643 0.056744 -0.221418 0.03882 -0.022365 0.546592 -0.288399 -0.005186 0 -0.421027569 0.49273183 -0.049063762 -0.134085213 -0.134085213 -0.134085213 -0.134085213 -0.421027569 -0.49273183 0.049063762 -0.134085213 0.134085213 -0.134085213 0.134085213 0 0
-0.116687 -0.034044 0.038948 0.207483 -0.094773 0.057287 -0.237665 0.039759 -0.017716 0.595318 -0.308331 -0.006368 0 -0.428897243 0.490726817 -0.049638507 -0.136591479 -0.136591479 -0.136591479 -0.136591479 -0.428897243 -0.490726817 0.049638507 -0.136591479 0.136591479 -0.136591479 0.136591479 0 0
-0.111294 -0.035021 0.039234 0.196899 -0.08881 0.057753 -0.251575 0.040266 -0.014015 0.639945 -0.321294 -0.006564 0 -0.436766917 0.488721805 -0.05020069 -0.139097744 -0.139097744 -0.139097744 -0.139097744 -0.436766917 -0.488721805 0.05020069 -0.139097744 0.139097744 -0.139097744 0.139097744 0 0
-0.10645 -0.035987 0.039489 0.188005 -0.083857 0.058121 -0.263099 0.04042 -0.01103 0.679341 -0.331497 -0.006314 0 -0.444636591 0.486716792 -0.050750309 -0.14160401 -0.14160401 -0.14160401 -0.14160401 -0.444636591 -0.486716792 0.050750309 -0.14160401 0.14160401 -0.14160401 0.14160401 0 0
-0.102345 -0.036858 0.039669 0.180972 -0.079963 0.058299 -0.272151 0.040171 -0.008834 0.712553 -0.342011 -0.005887 0 -0.452506266 0.484711779 -0.051287366 -0.144110276 -0.144110276 -0.144110276 -0.144110276 -0.452506266 -0.484711779 0.051287366 -0.144110276 0.144110276 -0.144110276 0.144110276 0 0
-0.099023 -0.037617 0.039817 0.175805 -0.077187 0.058514 -0.278721 0.039455 -0.007362 0.73902 -0.354615 -0.005426 0 -0.46037594 0.482706767 -0.05181186 -0.146616541 -0.146616541 -0.146616541 -0.146616541 -0.46037594 -0.482706767 0.05181186 -0.146616541 0.146616541 -0.146616541 0.146616541 0 0
-0.096454 -0.038265 0.039932 0.172332 -0.075399 0.058644 -0.282883 0.038228 -0.006517 0.758484 -0.36971 -0.005 0 -0.468245614 0.480701754 -0.052323792 -0.149122807 -0.149122807 -0.149122807 -0.149122807 -0.468245614 -0.480701754 0.052323792 -0.149122807 0.149122807 -0.149122807 0.149122807 0 0
-0.094621 -0.038828 0.040022 0.170386 -0.074501 0.058735 -0.284769 0.036491 -0.006137 0.770816 -0.386782 -0.00464 0 -0.476115288 0.478696742 -0.052823161 -0.151629073 -0.151629073 -0.151629073 -0.151629073 -0.476115288 -0.478696742 0.052823161 -0.151629073 0.151629073 -0.151629073 0.151629073 0 0
-0.093481 -0.039337 0.040083 0.169758 -0.074354 0.05879 -0.284542 0.034294 -0.006059 0.776079 -0.404878 -0.004354 0 -0.483984962 0.476691729 -0.053309967 -0.154135338 -0.154135338 -0.154135338 -0.154135338 -0.483984962 -0.476691729 0.053309967 -0.154135338 0.154135338 -0.154135338 0.154135338 0 0
-0.092971 -0.039804 0.040095 0.170237 -0.074853 0.058606 -0.282351 0.031724 -0.006189 0.774439 -0.422998 -0.004145 0 -0.491854637 0.474686717 -0.05378421 -0.156641604 -0.156641604 -0.156641604 -0.156641604 -0.491854637 -0.474686717 0.05378421 -0.156641604 0.156641604 -0.156641604 0.156641604 0 0
-0.093016 -0.04023 0.040003 0.171686 -0.07593 0.05861 -0.278129 0.029004 -0.00627 0.765456 -0.4393 -0.004057 0 -0.499724311 0.472681704 -0.05424589 -0.15914787 -0.15914787 -0.15914787 -0.15914787 -0.499724311 -0.472681704 0.05424589 -0.15914787 0.15914787 -0.15914787 0.15914787 0 0
-0.09358 -0.04058 0.039766 0.174047 -0.077468 0.05841 -0.271754 0.026355 -0.006067 0.74855 -0.451945 -0.004089 0 -0.507593985 0.470676692 -0.054695008 -0.161654135 -0.161654135 -0.161654135 -0.161654135 -0.507593985 -0.470676692 0.054695008 -0.161654135 0.161654135 -0.161654135 0.161654135 0 0
-0.094661 -0.040854 0.039413 0.177391 -0.07961 0.058142 -0.263181 0.02397 -0.005447 0.723481 -0.459847 -0.004198 0 -0.515463659 0.468671679 -0.055131563 -0.164160401 -0.164160401 -0.164160401 -0.164160401 -0.515463659 -0.468671679 0.055131563 -0.164160401 0.164160401 -0.164160401 0.164160401 0 0
-0.096276 -0.04107 0.039024 0.181784 -0.082377 0.057714 -0.252626 0.021932 -0.004531 0.690981 -0.462174 -0.004363 0 -0.523333333 0.466666667 -0.055555556 -0.166666667 -0.166666667 -0.166666667 -0.166666667 -0.523333333 -0.466666667 0.055555556 -0.166666667 0.166666667 -0.166666667 0.166666667 0 0
-0.098365 -0.041225 0.038631 0.187218 -0.085729 0.057098 -0.240305 0.020319 -0.003617 0.652136 -0.458112 -0.004543 0 -0.531203008 0.464661654 -0.055966985 -0.169172932 -0.169172932 -0.169172932 -0.169172932 -0.531203008 -0.464661654 0.055966985 -0.169172932 0.169172932 -0.169172932 0.169172932 0 0
-0.100923 -0.04129 0.038194 0.193776 -0.089774 0.056323 -0.226485 0.019184 -0.003257 0.608195 -0.446633 -0.004608 0 -0.539072682 0.462656642 -0.056365852 -0.171679198 -0.171679198 -0.171679198 -0.171679198 -0.539072682 -0.462656642 0.056365852 -0.171679198 0.171679198 -0.171679198 0.171679198 0 0
-0.103974 -0.041216 0.037708 0.201503 -0.094488 0.055376 -0.21154 0.018598 -0.003971 0.560538 -0.426751 -0.004663 0 -0.546942356 0.460651629 -0.056752156 -0.174185464 -0.174185464 -0.174185464 -0.174185464 -0.546942356 -0.460651629 0.056752156 -0.174185464 0.174185464 -0.174185464 0.174185464 0 0
-0.107605 -0.041008 0.037192 0.210535 -0.099929 0.054279 -0.19593 0.018533 -0.006263 0.510707 -0.398263 -0.005124 0 -0.55481203 0.458646617 -0.057125897 -0.176691729 -0.176691729 -0.176691729 -0.176691729 -0.55481203 -0.458646617 0.057125897 -0.176691729 0.176691729 -0.176691729 0.176691729 0 0
-0.111984 -0.040766 0.036836 0.221102 -0.106237 0.053008 -0.180563 0.018838 -0.010462 0.46178 -0.364038 -0.006216 0 -0.562681704 0.456641604 -0.057487076 -0.179197995 -0.179197995 -0.179197995 -0.179197995 -0.562681704 -0.456641604 0.057487076 -0.179197995 0.179197995 -0.179197995 0.179197995 0 0
-0.117173 -0.040721 0.036784 0.233277 -0.113365 0.051644 -0.166186 0.019263 -0.016238 0.416799 -0.329064 -0.007718 0 -0.570551378 0.454636591 -0.057835692 -0.181704261 -0.181704261 -0.181704261 -0.181704261 -0.570551378 -0.454636591 0.057835692 -0.181704261 0.181704261 -0.181704261 0.181704261 0 0
-0.123136 -0.04137 0.03694 0.246869 -0.121173 0.050307 -0.153184 0.019006 -0.024144 0.377862 -0.301977 -0.008912 0 -0.578421053 0.452631579 -0.058171745 -0.184210526 -0.184210526 -0.184210526 -0.184210526 -0.578421053 -0.452631579 0.058171745 -0.184210526 0.184210526 -0.184210526 0.184210526 0 0
-0.129486 -0.042702 0.037697 0.260802 -0.129041 0.049294 -0.143314 0.018766 -0.029385 0.349443 -0.27503 -0.027938 0 -0.586290727 0.450626566 -0.058495236 -0.186716792 -0.186716792 -0.186716792 -0.186716792 -0.586290727 -0.450626566 0.058495236 -0.186716792 0.186716792 -0.186716792 0.186716792 0 0
-0.134592 -0.041735 0.03969 0.27131 -0.134977 0.048371 -0.143115 0.019506 -0.028284 0.341788 -0.244608 -0.029107 0 -0.594160401 0.448621554 -0.058806163 -0.189223058 -0.189223058 -0.189223058 -0.189223058 -0.594160401 -0.448621554 0.058806163 -0.189223058 0.189223058 -0.189223058 0.189223058 0 0
-0.136967 -0.040979 0.040178 0.277202 -0.138367 0.04729 -0.144269 0.020046 -0.028206 0.343236 -0.238572 -0.029352 0 -0.602030075 0.446616541 -0.059104528 -0.191729323 -0.191729323 -0.191729323 -0.191729323 -0.602030075 -0.446616541 0.059104528 -0.191729323 0.191729323 -0.191729323 0.191729323 0 0
-0.137181 -0.041074 0.040034 0.279027 -0.139746 0.045697 -0.144205 0.019864 -0.028432 0.342878 -0.230372 -0.030612 0 -0.609899749 0.444611529 -0.05939033 -0.194235589 -0.194235589 -0.194235589 -0.194235589 -0.609899749 -0.444611529 0.05939033 -0.194235589 0.194235589 -0.194235589 0.194235589 0 0
-0.136434 -0.041889 0.040074 0.278277 -0.139807 0.044422 -0.143817 0.018944 -0.028796 0.340617 -0.217942 -0.031583 0 -0.617769424 0.442606516 -0.05966357 -0.196741855 -0.196741855 -0.196741855 -0.196741855 -0.617769424 -0.442606516 0.05966357 -0.196741855 0.196741855 -0.196741855 0.196741855 0 0
-0.135314 -0.043054 0.04057 0.27612 -0.139099 0.043118 -0.143589 0.017721 -0.028477 0.337638 -0.20349 -0.032634 0 -0.625639098 0.440601504 -0.059924247 -0.19924812 -0.19924812 -0.19924812 -0.19924812 -0.625639098 -0.440601504 0.059924247 -0.19924812 0.19924812 -0.19924812 0.19924812 0 0
-0.134981 -0.044037 0.041096 0.274997 -0.139013 0.041593 -0.144151 0.016622 -0.02833 0.335823 -0.190811 -0.033705 0 -0.633508772 0.438596491 -0.060172361 -0.201754386 -0.201754386 -0.201754386 -0.201754386 -0.633508772 -0.438596491 0.060172361 -0.201754386 0.201754386 -0.201754386 0.201754386 0 0
-0.134792 -0.043493 0.041527 0.27448 -0.139247 0.040325 -0.145556 0.017159 -0.02795 0.338211 -0.191488 -0.035142 0 -0.641378446 0.436591479 -0.060407912 -0.204260652 -0.204260652 -0.204260652 -0.204260652 -0.641378446 -0.436591479 0.060407912 -0.204260652 0.204260652 -0.204260652 0.204260652 0 0
-0.134096 -0.042429 0.041362 0.273597 -0.139301 0.038914 -0.144683 0.018316 -0.027996 0.33686 -0.191596 -0.0371 0 -0.64924812 0.434586466 -0.060630901 -0.206766917 -0.206766917 -0.206766917 -0.206766917 -0.64924812 -0.434586466 0.060630901 -0.206766917 0.206766917 -0.206766917 0.206766917 0 0
-0.134062 -0.040604 0.041151 0.273644 -0.139871 0.036418 -0.143408 0.020142 -0.028123 0.333854 -0.190478 -0.038805 0 -0.657117794 0.432581454 -0.060841326 -0.209273183 -0.209273183 -0.209273183 -0.209273183 -0.657117794 -0.432581454 0.060841326 -0.209273183 0.209273183 -0.209273183 0.209273183 0 0
-0.134919 -0.038128 0.040873 0.275506 -0.141363 0.031087 -0.141304 0.022421 -0.028315 0.328746 -0.188147 -0.040435 0 -0.664987469 0.430576441 -0.061039189 -0.211779449 -0.211779449 -0.211779449 -0.211779449 -0.664987469 -0.430576441 0.061039189 -0.211779449 0.211779449 -0.211779449 0.211779449 0 0
-0.137533 -0.036125 0.04058 0.280105 -0.140144 0.031978 -0.138189 0.024548 -0.028778 0.321302 -0.184498 -0.042042 0 -0.672857143 0.428571429 -0.06122449 -0.214285714 -0.214285714 -0.214285714 -0.214285714 -0.672857143 -0.428571429 0.06122449 -0.214285714 0.214285714 -0.214285714 0.214285714 0 0
-0.142804 -0.034429 0.040145 0.289633 -0.137741 0.03256 -0.133777 0.026251 -0.029495 0.311018 -0.179221 -0.043491 0 -0.680726817 0.426566416 -0.061397227 -0.21679198 -0.21679198 -0.21679198 -0.21679198 -0.680726817 -0.426566416 0.061397227 -0.21679198 0.21679198 -0.21679198 0.21679198 0 0
-0.15071 -0.033226 0.03982 0.304116 -0.133914 0.03148 -0.128121 0.027269 -0.030223 0.298061 -0.17236 -0.044934 0 -0.688596491 0.424561404 -0.061557402 -0.219298246 -0.219298246 -0.219298246 -0.219298246 -0.688596491 -0.424561404 0.061557402 -0.219298246 0.219298246 -0.219298246 0.219298246 0 0
-0.161411 -0.032685 0.039323 0.323564 -0.127968 0.029891 -0.121484 0.027536 -0.03128 0.282998 -0.164295 -0.046336 0 -0.696466165 0.422556391 -0.061705014 -0.221804511 -0.221804511 -0.221804511 -0.221804511 -0.696466165 -0.422556391 0.061705014 -0.221804511 0.221804511 -0.221804511 0.221804511 0 0
-0.17475 -0.03301 0.03341 0.350464 -0.126971 0.011574 -0.114512 0.027698 -0.032305 0.267164 -0.155694 -0.047576 0 -0.70433584 0.420551378 -0.061840064 -0.224310777 -0.224310777 -0.224310777 -0.224310777 -0.70433584 -0.420551378 0.061840064 -0.224310777 0.224310777 -0.224310777 0.224310777 0 0
-0.189815 -0.03475 0.025008 0.386402 -0.159651 0.005192 -0.108182 0.028073 -0.032651 0.252526 -0.147489 -0.048624 0 -0.712205514 0.418546366 -0.06196255 -0.226817043 -0.226817043 -0.226817043 -0.226817043 -0.712205514 -0.418546366 0.06196255 -0.226817043 0.226817043 -0.226817043 0.226817043 0 0
-0.207124 -0.036663 0.019148 0.431843 -0.20349 0.001785 -0.103027 0.02866 -0.032993 0.239902 -0.140332 -0.049832 0 -0.720075188 0.416541353 -0.062072474 -0.229323308 -0.229323308 -0.229323308 -0.229323308 -0.720075188 -0.416541353 0.062072474 -0.229323308 0.229323308 -0.229323308 0.229323308 0 0
-0.225161 -0.0381 0.016887 0.482955 -0.239539 0.000786 -0.098249 0.02952 -0.033447 0.228721 -0.13397 -0.050751 0 -0.727944862 0.414536341 -0.062169836 -0.231829574 -0.231829574 -0.231829574 -0.231829574 -0.727944862 -0.414536341 0.062169836 -0.231829574 0.231829574 -0.231829574 0.231829574 0 0
-0.241883 -0.03951 0.01542 0.533498 -0.265547 0.000478 -0.093564 0.030512 -0.033746 0.218774 -0.128341 -0.051567 0 -0.735814536 0.412531328 -0.062254634 -0.23433584 -0.23433584 -0.23433584 -0.23433584 -0.735814536 -0.412531328 0.062254634 -0.23433584 0.23433584 -0.23433584 0.23433584 0 0
-0.257129 -0.040966 0.013884 0.58105 -0.285038 0.000285 -0.089499 0.031531 -0.034037 0.210408 -0.123646 -0.052322 0 -0.743684211 0.410526316 -0.06232687 -0.236842105 -0.236842105 -0.236842105 -0.236842105 -0.743684211 -0.410526316 0.06232687 -0.236842105 0.236842105 -0.236842105 0.236842105 0 0
-0.270525 -0.042389 0.012366 0.623686 -0.300092 0.000146 -0.086279 0.032481 -0.034274 0.203884 -0.120001 -0.052782 0 -0.751553885 0.408521303 -0.062386543 -0.239348371 -0.239348371 -0.239348371 -0.239348371 -0.751553885 -0.408521303 0.062386543 -0.239348371 0.239348371 -0.239348371 0.239348371 0 0
-0.281789 -0.043606 0.011044 0.660173 -0.313253 0.000035 -0.08401 0.033363 -0.034456 0.199356 -0.117446 -0.053215 0 -0.759423559 0.406516291 -0.062433653 -0.241854637 -0.241854637 -0.241854637 -0.241854637 -0.759423559 -0.406516291 0.062433653 -0.241854637 0.241854637 -0.241854637 0.241854637 0 0
-0.290929 -0.044415 0.010159 0.69036 -0.326925 -0.000158 -0.082648 0.034195 -0.034634 0.19673 -0.116033 -0.053624 0 -0.767293233 0.404511278 -0.062468201 -0.244360902 -0.244360902 -0.244360902 -0.244360902 -0.767293233 -0.404511278 0.062468201 -0.244360902 0.244360902 -0.244360902 0.244360902 0 0
-0.297928 -0.044714 0.009701 0.71419 -0.342303 -0.000441 -0.082105 0.035001 -0.034833 0.195874 -0.115638 -0.053949 0 -0.775162907 0.402506266 -0.062490185 -0.246867168 -0.246867168 -0.246867168 -0.246867168 -0.775162907 -0.402506266 0.062490185 -0.246867168 0.246867168 -0.246867168 0.246867168 0 0
-0.302814 -0.044511 0.009546 0.731667 -0.359638 -0.000805 -0.082289 0.035783 -0.035047 0.196624 -0.116165 -0.054203 0 -0.783032581 0.400501253 -0.062499607 -0.249373434 -0.249373434 -0.249373434 -0.249373434 -0.783032581 -0.400501253 0.062499607 -0.249373434 0.249373434 -0.249373434 0.249373434 0 0
-0.305584 -0.043882 0.009585 0.742647 -0.378308 -0.001253 -0.083114 0.036521 -0.035236 0.198824 -0.117524 -0.054399 0 -0.790902256 0.398496241 -0.062496467 -0.251879699 -0.251879699 -0.251879699 -0.251879699 -0.790902256 -0.398496241 0.062496467 -0.251879699 0.251879699 -0.251879699 0.251879699 0 0
-0.306108 -0.042972 0.009693 0.746495 -0.396946 -0.001774 -0.08453 0.037153 -0.035316 0.202408 -0.119714 -0.054543 0 -0.79877193 0.396491228 -0.062480763 -0.254385965 -0.254385965 -0.254385965 -0.254385965 -0.79877193 -0.396491228 0.062480763 -0.254385965 0.254385965 -0.254385965 0.254385965 0 0
-0.304171 -0.041903 0.009775 0.742176 -0.413678 -0.002344 -0.086498 0.037629 -0.035247 0.207293 -0.122616 -0.054597 0 -0.806641604 0.394486216 -0.062452497 -0.256892231 -0.256892231 -0.256892231 -0.256892231 -0.806641604 -0.394486216 0.062452497 -0.256892231 0.256892231 -0.256892231 0.256892231 0 0
-0.299863 -0.040642 0.009961 0.729582 -0.427653 -0.002928 -0.088977 0.037978 -0.035093 0.213341 -0.126199 -0.054499 0 -0.814511278 0.392481203 -0.062411668 -0.259398496 -0.259398496 -0.259398496 -0.259398496 -0.814511278 -0.392481203 0.062411668 -0.259398496 0.259398496 -0.259398496 0.259398496 0 0
-0.2933 -0.039139 0.010521 0.708916 -0.437892 -0.00344 -0.091913 0.038259 -0.034883 0.220426 -0.13041 -0.054419 0 -0.822380952 0.39047619 -0.062358277 -0.261904762 -0.261904762 -0.261904762 -0.261904762 -0.822380952 -0.39047619 0.062358277 -0.261904762 0.261904762 -0.261904762 0.261904762 0 0
-0.284569 -0.037414 0.011803 0.68049 -0.442824 -0.003722 -0.095263 0.038471 -0.034628 0.228511 -0.13523 -0.054314 0 -0.830250627 0.388471178 -0.062292322 -0.264411028 -0.264411028 -0.264411028 -0.264411028 -0.830250627 -0.388471178 0.062292322 -0.264411028 0.264411028 -0.264411028 0.264411028 0 0
-0.273836 -0.03551 0.014261 0.644981 -0.440887 -0.003631 -0.09901 0.0386 -0.034336 0.237615 -0.140667 -0.05409 0 -0.838120301 0.386466165 -0.062213805 -0.266917293 -0.266917293 -0.266917293 -0.266917293 -0.838120301 -0.386466165 0.062213805 -0.266917293 0.266917293 -0.266917293 0.266917293 0 0
-0.261338 -0.033571 0.018106 0.603388 -0.430614 -0.003099 -0.103132 0.038627 -0.034033 0.247746 -0.146727 -0.053734 0 -0.845989975 0.384461153 -0.062122725 -0.269423559 -0.269423559 -0.269423559 -0.269423559 -0.845989975 -0.384461153 0.062122725 -0.269423559 0.269423559 -0.269423559 0.269423559 0 0
-0.247394 -0.031757 0.023346 0.556945 -0.409896 -0.002105 -0.107661 0.038568 -0.033725 0.258986 -0.153494 -0.053293 0 -0.853859649 0.38245614 -0.062019083 -0.271929825 -0.271929825 -0.271929825 -0.271929825 -0.853859649 -0.38245614 0.062019083 -0.271929825 0.271929825 -0.271929825 0.271929825 0 0
-0.232347 -0.030172 0.029564 0.507102 -0.377795 -0.000789 -0.112698 0.038519 -0.033379 0.271486 -0.160937 -0.052648 0 -0.861729323 0.380451128 -0.061902877 -0.27443609 -0.27443609 -0.27443609 -0.27443609 -0.861729323 -0.380451128 0.061902877 -0.27443609 0.27443609 -0.27443609 0.27443609 0 0
-0.216963 -0.028684 0.035736 0.457205 -0.34132 -0.000153 -0.118408 0.038829 -0.032992 0.285449 -0.169159 -0.051914 0 -0.869598997 0.378446115 -0.061774109 -0.276942356 -0.276942356 -0.276942356 -0.276942356 -0.869598997 -0.378446115 0.061774109 -0.276942356 0.276942356 -0.276942356 0.276942356 0 0
-0.201854 -0.026744 0.039969 0.411713 -0.325809 -0.003671 -0.124738 0.040215 -0.032389 0.30063 -0.177939 -0.05115 0 -0.877468672 0.376441103 -0.061632779 -0.279448622 -0.279448622 -0.279448622 -0.279448622 -0.877468672 -0.376441103 0.061632779 -0.279448622 0.279448622 -0.279448622 0.279448622 0 0
-0.193003 -0.028221 0.042393 0.386649 -0.285628 0.037807 -0.1309 0.040601 -0.032923 0.314916 -0.186181 -0.050035 0 -0.885338346 0.37443609 -0.061478885 -0.281954887 -0.281954887 -0.281954887 -0.281954887 -0.885338346 -0.37443609 0.061478885 -0.281954887 0.281954887 -0.281954887 0.281954887 0 0
-0.189238 -0.029385 0.042183 0.373634 -0.250773 0.038402 -0.133983 0.03926 -0.034184 0.323488 -0.191555 -0.049173 0 -0.89320802 0.372431078 -0.061312429 -0.284461153 -0.284461153 -0.284461153 -0.284461153 -0.89320802 -0.372431078 0.061312429 -0.284461153 0.284461153 -0.284461153 0.284461153 0 0
-0.185625 -0.03007 0.04183 0.364476 -0.229508 0.038917 -0.134207 0.038531 -0.034491 0.326512 -0.193759 -0.047841 0 -0.901077694 0.370426065 -0.06113341 -0.286967419 -0.286967419 -0.286967419 -0.286967419 -0.901077694 -0.370426065 0.06113341 -0.286967419 0.286967419 -0.286967419 0.286967419 0 0
-0.182604 -0.029893 0.041639 0.356895 -0.21232 0.039689 -0.132979 0.038711 -0.034669 0.325736 -0.194049 -0.046831 0 -0.908947368 0.368421053 -0.060941828 -0.289473684 -0.289473684 -0.289473684 -0.289473684 -0.908947368 -0.368421053 0.060941828 -0.289473684 0.289473684 -0.289473684 0.289473684 0 0
-0.180642 -0.029113 0.041112 0.350958 -0.197022 0.040258 -0.131415 0.039528 -0.035186 0.323444 -0.193484 -0.046283 0 -0.916817043 0.36641604 -0.060737684 -0.29197995 -0.29197995 -0.29197995 -0.29197995 -0.916817043 -0.36641604 0.060737684 -0.29197995 0.29197995 -0.29197995 0.29197995 0 0
-0.179742 -0.02795 0.040281 0.346838 -0.183163 0.040833 -0.129981 0.040712 -0.036143 0.321027 -0.192887 -0.045725 0 -0.924686717 0.364411028 -0.060520977 -0.294486216 -0.294486216 -0.294486216 -0.294486216 -0.924686717 -0.364411028 0.060520977 -0.294486216 0.294486216 -0.294486216 0.294486216 0 0
-0.179741 -0.026632 0.039351 0.344612 -0.171283 0.041425 -0.128886 0.042017 -0.037287 0.319158 -0.192601 -0.04511 0 -0.932556391 0.362406015 -0.060291707 -0.296992481 -0.296992481 -0.296992481 -0.296992481 -0.932556391 -0.362406015 0.060291707 -0.296992481 0.296992481 -0.296992481 0.296992481 0 0
-0.180957 -0.025768 0.038234 0.346119 -0.167991 0.040831 -0.128095 0.04278 -0.0386 0.31779 -0.192546 -0.043979 0 -0.940426065 0.360401003 -0.060049874 -0.299498747 -0.299498747 -0.299498747 -0.299498747 -0.940426065 -0.360401003 0.060049874 -0.299498747 0.299498747 -0.299498747 0.299498747 0 0
-0.180956 -0.025781 0.037463 0.347731 -0.169517 0.04201 -0.126071 0.042894 -0.039103 0.315244 -0.191973 -0.043147 0 -0.948295739 0.35839599 -0.059795479 -0.302005013 -0.302005013 -0.302005013 -0.302005013 -0.948295739 -0.35839599 0.059795479 -0.302005013 0.302005013 -0.302005013 0.302005013 0 0
-0.180109 -0.026092 0.037317 0.347689 -0.170232 0.043411 -0.124248 0.042633 -0.039045 0.313096 -0.191467 -0.041508 0 -0.956165414 0.356390977 -0.059528521 -0.304511278 -0.304511278 -0.304511278 -0.304511278 -0.956165414 -0.356390977 0.059528521 -0.304511278 0.304511278 -0.304511278 0.304511278 0 0
-0.178804 -0.026882 0.037421 0.346206 -0.170144 0.044769 -0.122717 0.041889 -0.038845 0.311188 -0.191117 -0.039864 0 -0.964035088 0.354385965 -0.059249 -0.307017544 -0.307017544 -0.307017544 -0.307017544 -0.964035088 -0.354385965 0.059249 -0.307017544 0.307017544 -0.307017544 0.307017544 0 0
-0.17701 -0.028004 0.037653 0.343319 -0.169295 0.046139 -0.121611 0.040736 -0.038499 0.309903 -0.191071 -0.036929 0 -0.971904762 0.352380952 -0.058956916 -0.30952381 -0.30952381 -0.30952381 -0.30952381 -0.971904762 -0.352380952 0.058956916 -0.30952381 0.30952381 -0.30952381 0.30952381 0 0
-0.174624 -0.029466 0.037944 0.338855 -0.167534 0.047468 -0.121311 0.039042 -0.03809 0.310229 -0.191916 -0.031003 0 -0.979774436 0.35037594 -0.05865227 -0.312030075 -0.312030075 -0.312030075 -0.312030075 -0.979774436 -0.35037594 0.05865227 -0.312030075 0.312030075 -0.312030075 0.312030075 0 0
-0.171511 -0.03105 0.038197 0.332638 -0.164672 0.048803 -0.122455 0.036816 -0.037754 0.313652 -0.19398 -0.019233 0 -0.98764411 0.348370927 -0.058335061 -0.314536341 -0.314536341 -0.314536341 -0.314536341 -0.98764411 -0.348370927 0.058335061 -0.314536341 0.314536341 -0.314536341 0.314536341 0 0
-0.167486 -0.032282 0.038398 0.324277 -0.16047 0.050058 -0.126018 0.034805 -0.037577 0.32162 -0.194986 -0.006685 0 -0.995513784 0.346365915 -0.058005289 -0.317042607 -0.317042607 -0.317042607 -0.317042607 -0.995513784 -0.346365915 0.058005289 -0.317042607 0.317042607 -0.317042607 0.317042607 0 0
-0.162304 -0.032818 0.038403 0.313266 -0.154658 0.051239 -0.132367 0.03358 -0.037777 0.334489 -0.192904 0.002898 0 -1.003383459 0.344360902 -0.057662954 -0.319548872 -0.319548872 -0.319548872 -0.319548872 -1.003383459 -0.344360902 0.057662954 -0.319548872 0.319548872 -0.319548872 0.319548872 0 0
-0.155874 -0.032569 0.038263 0.299362 -0.147098 0.052374 -0.141454 0.033286 -0.038235 0.351931 -0.187077 0.008863 0 -1.011253133 0.34235589 -0.057308057 -0.322055138 -0.322055138 -0.322055138 -0.322055138 -1.011253133 -0.34235589 0.057308057 -0.322055138 0.322055138 -0.322055138 0.322055138 0 0
-0.148378 -0.031819 0.038137 0.28287 -0.138017 0.053406 -0.153154 0.03337 -0.038681 0.374017 -0.179393 0.016146 0 -1.019122807 0.340350877 -0.056940597 -0.324561404 -0.324561404 -0.324561404 -0.324561404 -1.019122807 -0.340350877 0.056940597 -0.324561404 0.324561404 -0.324561404 0.324561404 0 0
-0.14053 -0.031432 0.038121 0.265132 -0.128131 0.054261 -0.167617 0.033245 -0.03911 0.403426 -0.172475 0.023598 0 -1.026992481 0.338345865 -0.056560574 -0.327067669 -0.327067669 -0.327067669 -0.327067669 -1.026992481 -0.338345865 0.056560574 -0.327067669 0.327067669 -0.327067669 0.327067669 0 0
-0.133356 -0.031696 0.03839 0.248145 -0.11855 0.055074 -0.184961 0.034087 -0.035541 0.445673 -0.209403 0.009191 0 -1.034862155 0.336340852 -0.056167989 -0.329573935 -0.329573935 -0.329573935 -0.329573935 -1.034862155 -0.336340852 0.056167989 -0.329573935 0.329573935 -0.329573935 0.329573935 0 0
-0.12737 -0.032064 0.038968 0.233264 -0.110084 0.055824 -0.203871 0.035949 -0.028292 0.495337 -0.254626 0.003774 0 -1.04273183 0.33433584 -0.055762841 -0.332080201 -0.332080201 -0.332080201 -0.332080201 -1.04273183 -0.33433584 0.055762841 -0.332080201 0.332080201 -0.332080201 0.332080201 0 0
-0.121789 -0.032675 0.039467 0.220123 -0.102563 0.056416 -0.222044 0.037511 -0.022264 0.546535 -0.286625 0.001169 0 -1.050601504 0.332330827 -0.05534513 -0.334586466 -0.334586466 -0.334586466 -0.334586466 -1.050601504 -0.332330827 0.05534513 -0.334586466 0.334586466 -0.334586466 0.334586466 0 0
-0.116167 -0.033564 0.039802 0.208241 -0.095817 0.056954 -0.238162 0.03856 -0.017528 0.595576 -0.306472 -0.000307 0 -1.058471178 0.330325815 -0.054914856 -0.337092732 -0.337092732 -0.337092732 -0.337092732 -1.058471178 -0.330325815 0.054914856 -0.337092732 0.337092732 -0.337092732 0.337092732 0 0
-0.110847 -0.034538 0.040085 0.197822 -0.08997 0.057408 -0.252015 0.039233 -0.013737 0.640537 -0.319542 -0.001261 0 -1.066340852 0.328320802 -0.05447202 -0.339598997 -0.339598997 -0.339598997 -0.339598997 -1.066340852 -0.328320802 0.05447202 -0.339598997 0.339598997 -0.339598997 0.339598997 0 0
-0.106058 -0.035509 0.040326 0.189011 -0.085087 0.057753 -0.2635 0.039507 -0.010825 0.680213 -0.330031 -0.001789 0 -1.074210526 0.326315789 -0.05401662 -0.342105263 -0.342105263 -0.342105263 -0.342105263 -1.074210526 -0.326315789 0.05401662 -0.342105263 0.342105263 -0.342105263 0.342105263 0 0
-0.101995 -0.036394 0.04049 0.182006 -0.081232 0.057938 -0.272513 0.039358 -0.00871 0.713609 -0.340827 -0.002021 0 -1.082080201 0.324310777 -0.053548659 -0.344611529 -0.344611529 -0.344611529 -0.344611529 -1.082080201 -0.324310777 0.053548659 -0.344611529 0.344611529 -0.344611529 0.344611529 0 0
-0.098711 -0.037156 0.040619 0.176852 -0.078489 0.058092 -0.279038 0.038746 -0.007298 0.74016 -0.353674 -0.002127 0 -1.089949875 0.322305764 -0.053068134 -0.347117794 -0.347117794 -0.347117794 -0.347117794 -1.089949875 -0.322305764 0.053068134 -0.347117794 0.347117794 -0.347117794 0.347117794 0 0
-0.096174 -0.037812 0.040719 0.173389 -0.07673 0.058224 -0.283145 0.037607 -0.006504 0.759619 -0.368989 -0.002188 0 -1.097819549 0.320300752 -0.052575047 -0.34962406 -0.34962406 -0.34962406 -0.34962406 -1.097819549 -0.320300752 0.052575047 -0.34962406 0.34962406 -0.34962406 0.34962406 0 0
-0.094362 -0.038383 0.040789 0.171442 -0.075855 0.058316 -0.284968 0.035943 -0.006173 0.771882 -0.386255 -0.002245 0 -1.105689223 0.318295739 -0.052069397 -0.352130326 -0.352130326 -0.352130326 -0.352130326 -1.105689223 -0.318295739 0.052069397 -0.352130326 0.352130326 -0.352130326 0.352130326 0 0
-0.093237 -0.0389 0.040836 0.170806 -0.075727 0.058341 -0.284684 0.033803 -0.006138 0.777035 -0.404523 -0.002313 0 -1.113558897 0.316290727 -0.051551184 -0.354636591 -0.354636591 -0.354636591 -0.354636591 -1.113558897 -0.316290727 0.051551184 -0.354636591 0.354636591 -0.354636591 0.354636591 0 0
-0.092738 -0.03938 0.040843 0.171289 -0.076295 0.058231 -0.282445 0.031278 -0.006294 0.77527 -0.422792 -0.002406 0 -1.121428571 0.314285714 -0.051020408 -0.357142857 -0.357142857 -0.357142857 -0.357142857 -1.121428571 -0.314285714 0.051020408 -0.357142857 0.357142857 -0.357142857 0.357142857 0 0
-0.092786 -0.039822 0.040736 0.172696 -0.077288 0.058135 -0.278192 0.028569 -0.006414 0.766178 -0.439203 -0.002578 0 -1.129298246 0.312280702 -0.05047707 -0.359649123 -0.359649123 -0.359649123 -0.359649123 -1.129298246 -0.312280702 0.05047707 -0.359649123 0.359649123 -0.359649123 0.359649123 0 0
-0.093362 -0.040186 0.040498 0.175071 -0.078892 0.057989 -0.271793 0.025947 -0.006191 0.749144 -0.451906 -0.002827 0 -1.13716792 0.310275689 -0.049921169 -0.362155388 -0.362155388 -0.362155388 -0.362155388 -1.13716792 -0.310275689 0.049921169 -0.362155388 0.362155388 -0.362155388 0.362155388 0 0
-0.094457 -0.040451 0.040142 0.178436 -0.08108 0.057584 -0.263203 0.023591 -0.005546 0.723938 -0.459841 -0.003121 0 -1.145037594 0.308270677 -0.049352705 -0.364661654 -0.364661654 -0.364661654 -0.364661654 -1.145037594 -0.308270677 0.049352705 -0.364661654 0.364661654 -0.364661654 0.364661654 0 0
-0.096087 -0.040659 0.039754 0.182847 -0.083842 0.057152 -0.252637 0.021581 -0.004596 0.69128 -0.462193 -0.003442 0 -1.152907268 0.306265664 -0.048771679 -0.36716792 -0.36716792 -0.36716792 -0.36716792 -1.152907268 -0.306265664 0.048771679 -0.36716792 0.36716792 -0.36716792 0.36716792 0 0
-0.098208 -0.04081 0.039349 0.188344 -0.087278 0.056553 -0.240315 0.01997 -0.00368 0.652266 -0.45814 -0.003764 0 -1.160776942 0.304260652 -0.048178089 -0.369674185 -0.369674185 -0.369674185 -0.369674185 -1.160776942 -0.304260652 0.048178089 -0.369674185 0.369674185 -0.369674185 0.369674185 0 0
-0.100802 -0.040861 0.038896 0.194975 -0.091419 0.055748 -0.226504 0.018825 -0.003349 0.608153 -0.446634 -0.003951 0 -1.168646617 0.302255639 -0.047571937 -0.372180451 -0.372180451 -0.372180451 -0.372180451 -1.168646617 -0.302255639 0.047571937 -0.372180451 0.372180451 -0.372180451 0.372180451 0 0
-0.103897 -0.04076 0.038398 0.202787 -0.096192 0.054769 -0.211577 0.018229 -0.004111 0.560318 -0.426681 -0.004112 0 -1.176516291 0.300250627 -0.046953223 -0.374686717 -0.374686717 -0.374686717 -0.374686717 -1.176516291 -0.300250627 0.046953223 -0.374686717 0.374686717 -0.374686717 0.374686717 0 0
-0.107567 -0.040514 0.037876 0.21191 -0.101696 0.053622 -0.195996 0.018161 -0.006465 0.510336 -0.398073 -0.004658 0 -1.184385965 0.298245614 -0.046321945 -0.377192982 -0.377192982 -0.377192982 -0.377192982 -1.184385965 -0.298245614 0.046321945 -0.377192982 0.377192982 -0.377192982 0.377192982 0 0
-0.11198 -0.040236 0.03752 0.222566 -0.108033 0.052366 -0.180669 0.018461 -0.010708 0.4613 -0.363709 -0.005813 0 -1.192255639 0.296240602 -0.045678105 -0.379699248 -0.379699248 -0.379699248 -0.379699248 -1.192255639 -0.296240602 0.045678105 -0.379699248 0.379699248 -0.379699248 0.379699248 0 0
-0.117203 -0.04017 0.037462 0.234841 -0.115222 0.051008 -0.166344 0.018864 -0.016508 0.416262 -0.328689 -0.00734 0 -1.200125313 0.294235589 -0.045021702 -0.382205514 -0.382205514 -0.382205514 -0.382205514 -1.200125313 -0.294235589 0.045021702 -0.382205514 0.382205514 -0.382205514 0.382205514 0 0
-0.123198 -0.04083 0.037606 0.248527 -0.123097 0.04967 -0.153408 0.01854 -0.02445 0.377356 -0.302011 -0.008474 0 -1.207994987 0.292230576 -0.044352736 -0.384711779 -0.384711779 -0.384711779 -0.384711779 -1.207994987 -0.292230576 0.044352736 -0.384711779 0.384711779 -0.384711779 0.384711779 0 0
-0.129588 -0.041776 0.038052 0.262496 -0.130942 0.048772 -0.144256 0.018921 -0.027566 0.350944 -0.267868 -0.014985 0 -1.215864662 0.290225564 -0.043671208 -0.387218045 -0.387218045 -0.387218045 -0.387218045 -1.215864662 -0.290225564 0.043671208 -0.387218045 0.387218045 -0.387218045 0.387218045 0 0
-0.134792 -0.041495 0.039606 0.273178 -0.136881 0.048283 -0.143051 0.019728 -0.027017 0.342692 -0.244499 -0.026847 0 -1.223734336 0.288220551 -0.042977117 -0.389724311 -0.389724311 -0.389724311 -0.389724311 -1.223734336 -0.288220551 0.042977117 -0.389724311 0.389724311 -0.389724311 0.389724311 0 0
-0.137383 -0.040904 0.040154 0.279138 -0.140371 0.046579 -0.144535 0.020272 -0.026575 0.344052 -0.236714 -0.030014 0 -1.23160401 0.286215539 -0.042270463 -0.392230576 -0.392230576 -0.392230576 -0.392230576 -1.23160401 -0.286215539 0.042270463 -0.392230576 0.392230576 -0.392230576 0.392230576 0 0
-0.137726 -0.04122 0.039935 0.281039 -0.141714 0.045065 -0.144676 0.019836 -0.026989 0.343826 -0.227566 -0.031035 0 -1.239473684 0.284210526 -0.041551247 -0.394736842 -0.394736842 -0.394736842 -0.394736842 -1.239473684 -0.284210526 0.041551247 -0.394736842 0.394736842 -0.394736842 0.394736842 0 0
-0.13705 -0.042156 0.039983 0.280397 -0.141833 0.043755 -0.144507 0.018771 -0.027365 0.34196 -0.215032 -0.031945 0 -1.247343358 0.282205514 -0.040819467 -0.397243108 -0.397243108 -0.397243108 -0.397243108 -1.247343358 -0.282205514 0.040819467 -0.397243108 0.397243108 -0.397243108 0.397243108 0 0
-0.135988 -0.043354 0.040474 0.278388 -0.141201 0.042503 -0.144481 0.017501 -0.027153 0.339519 -0.201319 -0.032964 0 -1.255213033 0.280200501 -0.040075125 -0.399749373 -0.399749373 -0.399749373 -0.399749373 -1.255213033 -0.280200501 0.040075125 -0.399749373 0.399749373 -0.399749373 0.399749373 0 0
-0.13566 -0.044197 0.041021 0.277302 -0.141139 0.040842 -0.14535 0.01662 -0.026959 0.339132 -0.192849 -0.035139 0 -1.263082707 0.278195489 -0.03931822 -0.402255639 -0.402255639 -0.402255639 -0.402255639 -1.263082707 -0.278195489 0.03931822 -0.402255639 0.402255639 -0.402255639 0.402255639 0 0
-0.135071 -0.043379 0.041104 0.276291 -0.141142 0.039394 -0.146036 0.017442 -0.026695 0.340673 -0.19406 -0.036172 0 -1.270952381 0.276190476 -0.038548753 -0.404761905 -0.404761905 -0.404761905 -0.404761905 -1.270952381 -0.276190476 0.038548753 -0.404761905 0.404761905 -0.404761905 0.404761905 0 0
-0.134456 -0.042023 0.040987 0.275439 -0.141225 0.038358 -0.14504 0.018832 -0.026761 0.338689 -0.193457 -0.037012 0 -1.278822055 0.274185464 -0.037766723 -0.40726817 -0.40726817 -0.40726817 -0.40726817 -1.278822055 -0.274185464 0.037766723 -0.40726817 0.40726817 -0.40726817 0.40726817 0 0
-0.134379 -0.04001 0.040842 0.275368 -0.141767 0.036123 -0.143456 0.020868 -0.026884 0.334897 -0.191909 -0.0388 0 -1.286691729 0.272180451 -0.03697213 -0.409774436 -0.409774436 -0.409774436 -0.409774436 -1.286691729 -0.272180451 0.03697213 -0.409774436 0.409774436 -0.409774436 0.409774436 0 0
-0.135327 -0.037715 0.040609 0.27708 -0.142203 0.033939 -0.141218 0.023175 -0.027089 0.329378 -0.189372 -0.040635 0 -1.294561404 0.270175439 -0.036164974 -0.412280702 -0.412280702 -0.412280702 -0.412280702 -1.294561404 -0.270175439 0.036164974 -0.412280702 0.412280702 -0.412280702 0.412280702 0 0
-0.138222 -0.035664 0.040245 0.282256 -0.141341 0.033718 -0.13797 0.025278 -0.027564 0.32159 -0.185525 -0.042294 0 -1.302431078 0.268170426 -0.035345255 -0.414786967 -0.414786967 -0.414786967 -0.414786967 -1.302431078 -0.268170426 0.035345255 -0.414786967 0.414786967 -0.414786967 0.414786967 0 0
-0.143621 -0.033944 0.039828 0.292151 -0.139264 0.032333 -0.133463 0.026881 -0.028211 0.311124 -0.180122 -0.04388 0 -1.310300752 0.266165414 -0.034512974 -0.417293233 -0.417293233 -0.417293233 -0.417293233 -1.310300752 -0.266165414 0.034512974 -0.417293233 0.417293233 -0.417293233 0.417293233 0 0
-0.151648 -0.032836 0.039524 0.306848 -0.135085 0.030908 -0.127699 0.027771 -0.028946 0.297989 -0.173157 -0.045322 0 -1.318170426 0.264160401 -0.03366813 -0.419799499 -0.419799499 -0.419799499 -0.419799499 -1.318170426 -0.264160401 0.03366813 -0.419799499 0.419799499 -0.419799499 0.419799499 0 0
-0.162419 -0.032411 0.039059 0.326419 -0.128767 0.029313 -0.120973 0.02791 -0.029968 0.282774 -0.164975 -0.046648 0 -1.3260401 0.262155388 -0.032810724 -0.422305764 -0.422305764 -0.422305764 -0.422305764 -1.3260401 -0.262155388 0.032810724 -0.422305764 0.422305764 -0.422305764 0.422305764 0 0
-0.175789 -0.032875 0.033095 0.353293 -0.127269 0.011409 -0.113939 0.027952 -0.03098 0.266842 -0.156304 -0.04785 0 -1.333909774 0.260150376 -0.031940754 -0.42481203 -0.42481203 -0.42481203 -0.42481203 -1.333909774 -0.260150376 0.031940754 -0.42481203 0.42481203 -0.42481203 0.42481203 0 0
-0.190825 -0.034699 0.024687 0.389052 -0.159725 0.005318 -0.107555 0.028254 -0.031326 0.25213 -0.148042 -0.048856 0 -1.341779449 0.258145363 -0.031058222 -0.427318296 -0.427318296 -0.427318296 -0.427318296 -1.341779449 -0.258145363 0.031058222 -0.427318296 0.427318296 -0.427318296 0.427318296 0 0
-0.208082 -0.036645 0.018793 0.434144 -0.203258 0.001931 -0.10238 0.028811 -0.031679 0.239468 -0.140844 -0.050049 0 -1.349649123 0.256140351 -0.030163127 -0.429824561 -0.429824561 -0.429824561 -0.429824561 -1.349649123 -0.256140351 0.030163127 -0.429824561 0.429824561 -0.429824561 0.429824561 0 0
-0.226079 -0.038097 0.016432 0.484855 -0.239079 0.000899 -0.097613 0.029664 -0.032161 0.228292 -0.134459 -0.050972 0 -1.357518797 0.254135338 -0.02925547 -0.432330827 -0.432330827 -0.432330827 -0.432330827 -1.357518797 -0.254135338 0.02925547 -0.432330827 0.432330827 -0.432330827 0.432330827 0 0
-0.242765 -0.039503 0.01488 0.535003 -0.264947 0.000552 -0.092941 0.03067 -0.032493 0.218367 -0.128825 -0.051796 0 -1.365388471 0.252130326 -0.028335249 -0.434837093 -0.434837093 -0.434837093 -0.434837093 -1.365388471 -0.252130326 0.028335249 -0.434837093 0.434837093 -0.434837093 0.434837093 0 0
-0.257975 -0.040946 0.013297 0.582182 -0.284364 0.00033 -0.088886 0.031711 -0.032815 0.210031 -0.124122 -0.052536 0 -1.373258145 0.250125313 -0.027402466 -0.437343358 -0.437343358 -0.437343358 -0.437343358 -1.373258145 -0.250125313 0.027402466 -0.437343358 0.437343358 -0.437343358 0.437343358 0 0
-0.271344 -0.042356 0.011758 0.624495 -0.299402 0.000172 -0.085671 0.032689 -0.033085 0.203536 -0.120496 -0.053005 0 -1.38112782 0.248120301 -0.02645712 -0.439849624 -0.439849624 -0.439849624 -0.439849624 -1.38112782 -0.248120301 0.02645712 -0.439849624 0.439849624 -0.439849624 0.439849624 0 0
-0.282598 -0.043563 0.010452 0.66074 -0.312594 0.000049 -0.083402 0.033597 -0.033292 0.199013 -0.117895 -0.053425 0 -1.388997494 0.246115288 -0.025499212 -0.44235589 -0.44235589 -0.44235589 -0.44235589 -1.388997494 -0.246115288 0.025499212 -0.44235589 0.44235589 -0.44235589 0.44235589 0 0
-0.291744 -0.044363 0.009612 0.690762 -0.326307 -0.000155 -0.082045 0.034456 -0.033488 0.196403 -0.116458 -0.053798 0 -1.396867168 0.244110276 -0.02452874 -0.444862155 -0.444862155 -0.444862155 -0.444862155 -1.396867168 -0.244110276 0.02452874 -0.444862155 0.444862155 -0.444862155 0.444862155 0 0
-0.298764 -0.044662 0.009218 0.714494 -0.341712 -0.000445 -0.081513 0.035287 -0.033698 0.195564 -0.116036 -0.054138 0 -1.404736842 0.242105263 -0.023545706 -0.447368421 -0.447368421 -0.447368421 -0.447368421 -1.404736842 -0.242105263 0.023545706 -0.447368421 0.447368421 -0.447368421 0.447368421 0 0
-0.303677 -0.044472 0.009131 0.73192 -0.359051 -0.000813 -0.081706 0.036088 -0.033925 0.196326 -0.116541 -0.054387 0 -1.412606516 0.240100251 -0.02255011 -0.449874687 -0.449874687 -0.449874687 -0.449874687 -1.412606516 -0.240100251 0.02255011 -0.449874687 0.449874687 -0.449874687 0.449874687 0 0
-0.30648 -0.043863 0.00924 0.742891 -0.377715 -0.001264 -0.082542 0.036839 -0.03413 0.198536 -0.117878 -0.054553 0 -1.42047619 0.238095238 -0.02154195 -0.452380952 -0.452380952 -0.452380952 -0.452380952 -1.42047619 -0.238095238 0.02154195 -0.452380952 0.452380952 -0.452380952 0.452380952 0 0
-0.307042 -0.042981 0.009414 0.74677 -0.396339 -0.001785 -0.083965 0.037479 -0.03423 0.202111 -0.120028 -0.054675 0 -1.428345865 0.236090226 -0.020521228 -0.454887218 -0.454887218 -0.454887218 -0.454887218 -1.428345865 -0.236090226 0.020521228 -0.454887218 0.454887218 -0.454887218 0.454887218 0 0
-0.305142 -0.041946 0.009553 0.742509 -0.413059 -0.002356 -0.085941 0.037961 -0.034178 0.206987 -0.122896 -0.054724 0 -1.436215539 0.234085213 -0.019487943 -0.457393484 -0.457393484 -0.457393484 -0.457393484 -1.436215539 -0.234085213 0.019487943 -0.457393484 0.457393484 -0.457393484 0.457393484 0 0
-0.300865 -0.040726 0.009776 0.729984 -0.427036 -0.002941 -0.088429 0.038313 -0.034041 0.213024 -0.126444 -0.05461 0 -1.444085213 0.232080201 -0.018442095 -0.459899749 -0.459899749 -0.459899749 -0.459899749 -1.444085213 -0.232080201 0.018442095 -0.459899749 0.459899749 -0.459899749 0.459899749 0 0
-0.294326 -0.039265 0.010358 0.709406 -0.43729 -0.003453 -0.091372 0.038596 -0.033849 0.220093 -0.130615 -0.054538 0 -1.451954887 0.230075188 -0.017383685 -0.462406015 -0.462406015 -0.462406015 -0.462406015 -1.451954887 -0.230075188 0.017383685 -0.462406015 0.462406015 -0.462406015 0.462406015 0 0
-0.285613 -0.037586 0.011638 0.681079 -0.442242 -0.003735 -0.094722 0.038805 -0.033615 0.228149 -0.135392 -0.054414 0 -1.459824561 0.228070175 -0.016312712 -0.464912281 -0.464912281 -0.464912281 -0.464912281 -1.459824561 -0.228070175 0.016312712 -0.464912281 0.464912281 -0.464912281 0.464912281 0 0
-0.27489 -0.035722 0.014076 0.645685 -0.440349 -0.003645 -0.098473 0.038932 -0.033342 0.237221 -0.140783 -0.054173 0 -1.467694236 0.226065163 -0.015229176 -0.467418546 -0.467418546 -0.467418546 -0.467418546 -1.467694236 -0.226065163 0.015229176 -0.467418546 0.467418546 -0.467418546 0.467418546 0 0
-0.262394 -0.033822 0.017878 0.604216 -0.430152 -0.003113 -0.102592 0.038957 -0.03306 0.247311 -0.146792 -0.053814 0 -1.47556391 0.22406015 -0.014133077 -0.469924812 -0.469924812 -0.469924812 -0.469924812 -1.47556391 -0.22406015 0.014133077 -0.469924812 0.469924812 -0.469924812 0.469924812 0 0
-0.248441 -0.032041 0.023055 0.557897 -0.409573 -0.002113 -0.107112 0.038892 -0.032772 0.258484 -0.153455 -0.053328 0 -1.483433584 0.222055138 -0.013024416 -0.472431078 -0.472431078 -0.472431078 -0.472431078 -1.483433584 -0.222055138 0.013024416 -0.472431078 0.472431078 -0.472431078 0.472431078 0 0
-0.233366 -0.03048 0.029197 0.508139 -0.377601 -0.000776 -0.112136 0.03884 -0.03245 0.270928 -0.160889 -0.052677 0 -1.491303258 0.220050125 -0.011903192 -0.474937343 -0.474937343 -0.474937343 -0.474937343 -1.491303258 -0.220050125 0.011903192 -0.474937343 0.474937343 -0.474937343 0.474937343 0 0
-0.21793 -0.029015 0.035316 0.45824 -0.34101 -0.000057 -0.117834 0.039135 -0.032081 0.284818 -0.169047 -0.051944 0 -1.499172932 0.218045113 -0.010769405 -0.477443609 -0.477443609 -0.477443609 -0.477443609 -1.499172932 -0.218045113 0.010769405 -0.477443609 0.477443609 -0.477443609 0.477443609 0 0
-0.202759 -0.027117 0.039582 0.412619 -0.324539 -0.003408 -0.124161 0.040476 -0.031506 0.299951 -0.177788 -0.051172 0 -1.507042607 0.2160401 -0.009623055 -0.479949875 -0.479949875 -0.479949875 -0.479949875 -1.507042607 -0.2160401 0.009623055 -0.479949875 0.479949875 -0.479949875 0.479949875 0 0
-0.193691 -0.028359 0.042076 0.387252 -0.285214 0.03557 -0.130324 0.040907 -0.032077 0.314215 -0.186019 -0.050132 0 -1.514912281 0.214035088 -0.008464143 -0.48245614 -0.48245614 -0.48245614 -0.48245614 -1.514912281 -0.214035088 0.008464143 -0.48245614 0.48245614 -0.48245614 0.48245614 0 0
-0.189719 -0.029674 0.041688 0.373833 -0.251089 0.038722 -0.133487 0.039608 -0.03333 0.322864 -0.191389 -0.049001 0 -1.522781955 0.212030075 -0.007292668 -0.484962406 -0.484962406 -0.484962406 -0.484962406 -1.522781955 -0.212030075 0.007292668 -0.484962406 0.484962406 -0.484962406 0.484962406 0 0
-0.186196 -0.030362 0.041399 0.364799 -0.230079 0.039213 -0.133802 0.038873 -0.033589 0.325928 -0.193578 -0.04782 0 -1.530651629 0.210025063 -0.00610863 -0.487468672 -0.487468672 -0.487468672 -0.487468672 -1.530651629 -0.210025063 0.00610863 -0.487468672 0.487468672 -0.487468672 0.487468672 0 0
-0.183193 -0.03021 0.04126 0.357241 -0.21304 0.039974 -0.132604 0.039027 -0.033718 0.325138 -0.193813 -0.046825 0 -1.538521303 0.20802005 -0.004912029 -0.489974937 -0.489974937 -0.489974937 -0.489974937 -1.538521303 -0.20802005 0.004912029 -0.489974937 0.489974937 -0.489974937 0.489974937 0 0
-0.181174 -0.029454 0.040767 0.351182 -0.197643 0.040566 -0.131037 0.039821 -0.034191 0.322824 -0.193216 -0.04631 0 -1.546390977 0.206015038 -0.003702866 -0.492481203 -0.492481203 -0.492481203 -0.492481203 -1.546390977 -0.206015038 0.003702866 -0.492481203 0.492481203 -0.492481203 0.492481203 0 0
-0.180213 -0.028325 0.039956 0.346923 -0.183669 0.04117 -0.129599 0.040969 -0.035127 0.320386 -0.192579 -0.045679 0 -1.554260652 0.204010025 -0.00248114 -0.494987469 -0.494987469 -0.494987469 -0.494987469 -1.554260652 -0.204010025 0.00248114 -0.494987469 0.494987469 -0.494987469 0.494987469 0 0
-0.180153 -0.027038 0.039039 0.344553 -0.171632 0.041761 -0.128508 0.04224 -0.036258 0.318514 -0.192264 -0.045035 0 -1.562130326 0.202005013 -0.001246851 -0.497493734 -0.497493734 -0.497493734 -0.497493734 -1.562130326 -0.202005013 0.001246851 -0.497493734 0.497493734 -0.497493734 0.497493734 0 0
-0.181226 -0.026022 0.037928 0.345611 -0.167319 0.040719 -0.127737 0.043127 -0.037571 0.317179 -0.192194 -0.043976 0 -1.57 0.2 0 -0.5 -0.5 -0.5 -0.5 -1.57 -0.2 0 -0.5 0.5 -0.5 0.5 0 0