0	0	0	0	0	0	-0	-0	-0	0	0	0	0	-1.57	0.2	0	-0.5	-0.5	-0.5	-0.5	-1.57	-0.2	-0	-0.5	0.5	-0.5	0.5
0	0	0	0	0	0	-0	-0	-0	0	0	0	0	-1.56213032581454	0.202005012531328	-0.00124685146450085	-0.49749373433584	-0.49749373433584	-0.49749373433584	-0.49749373433584	-1.56213032581454	-0.202005012531328	0.00124685146450085	-0.49749373433584	0.49749373433584	-0.49749373433584	0.49749373433584
0	0	0	0	0	0	-0	-0	-0	0	0	0	0	-1.55426065162907	0.204010025062657	-0.002481140193843	-0.494987468671679	-0.494987468671679	-0.494987468671679	-0.494987468671679	-1.55426065162907	-0.204010025062657	0.002481140193843	-0.494987468671679	0.494987468671679	-0.494987468671679	0.494987468671679
0	0	0	0	0	0	-0	-0	-0	0	0	0	0	-1.54639097744361	0.206015037593985	-0.00370286618802646	-0.492481203007519	-0.492481203007519	-0.492481203007519	-0.492481203007519	-1.54639097744361	-0.206015037593985	0.00370286618802646	-0.492481203007519	0.492481203007519	-0.492481203007519	0.492481203007519
0	0	0	0	0	0	-0	-0	-0	0	0	0	0	-1.53852130325815	0.208020050125313	-0.00491202944705121	-0.489974937343358	-0.489974937343358	-0.489974937343358	-0.489974937343358	-1.53852130325815	-0.208020050125313	0.00491202944705121	-0.489974937343358	0.489974937343358	-0.489974937343358	0.489974937343358
0	0	0	0	0	0	-0	-0	-0	0	0	0	0	-1.53065162907268	0.210025062656642	-0.00610862997091727	-0.487468671679198	-0.487468671679198	-0.487468671679198	-0.487468671679198	-1.53065162907268	-0.210025062656642	0.00610862997091727	-0.487468671679198	0.487468671679198	-0.487468671679198	0.487468671679198
0	0	0	0	0	0	-0	-0	-0	0	0	0	0	-1.52278195488722	0.21203007518797	-0.00729266775962463	-0.484962406015038	-0.484962406015038	-0.484962406015038	-0.484962406015038	-1.52278195488722	-0.21203007518797	0.00729266775962463	-0.484962406015038	0.484962406015038	-0.484962406015038	0.484962406015038
0	0	0	0	0	0	-0	-0	-0	0	0	0	0	-1.51491228070175	0.214035087719298	-0.00846414281317328	-0.482456140350877	-0.482456140350877	-0.482456140350877	-0.482456140350877	-1.51491228070175	-0.214035087719298	0.00846414281317328	-0.482456140350877	0.482456140350877	-0.482456140350877	0.482456140350877
0	0	0	0	0	0	-0	-0	-0	0	0	0	0	-1.50704260651629	0.216040100250627	-0.00962305513156324	-0.479949874686717	-0.479949874686717	-0.479949874686717	-0.479949874686717	-1.50704260651629	-0.216040100250627	0.00962305513156324	-0.479949874686717	0.479949874686717	-0.479949874686717	0.479949874686717
0	0	0	0	0	0	-0	-0	-0	0	0	0	0	-1.49917293233083	0.218045112781955	-0.0107694047147945	-0.477443609022556	-0.477443609022556	-0.477443609022556	-0.477443609022556	-1.49917293233083	-0.218045112781955	0.0107694047147945	-0.477443609022556	0.477443609022556	-0.477443609022556	0.477443609022556
0	0	0	0	0	0	-0	-0	-0	0	0	0	0	-1.49130325814536	0.220050125313283	-0.0119031915628671	-0.474937343358396	-0.474937343358396	-0.474937343358396	-0.474937343358396	-1.49130325814536	-0.220050125313283	0.0119031915628671	-0.474937343358396	0.474937343358396	-0.474937343358396	0.474937343358396
0	0	0	0	0	0	-0	-0	-0	0	0	0	0	-1.4834335839599	0.222055137844612	-0.0130244156757809	-0.472431077694236	-0.472431077694236	-0.472431077694236	-0.472431077694236	-1.4834335839599	-0.222055137844612	0.0130244156757809	-0.472431077694236	0.472431077694236	-0.472431077694236	0.472431077694236
0	0	0	0	0	0	-0	-0	-0	0	0	0	0	-1.47556390977444	0.22406015037594	-0.0141330770535361	-0.469924812030075	-0.469924812030075	-0.469924812030075	-0.469924812030075	-1.47556390977444	-0.22406015037594	0.0141330770535361	-0.469924812030075	0.469924812030075	-0.469924812030075	0.469924812030075
0	0	0	0	0	0	-0	-0	-0	0	0	0	0	-1.46769423558897	0.226065162907268	-0.0152291756961326	-0.467418546365915	-0.467418546365915	-0.467418546365915	-0.467418546365915	-1.46769423558897	-0.226065162907268	0.0152291756961326	-0.467418546365915	0.467418546365915	-0.467418546365915	0.467418546365915
0	0	0	0	0	0	-0	-0	-0	0	0	0	0	-1.45982456140351	0.228070175438597	-0.0163127116035703	-0.464912280701754	-0.464912280701754	-0.464912280701754	-0.464912280701754	-1.45982456140351	-0.228070175438597	0.0163127116035703	-0.464912280701754	0.464912280701754	-0.464912280701754	0.464912280701754
0	0	0	0	0	0	-0	-0	-0	0	0	0	0	-1.45195488721805	0.230075187969925	-0.0173836847758494	-0.462406015037594	-0.462406015037594	-0.462406015037594	-0.462406015037594	-1.45195488721805	-0.230075187969925	0.0173836847758494	-0.462406015037594	0.462406015037594	-0.462406015037594	0.462406015037594
0	0	0	0	0	0	-0	-0	-0	0	0	0	0	-1.44408521303258	0.232080200501253	-0.0184420952129698	-0.459899749373434	-0.459899749373434	-0.459899749373434	-0.459899749373434	-1.44408521303258	-0.232080200501253	0.0184420952129698	-0.459899749373434	0.459899749373434	-0.459899749373434	0.459899749373434
0	0	0	0	0	0	-0	-0	-0	0	0	0	0	-1.43621553884712	0.234085213032581	-0.0194879429149314	-0.457393483709273	-0.457393483709273	-0.457393483709273	-0.457393483709273	-1.43621553884712	-0.234085213032581	0.0194879429149314	-0.457393483709273	0.457393483709273	-0.457393483709273	0.457393483709273
0	0	0	0	0	0	-0	-0	-0	0	0	0	0	-1.42834586466165	0.23609022556391	-0.0205212278817344	-0.454887218045113	-0.454887218045113	-0.454887218045113	-0.454887218045113	-1.42834586466165	-0.23609022556391	0.0205212278817344	-0.454887218045113	0.454887218045113	-0.454887218045113	0.454887218045113
0	0	0	0	0	0	-0	-0	-0	0	0	0	0	-1.42047619047619	0.238095238095238	-0.0215419501133787	-0.452380952380952	-0.452380952380952	-0.452380952380952	-0.452380952380952	-1.42047619047619	-0.238095238095238	0.0215419501133787	-0.452380952380952	0.452380952380952	-0.452380952380952	0.452380952380952
0	0	0	0	0	0	-0	-0	-0	0	0	0	0	-1.41260651629073	0.240100250626566	-0.0225501096098643	-0.449874686716792	-0.449874686716792	-0.449874686716792	-0.449874686716792	-1.41260651629073	-0.240100250626566	0.0225501096098643	-0.449874686716792	0.449874686716792	-0.449874686716792	0.449874686716792
0	0	0	0	0	0	-0	-0	-0	0	0	0	0	-1.40473684210526	0.242105263157895	-0.0235457063711911	-0.447368421052632	-0.447368421052632	-0.447368421052632	-0.447368421052632	-1.40473684210526	-0.242105263157895	0.0235457063711911	-0.447368421052632	0.447368421052632	-0.447368421052632	0.447368421052632
0	0	0	0	0	0	-0	-0	-0	0	0	0	0	-1.3968671679198	0.244110275689223	-0.0245287403973593	-0.444862155388471	-0.444862155388471	-0.444862155388471	-0.444862155388471	-1.3968671679198	-0.244110275689223	0.0245287403973593	-0.444862155388471	0.444862155388471	-0.444862155388471	0.444862155388471
0	0	0	0	0	0	-0	-0	-0	0	0	0	0	-1.38899749373434	0.246115288220551	-0.0254992116883688	-0.442355889724311	-0.442355889724311	-0.442355889724311	-0.442355889724311	-1.38899749373434	-0.246115288220551	0.0254992116883688	-0.442355889724311	0.442355889724311	-0.442355889724311	0.442355889724311
0	0	0	0	0	0	-0	-0	-0	0	0	0	0	-1.38112781954887	0.24812030075188	-0.0264571202442196	-0.43984962406015	-0.43984962406015	-0.43984962406015	-0.43984962406015	-1.38112781954887	-0.24812030075188	0.0264571202442196	-0.43984962406015	0.43984962406015	-0.43984962406015	0.43984962406015
0	0	0	0	0	0	-0	-0	-0	0	0	0	0	-1.37325814536341	0.250125313283208	-0.0274024660649117	-0.43734335839599	-0.43734335839599	-0.43734335839599	-0.43734335839599	-1.37325814536341	-0.250125313283208	0.0274024660649117	-0.43734335839599	0.43734335839599	-0.43734335839599	0.43734335839599
0	0	0	0	0	0	-0	-0	-0	0	0	0	0	-1.36538847117794	0.252130325814536	-0.028335249150445	-0.43483709273183	-0.43483709273183	-0.43483709273183	-0.43483709273183	-1.36538847117794	-0.252130325814536	0.028335249150445	-0.43483709273183	0.43483709273183	-0.43483709273183	0.43483709273183
0	0	0	0	0	0	-0	-0	-0	0	0	0	0	-1.35751879699248	0.254135338345865	-0.0292554695008197	-0.432330827067669	-0.432330827067669	-0.432330827067669	-0.432330827067669	-1.35751879699248	-0.254135338345865	0.0292554695008197	-0.432330827067669	0.432330827067669	-0.432330827067669	0.432330827067669
0	0	0	0	0	0	-0	-0	-0	0	0	0	0	-1.34964912280702	0.256140350877193	-0.0301631271160357	-0.429824561403509	-0.429824561403509	-0.429824561403509	-0.429824561403509	-1.34964912280702	-0.256140350877193	0.0301631271160357	-0.429824561403509	0.429824561403509	-0.429824561403509	0.429824561403509
0	0	0	0	0	0	-0	-0	-0	0	0	0	0	-1.34177944862155	0.258145363408521	-0.031058221996093	-0.427318295739348	-0.427318295739348	-0.427318295739348	-0.427318295739348	-1.34177944862155	-0.258145363408521	0.031058221996093	-0.427318295739348	0.427318295739348	-0.427318295739348	0.427318295739348
0	0	0	0	0	0	-0	-0	-0	0	0	0	0	-1.33390977443609	0.26015037593985	-0.0319407541409916	-0.424812030075188	-0.424812030075188	-0.424812030075188	-0.424812030075188	-1.33390977443609	-0.26015037593985	0.0319407541409916	-0.424812030075188	0.424812030075188	-0.424812030075188	0.424812030075188
0	0	0	0	0	0	-0	-0	-0	0	0	0	0	-1.32604010025063	0.262155388471178	-0.0328107235507315	-0.422305764411028	-0.422305764411028	-0.422305764411028	-0.422305764411028	-1.32604010025063	-0.262155388471178	0.0328107235507315	-0.422305764411028	0.422305764411028	-0.422305764411028	0.422305764411028
0	0	0	0	0	0	-0	-0	-0	0	0	0	0	-1.31817042606516	0.264160401002506	-0.0336681302253127	-0.419799498746867	-0.419799498746867	-0.419799498746867	-0.419799498746867	-1.31817042606516	-0.264160401002506	0.0336681302253127	-0.419799498746867	0.419799498746867	-0.419799498746867	0.419799498746867
0	0	0	0	0	0	-0	-0	-0	0	0	0	0	-1.3103007518797	0.266165413533835	-0.0345129741647351	-0.417293233082707	-0.417293233082707	-0.417293233082707	-0.417293233082707	-1.3103007518797	-0.266165413533835	0.0345129741647351	-0.417293233082707	0.417293233082707	-0.417293233082707	0.417293233082707
0	0	0	0	0	0	-0	-0	-0	0	0	0	0	-1.30243107769424	0.268170426065163	-0.0353452553689989	-0.414786967418546	-0.414786967418546	-0.414786967418546	-0.414786967418546	-1.30243107769424	-0.268170426065163	0.0353452553689989	-0.414786967418546	0.414786967418546	-0.414786967418546	0.414786967418546
0	0	0	0	0	0	-0	-0	-0	0	0	0	0	-1.29456140350877	0.270175438596491	-0.036164973838104	-0.412280701754386	-0.412280701754386	-0.412280701754386	-0.412280701754386	-1.29456140350877	-0.270175438596491	0.036164973838104	-0.412280701754386	0.412280701754386	-0.412280701754386	0.412280701754386
0	0	0	0	0	0	-0	-0	-0	0	0	0	0	-1.28669172932331	0.27218045112782	-0.0369721295720504	-0.409774436090226	-0.409774436090226	-0.409774436090226	-0.409774436090226	-1.28669172932331	-0.27218045112782	0.0369721295720504	-0.409774436090226	0.409774436090226	-0.409774436090226	0.409774436090226
0	0	0	0	0	0	-0	-0	-0	0	0	0	0	-1.27882205513784	0.274185463659148	-0.0377667225708381	-0.407268170426065	-0.407268170426065	-0.407268170426065	-0.407268170426065	-1.27882205513784	-0.274185463659148	0.0377667225708381	-0.407268170426065	0.407268170426065	-0.407268170426065	0.407268170426065
0	0	0	0	0	0	-0	-0	-0	0	0	0	0	-1.27095238095238	0.276190476190476	-0.0385487528344671	-0.404761904761905	-0.404761904761905	-0.404761904761905	-0.404761904761905	-1.27095238095238	-0.276190476190476	0.0385487528344671	-0.404761904761905	0.404761904761905	-0.404761904761905	0.404761904761905
0	0	0	0	0	0	-0	-0	-0	0	0	0	0	-1.26308270676692	0.278195488721804	-0.0393182203629374	-0.402255639097744	-0.402255639097744	-0.402255639097744	-0.402255639097744	-1.26308270676692	-0.278195488721804	0.0393182203629374	-0.402255639097744	0.402255639097744	-0.402255639097744	0.402255639097744
0	0	0	0	0	0	-0	-0	-0	0	0	0	0	-1.25521303258145	0.280200501253133	-0.040075125156249	-0.399749373433584	-0.399749373433584	-0.399749373433584	-0.399749373433584	-1.25521303258145	-0.280200501253133	0.040075125156249	-0.399749373433584	0.399749373433584	-0.399749373433584	0.399749373433584
0	0	0	0	0	0	-0	-0	-0	0	0	0	0	-1.24734335839599	0.282205513784461	-0.0408194672144019	-0.397243107769424	-0.397243107769424	-0.397243107769424	-0.397243107769424	-1.24734335839599	-0.282205513784461	0.0408194672144019	-0.397243107769424	0.397243107769424	-0.397243107769424	0.397243107769424
0	0	0	0	0	0	-0	-0	-0	0	0	0	0	-1.23947368421053	0.284210526315789	-0.0415512465373961	-0.394736842105263	-0.394736842105263	-0.394736842105263	-0.394736842105263	-1.23947368421053	-0.284210526315789	0.0415512465373961	-0.394736842105263	0.394736842105263	-0.394736842105263	0.394736842105263
0	0	0	0	0	0	-0	-0	-0	0	0	0	0	-1.23160401002506	0.286215538847118	-0.0422704631252316	-0.392230576441103	-0.392230576441103	-0.392230576441103	-0.392230576441103	-1.23160401002506	-0.286215538847118	0.0422704631252316	-0.392230576441103	0.392230576441103	-0.392230576441103	0.392230576441103
0	0	0	0	0	0	-0	-0	-0	0	0	0	0	-1.2237343358396	0.288220551378446	-0.0429771169779084	-0.389724310776942	-0.389724310776942	-0.389724310776942	-0.389724310776942	-1.2237343358396	-0.288220551378446	0.0429771169779084	-0.389724310776942	0.389724310776942	-0.389724310776942	0.389724310776942
0	0	0	0	0	0	-0	-0	-0	0	0	0	0	-1.21586466165414	0.290225563909774	-0.0436712080954265	-0.387218045112782	-0.387218045112782	-0.387218045112782	-0.387218045112782	-1.21586466165414	-0.290225563909774	0.0436712080954265	-0.387218045112782	0.387218045112782	-0.387218045112782	0.387218045112782
0	0	0	0	0	0	-0	-0	-0	0	0	0	0	-1.20799498746867	0.292230576441103	-0.0443527364777859	-0.384711779448622	-0.384711779448622	-0.384711779448622	-0.384711779448622	-1.20799498746867	-0.292230576441103	0.0443527364777859	-0.384711779448622	0.384711779448622	-0.384711779448622	0.384711779448622
0	0	0	0	0	0	-0	-0	-0	0	0	0	0	-1.20012531328321	0.294235588972431	-0.0450217021249866	-0.382205513784461	-0.382205513784461	-0.382205513784461	-0.382205513784461	-1.20012531328321	-0.294235588972431	0.0450217021249866	-0.382205513784461	0.382205513784461	-0.382205513784461	0.382205513784461
0	0	0	0	0	0	-0	-0	-0	0	0	0	0	-1.19225563909774	0.296240601503759	-0.0456781050370287	-0.379699248120301	-0.379699248120301	-0.379699248120301	-0.379699248120301	-1.19225563909774	-0.296240601503759	0.0456781050370287	-0.379699248120301	0.379699248120301	-0.379699248120301	0.379699248120301
0	0	0	0	0	0	-0	-0	-0	0	0	0	0	-1.18438596491228	0.298245614035088	-0.046321945213912	-0.37719298245614	-0.37719298245614	-0.37719298245614	-0.37719298245614	-1.18438596491228	-0.298245614035088	0.046321945213912	-0.37719298245614	0.37719298245614	-0.37719298245614	0.37719298245614
0	0	0	0	0	0	-0	-0	-0	0	0	0	0	-1.17651629072682	0.300250626566416	-0.0469532226556366	-0.37468671679198	-0.37468671679198	-0.37468671679198	-0.37468671679198	-1.17651629072682	-0.300250626566416	0.0469532226556366	-0.37468671679198	0.37468671679198	-0.37468671679198	0.37468671679198
0	0	0	0	0	0	-0	-0	-0	0	0	0	0	-1.16864661654135	0.302255639097744	-0.0475719373622025	-0.37218045112782	-0.37218045112782	-0.37218045112782	-0.37218045112782	-1.16864661654135	-0.302255639097744	0.0475719373622025	-0.37218045112782	0.37218045112782	-0.37218045112782	0.37218045112782
0	0	0	0	0	0	-0	-0	-0	0	0	0	0	-1.16077694235589	0.304260651629073	-0.0481780893336097	-0.369674185463659	-0.369674185463659	-0.369674185463659	-0.369674185463659	-1.16077694235589	-0.304260651629073	0.0481780893336097	-0.369674185463659	0.369674185463659	-0.369674185463659	0.369674185463659
0	0	0	0	0	0	-0	-0	-0	0	0	0	0	-1.15290726817043	0.306265664160401	-0.0487716785698582	-0.367167919799499	-0.367167919799499	-0.367167919799499	-0.367167919799499	-1.15290726817043	-0.306265664160401	0.0487716785698582	-0.367167919799499	0.367167919799499	-0.367167919799499	0.367167919799499
0	0	0	0	0	0	-0	-0	-0	0	0	0	0	-1.14503759398496	0.308270676691729	-0.049352705070948	-0.364661654135338	-0.364661654135338	-0.364661654135338	-0.364661654135338	-1.14503759398496	-0.308270676691729	0.049352705070948	-0.364661654135338	0.364661654135338	-0.364661654135338	0.364661654135338
0	0	0	0	0	0	-0	-0	-0	0	0	0	0	-1.1371679197995	0.310275689223058	-0.0499211688368792	-0.362155388471178	-0.362155388471178	-0.362155388471178	-0.362155388471178	-1.1371679197995	-0.310275689223058	0.0499211688368792	-0.362155388471178	0.362155388471178	-0.362155388471178	0.362155388471178
0	0	0	0	0	0	-0	-0	-0	0	0	0	0	-1.12929824561404	0.312280701754386	-0.0504770698676516	-0.359649122807018	-0.359649122807018	-0.359649122807018	-0.359649122807018	-1.12929824561404	-0.312280701754386	0.0504770698676516	-0.359649122807018	0.359649122807018	-0.359649122807018	0.359649122807018
0	0	0	0	0	0	-0	-0	-0	0	0	0	0	-1.12142857142857	0.314285714285714	-0.0510204081632653	-0.357142857142857	-0.357142857142857	-0.357142857142857	-0.357142857142857	-1.12142857142857	-0.314285714285714	0.0510204081632653	-0.357142857142857	0.357142857142857	-0.357142857142857	0.357142857142857
0	0	0	0	0	0	-0	-0	-0	0	0	0	0	-1.11355889724311	0.316290726817043	-0.0515511837237203	-0.354636591478697	-0.354636591478697	-0.354636591478697	-0.354636591478697	-1.11355889724311	-0.316290726817043	0.0515511837237203	-0.354636591478697	0.354636591478697	-0.354636591478697	0.354636591478697
0	0	0	0	0	0	-0	-0	-0	0	0	0	0	-1.10568922305764	0.318295739348371	-0.0520693965490166	-0.352130325814536	-0.352130325814536	-0.352130325814536	-0.352130325814536	-1.10568922305764	-0.318295739348371	0.0520693965490166	-0.352130325814536	0.352130325814536	-0.352130325814536	0.352130325814536
0	0	0	0	0	0	-0	-0	-0	0	0	0	0	-1.09781954887218	0.320300751879699	-0.0525750466391543	-0.349624060150376	-0.349624060150376	-0.349624060150376	-0.349624060150376	-1.09781954887218	-0.320300751879699	0.0525750466391543	-0.349624060150376	0.349624060150376	-0.349624060150376	0.349624060150376
0	0	0	0	0	0	-0	-0	-0	0	0	0	0	-1.08994987468672	0.322305764411028	-0.0530681339941332	-0.347117794486216	-0.347117794486216	-0.347117794486216	-0.347117794486216	-1.08994987468672	-0.322305764411028	0.0530681339941332	-0.347117794486216	0.347117794486216	-0.347117794486216	0.347117794486216
0	0	0	0	0	0	-0	-0	-0	0	0	0	0	-1.08208020050125	0.324310776942356	-0.0535486586139534	-0.344611528822055	-0.344611528822055	-0.344611528822055	-0.344611528822055	-1.08208020050125	-0.324310776942356	0.0535486586139534	-0.344611528822055	0.344611528822055	-0.344611528822055	0.344611528822055
0	0	0	0	0	0	-0	-0	-0	0	0	0	0	-1.07421052631579	0.326315789473684	-0.054016620498615	-0.342105263157895	-0.342105263157895	-0.342105263157895	-0.342105263157895	-1.07421052631579	-0.326315789473684	0.054016620498615	-0.342105263157895	0.342105263157895	-0.342105263157895	0.342105263157895
0	0	0	0	0	0	-0	-0	-0	0	0	0	0	-1.06634085213033	0.328320802005013	-0.0544720196481178	-0.339598997493734	-0.339598997493734	-0.339598997493734	-0.339598997493734	-1.06634085213033	-0.328320802005013	0.0544720196481178	-0.339598997493734	0.339598997493734	-0.339598997493734	0.339598997493734
0	0	0	0	0	0	-0	-0	-0	0	0	0	0	-1.05847117794486	0.330325814536341	-0.0549148560624619	-0.337092731829574	-0.337092731829574	-0.337092731829574	-0.337092731829574	-1.05847117794486	-0.330325814536341	0.0549148560624619	-0.337092731829574	0.337092731829574	-0.337092731829574	0.337092731829574
0	0	0	0	0	0	-0	-0	-0	0	0	0	0	-1.0506015037594	0.332330827067669	-0.0553451297416473	-0.334586466165414	-0.334586466165414	-0.334586466165414	-0.334586466165414	-1.0506015037594	-0.332330827067669	0.0553451297416473	-0.334586466165414	0.334586466165414	-0.334586466165414	0.334586466165414
0	0	0	0	0	0	-0	-0	-0	0	0	0	0	-1.04273182957393	0.334335839598997	-0.0557628406856741	-0.332080200501253	-0.332080200501253	-0.332080200501253	-0.332080200501253	-1.04273182957393	-0.334335839598997	0.0557628406856741	-0.332080200501253	0.332080200501253	-0.332080200501253	0.332080200501253
0	0	0	0	0	0	-0	-0	-0	0	0	0	0	-1.03486215538847	0.336340852130326	-0.0561679888945421	-0.329573934837093	-0.329573934837093	-0.329573934837093	-0.329573934837093	-1.03486215538847	-0.336340852130326	0.0561679888945421	-0.329573934837093	0.329573934837093	-0.329573934837093	0.329573934837093
0	0	0	0	0	0	-0	-0	-0	0	0	0	0	-1.02699248120301	0.338345864661654	-0.0565605743682515	-0.327067669172932	-0.327067669172932	-0.327067669172932	-0.327067669172932	-1.02699248120301	-0.338345864661654	0.0565605743682515	-0.327067669172932	0.327067669172932	-0.327067669172932	0.327067669172932
0	0	0	0	0	0	-0	-0	-0	0	0	0	0	-1.01912280701754	0.340350877192982	-0.0569405971068021	-0.324561403508772	-0.324561403508772	-0.324561403508772	-0.324561403508772	-1.01912280701754	-0.340350877192982	0.0569405971068021	-0.324561403508772	0.324561403508772	-0.324561403508772	0.324561403508772
0	0	0	0	0	0	-0	-0	-0	0	0	0	0	-1.01125313283208	0.342355889724311	-0.057308057110194	-0.322055137844612	-0.322055137844612	-0.322055137844612	-0.322055137844612	-1.01125313283208	-0.342355889724311	0.057308057110194	-0.322055137844612	0.322055137844612	-0.322055137844612	0.322055137844612
0	0	0	0	0	0	-0	-0	-0	0	0	0	0	-1.00338345864662	0.344360902255639	-0.0576629543784273	-0.319548872180451	-0.319548872180451	-0.319548872180451	-0.319548872180451	-1.00338345864662	-0.344360902255639	0.0576629543784273	-0.319548872180451	0.319548872180451	-0.319548872180451	0.319548872180451
0	0	0	0	0	0	-0	-0	-0	0	0	0	0	-0.995513784461153	0.346365914786967	-0.0580052889115018	-0.317042606516291	-0.317042606516291	-0.317042606516291	-0.317042606516291	-0.995513784461153	-0.346365914786967	0.0580052889115018	-0.317042606516291	0.317042606516291	-0.317042606516291	0.317042606516291
0	0	0	0	0	0	-0	-0	-0	0	0	0	0	-0.987644110275689	0.348370927318296	-0.0583350607094177	-0.31453634085213	-0.31453634085213	-0.31453634085213	-0.31453634085213	-0.987644110275689	-0.348370927318296	0.0583350607094177	-0.31453634085213	0.31453634085213	-0.31453634085213	0.31453634085213
0	0	0	0	0	0	-0	-0	-0	0	0	0	0	-0.979774436090226	0.350375939849624	-0.0586522697721748	-0.31203007518797	-0.31203007518797	-0.31203007518797	-0.31203007518797	-0.979774436090226	-0.350375939849624	0.0586522697721748	-0.31203007518797	0.31203007518797	-0.31203007518797	0.31203007518797
0	0	0	0	0	0	-0	-0	-0	0	0	0	0	-0.971904761904762	0.352380952380952	-0.0589569160997732	-0.30952380952381	-0.30952380952381	-0.30952380952381	-0.30952380952381	-0.971904761904762	-0.352380952380952	0.0589569160997732	-0.30952380952381	0.30952380952381	-0.30952380952381	0.30952380952381
0	0	0	0	0	0	-0	-0	-0	0	0	0	0	-0.964035087719298	0.354385964912281	-0.059248999692213	-0.307017543859649	-0.307017543859649	-0.307017543859649	-0.307017543859649	-0.964035087719298	-0.354385964912281	0.059248999692213	-0.307017543859649	0.307017543859649	-0.307017543859649	0.307017543859649
0	0	0	0	0	0	-0	-0	-0	0	0	0	0	-0.956165413533835	0.356390977443609	-0.059528520549494	-0.304511278195489	-0.304511278195489	-0.304511278195489	-0.304511278195489	-0.956165413533835	-0.356390977443609	0.059528520549494	-0.304511278195489	0.304511278195489	-0.304511278195489	0.304511278195489
0	0	0	0	0	0	-0	-0	-0	0	0	0	0	-0.948295739348371	0.358395989974937	-0.0597954786716164	-0.302005012531328	-0.302005012531328	-0.302005012531328	-0.302005012531328	-0.948295739348371	-0.358395989974937	0.0597954786716164	-0.302005012531328	0.302005012531328	-0.302005012531328	0.302005012531328
0	0	0	0	0	0	-0	-0	-0	0	0	0	0	-0.940426065162907	0.360401002506266	-0.06004987405858	-0.299498746867168	-0.299498746867168	-0.299498746867168	-0.299498746867168	-0.940426065162907	-0.360401002506266	0.06004987405858	-0.299498746867168	0.299498746867168	-0.299498746867168	0.299498746867168
0	0	0	0	0	0	-0	-0	-0	0	0	0	0	-0.932556390977444	0.362406015037594	-0.060291706710385	-0.296992481203008	-0.296992481203008	-0.296992481203008	-0.296992481203008	-0.932556390977444	-0.362406015037594	0.060291706710385	-0.296992481203008	0.296992481203008	-0.296992481203008	0.296992481203008
0	0	0	0	0	0	-0	-0	-0	0	0	0	0	-0.92468671679198	0.364411027568922	-0.0605209766270312	-0.294486215538847	-0.294486215538847	-0.294486215538847	-0.294486215538847	-0.92468671679198	-0.364411027568922	0.0605209766270312	-0.294486215538847	0.294486215538847	-0.294486215538847	0.294486215538847
0	0	0	0	0	0	-0	-0	-0	0	0	0	0	-0.916817042606516	0.366416040100251	-0.0607376838085188	-0.291979949874687	-0.291979949874687	-0.291979949874687	-0.291979949874687	-0.916817042606516	-0.366416040100251	0.0607376838085188	-0.291979949874687	0.291979949874687	-0.291979949874687	0.291979949874687
0	0	0	0	0	0	-0	-0	-0	0	0	0	0	-0.908947368421053	0.368421052631579	-0.0609418282548476	-0.289473684210526	-0.289473684210526	-0.289473684210526	-0.289473684210526	-0.908947368421053	-0.368421052631579	0.0609418282548476	-0.289473684210526	0.289473684210526	-0.289473684210526	0.289473684210526
0	0	0	0	0	0	-0	-0	-0	0	0	0	0	-0.901077694235589	0.370426065162907	-0.0611334099660178	-0.286967418546366	-0.286967418546366	-0.286967418546366	-0.286967418546366	-0.901077694235589	-0.370426065162907	0.0611334099660178	-0.286967418546366	0.286967418546366	-0.286967418546366	0.286967418546366
0	0	0	0	0	0	-0	-0	-0	0	0	0	0	-0.893208020050125	0.372431077694236	-0.0613124289420293	-0.284461152882206	-0.284461152882206	-0.284461152882206	-0.284461152882206	-0.893208020050125	-0.372431077694236	0.0613124289420293	-0.284461152882206	0.284461152882206	-0.284461152882206	0.284461152882206
0	0	0	0	0	0	-0	-0	-0	0	0	0	0	-0.885338345864662	0.374436090225564	-0.061478885182882	-0.281954887218045	-0.281954887218045	-0.281954887218045	-0.281954887218045	-0.885338345864662	-0.374436090225564	0.061478885182882	-0.281954887218045	0.281954887218045	-0.281954887218045	0.281954887218045
0	0	0	0	0	0	-0	-0	-0	0	0	0	0	-0.877468671679198	0.376441102756892	-0.0616327786885761	-0.279448621553885	-0.279448621553885	-0.279448621553885	-0.279448621553885	-0.877468671679198	-0.376441102756892	0.0616327786885761	-0.279448621553885	0.279448621553885	-0.279448621553885	0.279448621553885
0	0	0	0	0	0	-0	-0	-0	0	0	0	0	-0.869598997493734	0.37844611528822	-0.0617741094591114	-0.276942355889724	-0.276942355889724	-0.276942355889724	-0.276942355889724	-0.869598997493734	-0.37844611528822	0.0617741094591114	-0.276942355889724	0.276942355889724	-0.276942355889724	0.276942355889724
0	0	0	0	0	0	-0	-0	-0	0	0	0	0	-0.861729323308271	0.380451127819549	-0.0619028774944881	-0.274436090225564	-0.274436090225564	-0.274436090225564	-0.274436090225564	-0.861729323308271	-0.380451127819549	0.0619028774944881	-0.274436090225564	0.274436090225564	-0.274436090225564	0.274436090225564
0	0	0	0	0	0	-0	-0	-0	0	0	0	0	-0.853859649122807	0.382456140350877	-0.0620190827947061	-0.271929824561404	-0.271929824561404	-0.271929824561404	-0.271929824561404	-0.853859649122807	-0.382456140350877	0.0620190827947061	-0.271929824561404	0.271929824561404	-0.271929824561404	0.271929824561404
0	0	0	0	0	0	-0	-0	-0	0	0	0	0	-0.845989974937343	0.384461152882206	-0.0621227253597653	-0.269423558897243	-0.269423558897243	-0.269423558897243	-0.269423558897243	-0.845989974937343	-0.384461152882206	0.0621227253597653	-0.269423558897243	0.269423558897243	-0.269423558897243	0.269423558897243
0	0	0	0	0	0	-0	-0	-0	0	0	0	0	-0.83812030075188	0.386466165413534	-0.0622138051896659	-0.266917293233083	-0.266917293233083	-0.266917293233083	-0.266917293233083	-0.83812030075188	-0.386466165413534	0.0622138051896659	-0.266917293233083	0.266917293233083	-0.266917293233083	0.266917293233083
0	0	0	0	0	0	-0	-0	-0	0	0	0	0	-0.830250626566416	0.388471177944862	-0.0622923222844078	-0.264411027568922	-0.264411027568922	-0.264411027568922	-0.264411027568922	-0.830250626566416	-0.388471177944862	0.0622923222844078	-0.264411027568922	0.264411027568922	-0.264411027568922	0.264411027568922
0	0	0	0	0	0	-0	-0	-0	0	0	0	0	-0.822380952380952	0.39047619047619	-0.0623582766439909	-0.261904761904762	-0.261904761904762	-0.261904761904762	-0.261904761904762	-0.822380952380952	-0.39047619047619	0.0623582766439909	-0.261904761904762	0.261904761904762	-0.261904761904762	0.261904761904762
0	0	0	0	0	0	-0	-0	-0	0	0	0	0	-0.814511278195489	0.392481203007519	-0.0624116682684154	-0.259398496240602	-0.259398496240602	-0.259398496240602	-0.259398496240602	-0.814511278195489	-0.392481203007519	0.0624116682684154	-0.259398496240602	0.259398496240602	-0.259398496240602	0.259398496240602
0	0	0	0	0	0	-0	-0	-0	0	0	0	0	-0.806641604010025	0.394486215538847	-0.0624524971576812	-0.256892230576441	-0.256892230576441	-0.256892230576441	-0.256892230576441	-0.806641604010025	-0.394486215538847	0.0624524971576812	-0.256892230576441	0.256892230576441	-0.256892230576441	0.256892230576441
0	0	0	0	0	0	-0	-0	-0	0	0	0	0	-0.798771929824561	0.396491228070175	-0.0624807633117882	-0.254385964912281	-0.254385964912281	-0.254385964912281	-0.254385964912281	-0.798771929824561	-0.396491228070175	0.0624807633117882	-0.254385964912281	0.254385964912281	-0.254385964912281	0.254385964912281
0	0	0	0	0	0	-0	-0	-0	0	0	0	0	-0.790902255639098	0.398496240601504	-0.0624964667307366	-0.25187969924812	-0.25187969924812	-0.25187969924812	-0.25187969924812	-0.790902255639098	-0.398496240601504	0.0624964667307366	-0.25187969924812	0.25187969924812	-0.25187969924812	0.25187969924812
0	0	0	0	0	0	-0	-0	-0	0	0	0	0	-0.783032581453634	0.400501253132832	-0.0624996074145263	-0.24937343358396	-0.24937343358396	-0.24937343358396	-0.24937343358396	-0.783032581453634	-0.400501253132832	0.0624996074145263	-0.24937343358396	0.24937343358396	-0.24937343358396	0.24937343358396
0	0	0	0	0	0	-0	-0	-0	0	0	0	0	-0.77516290726817	0.40250626566416	-0.0624901853631573	-0.2468671679198	-0.2468671679198	-0.2468671679198	-0.2468671679198	-0.77516290726817	-0.40250626566416	0.0624901853631573	-0.2468671679198	0.2468671679198	-0.2468671679198	0.2468671679198
0	0	0	0	0	0	-0	-0	-0	0	0	0	0	-0.767293233082707	0.404511278195489	-0.0624682005766295	-0.244360902255639	-0.244360902255639	-0.244360902255639	-0.244360902255639	-0.767293233082707	-0.404511278195489	0.0624682005766295	-0.244360902255639	0.244360902255639	-0.244360902255639	0.244360902255639
0	0	0	0	0	0	-0	-0	-0	0	0	0	0	-0.759423558897243	0.406516290726817	-0.0624336530549431	-0.241854636591479	-0.241854636591479	-0.241854636591479	-0.241854636591479	-0.759423558897243	-0.406516290726817	0.0624336530549431	-0.241854636591479	0.241854636591479	-0.241854636591479	0.241854636591479
0	0	0	0	0	0	-0	-0	-0	0	0	0	0	-0.75155388471178	0.408521303258145	-0.062386542798098	-0.239348370927318	-0.239348370927318	-0.239348370927318	-0.239348370927318	-0.75155388471178	-0.408521303258145	0.062386542798098	-0.239348370927318	0.239348370927318	-0.239348370927318	0.239348370927318
0	0	0	0	0	0	-0	-0	-0	0	0	0	0	-0.743684210526316	0.410526315789474	-0.0623268698060942	-0.236842105263158	-0.236842105263158	-0.236842105263158	-0.236842105263158	-0.743684210526316	-0.410526315789474	0.0623268698060942	-0.236842105263158	0.236842105263158	-0.236842105263158	0.236842105263158
0	0	0	0	0	0	-0	-0	-0	0	0	0	0	-0.735814536340852	0.412531328320802	-0.0622546340789317	-0.234335839598998	-0.234335839598998	-0.234335839598998	-0.234335839598998	-0.735814536340852	-0.412531328320802	0.0622546340789317	-0.234335839598998	0.234335839598998	-0.234335839598998	0.234335839598998
0	0	0	0	0	0	-0	-0	-0	0	0	0	0	-0.727944862155389	0.41453634085213	-0.0621698356166104	-0.231829573934837	-0.231829573934837	-0.231829573934837	-0.231829573934837	-0.727944862155389	-0.41453634085213	0.0621698356166104	-0.231829573934837	0.231829573934837	-0.231829573934837	0.231829573934837
0	0	0	0	0	0	-0	-0	-0	0	0	0	0	-0.720075187969925	0.416541353383459	-0.0620724744191305	-0.229323308270677	-0.229323308270677	-0.229323308270677	-0.229323308270677	-0.720075187969925	-0.416541353383459	0.0620724744191305	-0.229323308270677	0.229323308270677	-0.229323308270677	0.229323308270677
0	0	0	0	0	0	-0	-0	-0	0	0	0	0	-0.712205513784461	0.418546365914787	-0.0619625504864919	-0.226817042606516	-0.226817042606516	-0.226817042606516	-0.226817042606516	-0.712205513784461	-0.418546365914787	0.0619625504864919	-0.226817042606516	0.226817042606516	-0.226817042606516	0.226817042606516
0	0	0	0	0	0	-0	-0	-0	0	0	0	0	-0.704335839598998	0.420551378446115	-0.0618400638186946	-0.224310776942356	-0.224310776942356	-0.224310776942356	-0.224310776942356	-0.704335839598998	-0.420551378446115	0.0618400638186946	-0.224310776942356	0.224310776942356	-0.224310776942356	0.224310776942356
0	0	0	0	0	0	-0	-0	-0	0	0	0	0	-0.696466165413534	0.422556390977444	-0.0617050144157386	-0.221804511278196	-0.221804511278196	-0.221804511278196	-0.221804511278196	-0.696466165413534	-0.422556390977444	0.0617050144157386	-0.221804511278196	0.221804511278196	-0.221804511278196	0.221804511278196
0	0	0	0	0	0	-0	-0	-0	0	0	0	0	-0.68859649122807	0.424561403508772	-0.0615574022776239	-0.219298245614035	-0.219298245614035	-0.219298245614035	-0.219298245614035	-0.68859649122807	-0.424561403508772	0.0615574022776239	-0.219298245614035	0.219298245614035	-0.219298245614035	0.219298245614035
0	0	0	0	0	0	-0	-0	-0	0	0	0	0	-0.680726817042607	0.4265664160401	-0.0613972274043505	-0.216791979949875	-0.216791979949875	-0.216791979949875	-0.216791979949875	-0.680726817042607	-0.4265664160401	0.0613972274043505	-0.216791979949875	0.216791979949875	-0.216791979949875	0.216791979949875
0	0	0	0	0	0	-0	-0	-0	0	0	0	0	-0.672857142857143	0.428571428571428	-0.0612244897959184	-0.214285714285714	-0.214285714285714	-0.214285714285714	-0.214285714285714	-0.672857142857143	-0.428571428571428	0.0612244897959184	-0.214285714285714	0.214285714285714	-0.214285714285714	0.214285714285714
0	0	0	0	0	0	-0	-0	-0	0	0	0	0	-0.664987468671679	0.430576441102757	-0.0610391894523276	-0.211779448621554	-0.211779448621554	-0.211779448621554	-0.211779448621554	-0.664987468671679	-0.430576441102757	0.0610391894523276	-0.211779448621554	0.211779448621554	-0.211779448621554	0.211779448621554
0	0	0	0	0	0	-0	-0	-0	0	0	0	0	-0.657117794486216	0.432581453634085	-0.0608413263735781	-0.209273182957393	-0.209273182957393	-0.209273182957393	-0.209273182957393	-0.657117794486216	-0.432581453634085	0.0608413263735781	-0.209273182957393	0.209273182957393	-0.209273182957393	0.209273182957393
0	0	0	0	0	0	-0	-0	-0	0	0	0	0	-0.649248120300752	0.434586466165414	-0.0606309005596699	-0.206766917293233	-0.206766917293233	-0.206766917293233	-0.206766917293233	-0.649248120300752	-0.434586466165414	0.0606309005596699	-0.206766917293233	0.206766917293233	-0.206766917293233	0.206766917293233
0	0	0	0	0	0	-0	-0	-0	0	0	0	0	-0.641378446115288	0.436591478696742	-0.060407912010603	-0.204260651629073	-0.204260651629073	-0.204260651629073	-0.204260651629073	-0.641378446115288	-0.436591478696742	0.060407912010603	-0.204260651629073	0.204260651629073	-0.204260651629073	0.204260651629073
0	0	0	0	0	0	-0	-0	-0	0	0	0	0	-0.633508771929825	0.43859649122807	-0.0601723607263773	-0.201754385964912	-0.201754385964912	-0.201754385964912	-0.201754385964912	-0.633508771929825	-0.43859649122807	0.0601723607263773	-0.201754385964912	0.201754385964912	-0.201754385964912	0.201754385964912
0	0	0	0	0	0	-0	-0	-0	0	0	0	0	-0.625639097744361	0.440601503759398	-0.059924246706993	-0.199248120300752	-0.199248120300752	-0.199248120300752	-0.199248120300752	-0.625639097744361	-0.440601503759398	0.059924246706993	-0.199248120300752	0.199248120300752	-0.199248120300752	0.199248120300752
0	0	0	0	0	0	-0	-0	-0	0	0	0	0	-0.617769423558897	0.442606516290727	-0.05966356995245	-0.196741854636591	-0.196741854636591	-0.196741854636591	-0.196741854636591	-0.617769423558897	-0.442606516290727	0.05966356995245	-0.196741854636591	0.196741854636591	-0.196741854636591	0.196741854636591
0	0	0	0	0	0	-0	-0	-0	0	0	0	0	-0.609899749373434	0.444611528822055	-0.0593903304627484	-0.194235588972431	-0.194235588972431	-0.194235588972431	-0.194235588972431	-0.609899749373434	-0.444611528822055	0.0593903304627484	-0.194235588972431	0.194235588972431	-0.194235588972431	0.194235588972431
0	0	0	0	0	0	-0	-0	-0	0	0	0	0	-0.60203007518797	0.446616541353383	-0.059104528237888	-0.191729323308271	-0.191729323308271	-0.191729323308271	-0.191729323308271	-0.60203007518797	-0.446616541353383	0.059104528237888	-0.191729323308271	0.191729323308271	-0.191729323308271	0.191729323308271
0	0	0	0	0	0	-0	-0	-0	0	0	0	0	-0.594160401002506	0.448621553884712	-0.0588061632778689	-0.18922305764411	-0.18922305764411	-0.18922305764411	-0.18922305764411	-0.594160401002506	-0.448621553884712	0.0588061632778689	-0.18922305764411	0.18922305764411	-0.18922305764411	0.18922305764411
0	0	0	0	0	0	-0	-0	-0	0	0	0	0	-0.586290726817043	0.45062656641604	-0.0584952355826911	-0.18671679197995	-0.18671679197995	-0.18671679197995	-0.18671679197995	-0.586290726817043	-0.45062656641604	0.0584952355826911	-0.18671679197995	0.18671679197995	-0.18671679197995	0.18671679197995
0	0	0	0	0	0	-0	-0	-0	0	0	0	0	-0.578421052631579	0.452631578947368	-0.0581717451523546	-0.184210526315789	-0.184210526315789	-0.184210526315789	-0.184210526315789	-0.578421052631579	-0.452631578947368	0.0581717451523546	-0.184210526315789	0.184210526315789	-0.184210526315789	0.184210526315789
0	0	0	0	0	0	-0	-0	-0	0	0	0	0	-0.570551378446115	0.454636591478697	-0.0578356919868594	-0.181704260651629	-0.181704260651629	-0.181704260651629	-0.181704260651629	-0.570551378446115	-0.454636591478697	0.0578356919868594	-0.181704260651629	0.181704260651629	-0.181704260651629	0.181704260651629
0	0	0	0	0	0	-0	-0	-0	0	0	0	0	-0.562681704260652	0.456641604010025	-0.0574870760862055	-0.179197994987469	-0.179197994987469	-0.179197994987469	-0.179197994987469	-0.562681704260652	-0.456641604010025	0.0574870760862055	-0.179197994987469	0.179197994987469	-0.179197994987469	0.179197994987469
0	0	0	0	0	0	-0	-0	-0	0	0	0	0	-0.554812030075188	0.458646616541353	-0.0571258974503929	-0.176691729323308	-0.176691729323308	-0.176691729323308	-0.176691729323308	-0.554812030075188	-0.458646616541353	0.0571258974503929	-0.176691729323308	0.176691729323308	-0.176691729323308	0.176691729323308
0	0	0	0	0	0	-0	-0	-0	0	0	0	0	-0.546942355889724	0.460651629072682	-0.0567521560794216	-0.174185463659148	-0.174185463659148	-0.174185463659148	-0.174185463659148	-0.546942355889724	-0.460651629072682	0.0567521560794216	-0.174185463659148	0.174185463659148	-0.174185463659148	0.174185463659148
0	0	0	0	0	0	-0	-0	-0	0	0	0	0	-0.539072681704261	0.46265664160401	-0.0563658519732916	-0.171679197994987	-0.171679197994987	-0.171679197994987	-0.171679197994987	-0.539072681704261	-0.46265664160401	0.0563658519732916	-0.171679197994987	0.171679197994987	-0.171679197994987	0.171679197994987
0	0	0	0	0	0	-0	-0	-0	0	0	0	0	-0.531203007518797	0.464661654135338	-0.0559669851320029	-0.169172932330827	-0.169172932330827	-0.169172932330827	-0.169172932330827	-0.531203007518797	-0.464661654135338	0.0559669851320029	-0.169172932330827	0.169172932330827	-0.169172932330827	0.169172932330827
0	0	0	0	0	0	-0	-0	-0	0	0	0	0	-0.523333333333333	0.466666666666667	-0.0555555555555556	-0.166666666666667	-0.166666666666667	-0.166666666666667	-0.166666666666667	-0.523333333333333	-0.466666666666667	0.0555555555555556	-0.166666666666667	0.166666666666667	-0.166666666666667	0.166666666666667
0	0	0	0	0	0	-0	-0	-0	0	0	0	0	-0.51546365914787	0.468671679197995	-0.0551315632439495	-0.164160401002506	-0.164160401002506	-0.164160401002506	-0.164160401002506	-0.51546365914787	-0.468671679197995	0.0551315632439495	-0.164160401002506	0.164160401002506	-0.164160401002506	0.164160401002506
0	0	0	0	0	0	-0	-0	-0	0	0	0	0	-0.507593984962406	0.470676691729323	-0.0546950081971847	-0.161654135338346	-0.161654135338346	-0.161654135338346	-0.161654135338346	-0.507593984962406	-0.470676691729323	0.0546950081971847	-0.161654135338346	0.161654135338346	-0.161654135338346	0.161654135338346
0	0	0	0	0	0	-0	-0	-0	0	0	0	0	-0.499724310776942	0.472681704260652	-0.0542458904152612	-0.159147869674185	-0.159147869674185	-0.159147869674185	-0.159147869674185	-0.499724310776942	-0.472681704260652	0.0542458904152612	-0.159147869674185	0.159147869674185	-0.159147869674185	0.159147869674185
0	0	0	0	0	0	-0	-0	-0	0	0	0	0	-0.491854636591479	0.47468671679198	-0.053784209898179	-0.156641604010025	-0.156641604010025	-0.156641604010025	-0.156641604010025	-0.491854636591479	-0.47468671679198	0.053784209898179	-0.156641604010025	0.156641604010025	-0.156641604010025	0.156641604010025
0	0	0	0	0	0	-0	-0	-0	0	0	0	0	-0.483984962406015	0.476691729323308	-0.0533099666459382	-0.154135338345865	-0.154135338345865	-0.154135338345865	-0.154135338345865	-0.483984962406015	-0.476691729323308	0.0533099666459382	-0.154135338345865	0.154135338345865	-0.154135338345865	0.154135338345865
0	0	0	0	0	0	-0	-0	-0	0	0	0	0	-0.476115288220551	0.478696741854637	-0.0528231606585386	-0.151629072681704	-0.151629072681704	-0.151629072681704	-0.151629072681704	-0.476115288220551	-0.478696741854637	0.0528231606585386	-0.151629072681704	0.151629072681704	-0.151629072681704	0.151629072681704
0	0	0	0	0	0	-0	-0	-0	0	0	0	0	-0.468245614035088	0.480701754385965	-0.0523237919359803	-0.149122807017544	-0.149122807017544	-0.149122807017544	-0.149122807017544	-0.468245614035088	-0.480701754385965	0.0523237919359803	-0.149122807017544	0.149122807017544	-0.149122807017544	0.149122807017544
0	0	0	0	0	0	-0	-0	-0	0	0	0	0	-0.460375939849624	0.482706766917293	-0.0518118604782633	-0.146616541353383	-0.146616541353383	-0.146616541353383	-0.146616541353383	-0.460375939849624	-0.482706766917293	0.0518118604782633	-0.146616541353383	0.146616541353383	-0.146616541353383	0.146616541353383
0	0	0	0	0	0	-0	-0	-0	0	0	0	0	-0.452506265664161	0.484711779448621	-0.0512873662853877	-0.144110275689223	-0.144110275689223	-0.144110275689223	-0.144110275689223	-0.452506265664161	-0.484711779448621	0.0512873662853877	-0.144110275689223	0.144110275689223	-0.144110275689223	0.144110275689223
0	0	0	0	0	0	-0	-0	-0	0	0	0	0	-0.444636591478697	0.48671679197995	-0.0507503093573533	-0.141604010025063	-0.141604010025063	-0.141604010025063	-0.141604010025063	-0.444636591478697	-0.48671679197995	0.0507503093573533	-0.141604010025063	0.141604010025063	-0.141604010025063	0.141604010025063
0	0	0	0	0	0	-0	-0	-0	0	0	0	0	-0.436766917293233	0.488721804511278	-0.0502006896941602	-0.139097744360902	-0.139097744360902	-0.139097744360902	-0.139097744360902	-0.436766917293233	-0.488721804511278	0.0502006896941602	-0.139097744360902	0.139097744360902	-0.139097744360902	0.139097744360902
0	0	0	0	0	0	-0	-0	-0	0	0	0	0	-0.42889724310777	0.490726817042606	-0.0496385072958084	-0.136591478696742	-0.136591478696742	-0.136591478696742	-0.136591478696742	-0.42889724310777	-0.490726817042606	0.0496385072958084	-0.136591478696742	0.136591478696742	-0.136591478696742	0.136591478696742
0	0	0	0	0	0	-0	-0	-0	0	0	0	0	-0.421027568922306	0.492731829573935	-0.049063762162298	-0.134085213032581	-0.134085213032581	-0.134085213032581	-0.134085213032581	-0.421027568922306	-0.492731829573935	0.049063762162298	-0.134085213032581	0.134085213032581	-0.134085213032581	0.134085213032581
0	0	0	0	0	0	-0	-0	-0	0	0	0	0	-0.413157894736842	0.494736842105263	-0.0484764542936288	-0.131578947368421	-0.131578947368421	-0.131578947368421	-0.131578947368421	-0.413157894736842	-0.494736842105263	0.0484764542936288	-0.131578947368421	0.131578947368421	-0.131578947368421	0.131578947368421
0	0	0	0	0	0	-0	-0	-0	0	0	0	0	-0.405288220551379	0.496741854636591	-0.0478765836898009	-0.129072681704261	-0.129072681704261	-0.129072681704261	-0.129072681704261	-0.405288220551379	-0.496741854636591	0.0478765836898009	-0.129072681704261	0.129072681704261	-0.129072681704261	0.129072681704261
0	0	0	0	0	0	-0	-0	-0	0	0	0	0	-0.397418546365915	0.49874686716792	-0.0472641503508144	-0.1265664160401	-0.1265664160401	-0.1265664160401	-0.1265664160401	-0.397418546365915	-0.49874686716792	0.0472641503508144	-0.1265664160401	0.1265664160401	-0.1265664160401	0.1265664160401
0	0	0	0	0	0	-0	-0	-0	0	0	0	0	-0.389548872180451	0.500751879699248	-0.0466391542766691	-0.12406015037594	-0.12406015037594	-0.12406015037594	-0.12406015037594	-0.389548872180451	-0.500751879699248	0.0466391542766691	-0.12406015037594	0.12406015037594	-0.12406015037594	0.12406015037594
0	0	0	0	0	0	-0	-0	-0	0	0	0	0	-0.381679197994988	0.502756892230576	-0.0460015954673652	-0.121553884711779	-0.121553884711779	-0.121553884711779	-0.121553884711779	-0.381679197994988	-0.502756892230576	0.0460015954673652	-0.121553884711779	0.121553884711779	-0.121553884711779	0.121553884711779
0	0	0	0	0	0	-0	-0	-0	0	0	0	0	-0.373809523809524	0.504761904761905	-0.0453514739229025	-0.119047619047619	-0.119047619047619	-0.119047619047619	-0.119047619047619	-0.373809523809524	-0.504761904761905	0.0453514739229025	-0.119047619047619	0.119047619047619	-0.119047619047619	0.119047619047619
0	0	0	0	0	0	-0	-0	-0	0	0	0	0	-0.36593984962406	0.506766917293233	-0.0446887896432811	-0.116541353383459	-0.116541353383459	-0.116541353383459	-0.116541353383459	-0.36593984962406	-0.506766917293233	0.0446887896432811	-0.116541353383459	0.116541353383459	-0.116541353383459	0.116541353383459
0	0	0	0	0	0	-0	-0	-0	0	0	0	0	-0.358070175438597	0.508771929824561	-0.0440135426285011	-0.114035087719298	-0.114035087719298	-0.114035087719298	-0.114035087719298	-0.358070175438597	-0.508771929824561	0.0440135426285011	-0.114035087719298	0.114035087719298	-0.114035087719298	0.114035087719298
0	0	0	0	0	0	-0	-0	-0	0	0	0	0	-0.350200501253133	0.51077694235589	-0.0433257328785623	-0.111528822055138	-0.111528822055138	-0.111528822055138	-0.111528822055138	-0.350200501253133	-0.51077694235589	0.0433257328785623	-0.111528822055138	0.111528822055138	-0.111528822055138	0.111528822055138
0	0	0	0	0	0	-0	-0	-0	0	0	0	0	-0.342330827067669	0.512781954887218	-0.0426253603934649	-0.109022556390977	-0.109022556390977	-0.109022556390977	-0.109022556390977	-0.342330827067669	-0.512781954887218	0.0426253603934649	-0.109022556390977	0.109022556390977	-0.109022556390977	0.109022556390977
0	0	0	0	0	0	-0	-0	-0	0	0	0	0	-0.334461152882206	0.514786967418546	-0.0419124251732087	-0.106516290726817	-0.106516290726817	-0.106516290726817	-0.106516290726817	-0.334461152882206	-0.514786967418546	0.0419124251732087	-0.106516290726817	0.106516290726817	-0.106516290726817	0.106516290726817
0	0	0	0	0	0	-0	-0	-0	0	0	0	0	-0.326591478696742	0.516791979949875	-0.0411869272177939	-0.104010025062657	-0.104010025062657	-0.104010025062657	-0.104010025062657	-0.326591478696742	-0.516791979949875	0.0411869272177939	-0.104010025062657	0.104010025062657	-0.104010025062657	0.104010025062657
0	0	0	0	0	0	-0	-0	-0	0	0	0	0	-0.318721804511278	0.518796992481203	-0.0404488665272203	-0.101503759398496	-0.101503759398496	-0.101503759398496	-0.101503759398496	-0.318721804511278	-0.518796992481203	0.0404488665272203	-0.101503759398496	0.101503759398496	-0.101503759398496	0.101503759398496
0	0	0	0	0	0	-0	-0	-0	0	0	0	0	-0.310852130325815	0.520802005012531	-0.0396982431014881	-0.0989974937343359	-0.0989974937343359	-0.0989974937343359	-0.0989974937343359	-0.310852130325815	-0.520802005012531	0.0396982431014881	-0.0989974937343359	0.0989974937343359	-0.0989974937343359	0.0989974937343359
0	0	0	0	0	0	-0	-0	-0	0	0	0	0	-0.302982456140351	0.522807017543859	-0.0389350569405971	-0.0964912280701755	-0.0964912280701755	-0.0964912280701755	-0.0964912280701755	-0.302982456140351	-0.522807017543859	0.0389350569405971	-0.0964912280701755	0.0964912280701755	-0.0964912280701755	0.0964912280701755
0	0	0	0	0	0	-0	-0	-0	0	0	0	0	-0.295112781954887	0.524812030075188	-0.0381593080445475	-0.0939849624060151	-0.0939849624060151	-0.0939849624060151	-0.0939849624060151	-0.295112781954887	-0.524812030075188	0.0381593080445475	-0.0939849624060151	0.0939849624060151	-0.0939849624060151	0.0939849624060151
0	0	0	0	0	0	-0	-0	-0	0	0	0	0	-0.287243107769424	0.526817042606516	-0.0373709964133391	-0.0914786967418547	-0.0914786967418547	-0.0914786967418547	-0.0914786967418547	-0.287243107769424	-0.526817042606516	0.0373709964133391	-0.0914786967418547	0.0914786967418547	-0.0914786967418547	0.0914786967418547
0	0	0	0	0	0	-0	-0	-0	0	0	0	0	-0.27937343358396	0.528822055137845	-0.0365701220469721	-0.0889724310776943	-0.0889724310776943	-0.0889724310776943	-0.0889724310776943	-0.27937343358396	-0.528822055137845	0.0365701220469721	-0.0889724310776943	0.0889724310776943	-0.0889724310776943	0.0889724310776943
0	0	0	0	0	0	-0	-0	-0	0	0	0	0	-0.271503759398496	0.530827067669173	-0.0357566849454463	-0.0864661654135339	-0.0864661654135339	-0.0864661654135339	-0.0864661654135339	-0.271503759398496	-0.530827067669173	0.0357566849454463	-0.0864661654135339	0.0864661654135339	-0.0864661654135339	0.0864661654135339
0	0	0	0	0	0	-0	-0	-0	0	0	0	0	-0.263634085213033	0.532832080200501	-0.0349306851087619	-0.0839598997493735	-0.0839598997493735	-0.0839598997493735	-0.0839598997493735	-0.263634085213033	-0.532832080200501	0.0349306851087619	-0.0839598997493735	0.0839598997493735	-0.0839598997493735	0.0839598997493735
0	0	0	0	0	0	-0	-0	-0	0	0	0	0	-0.255764411027569	0.53483709273183	-0.0340921225369187	-0.0814536340852131	-0.0814536340852131	-0.0814536340852131	-0.0814536340852131	-0.255764411027569	-0.53483709273183	0.0340921225369187	-0.0814536340852131	0.0814536340852131	-0.0814536340852131	0.0814536340852131
0	0	0	0	0	0	-0	-0	-0	0	0	0	0	-0.247894736842105	0.536842105263158	-0.0332409972299169	-0.0789473684210527	-0.0789473684210527	-0.0789473684210527	-0.0789473684210527	-0.247894736842105	-0.536842105263158	0.0332409972299169	-0.0789473684210527	0.0789473684210527	-0.0789473684210527	0.0789473684210527
0	0	0	0	0	0	-0	-0	-0	0	0	0	0	-0.240025062656642	0.538847117794486	-0.0323773091877564	-0.0764411027568923	-0.0764411027568923	-0.0764411027568923	-0.0764411027568923	-0.240025062656642	-0.538847117794486	0.0323773091877564	-0.0764411027568923	0.0764411027568923	-0.0764411027568923	0.0764411027568923
0	0	0	0	0	0	-0	-0	-0	0	0	0	0	-0.232155388471178	0.540852130325814	-0.0315010584104371	-0.0739348370927319	-0.0739348370927319	-0.0739348370927319	-0.0739348370927319	-0.232155388471178	-0.540852130325814	0.0315010584104371	-0.0739348370927319	0.0739348370927319	-0.0739348370927319	0.0739348370927319
0	0	0	0	0	0	-0	-0	-0	0	0	0	0	-0.224285714285714	0.542857142857143	-0.0306122448979592	-0.0714285714285715	-0.0714285714285715	-0.0714285714285715	-0.0714285714285715	-0.224285714285714	-0.542857142857143	0.0306122448979592	-0.0714285714285715	0.0714285714285715	-0.0714285714285715	0.0714285714285715
0	0	0	0	0	0	-0	-0	-0	0	0	0	0	-0.216416040100251	0.544862155388471	-0.0297108686503226	-0.0689223057644111	-0.0689223057644111	-0.0689223057644111	-0.0689223057644111	-0.216416040100251	-0.544862155388471	0.0297108686503226	-0.0689223057644111	0.0689223057644111	-0.0689223057644111	0.0689223057644111
0	0	0	0	0	0	-0	-0	-0	0	0	0	0	-0.208546365914787	0.546867167919799	-0.0287969296675272	-0.0664160401002507	-0.0664160401002507	-0.0664160401002507	-0.0664160401002507	-0.208546365914787	-0.546867167919799	0.0287969296675272	-0.0664160401002507	0.0664160401002507	-0.0664160401002507	0.0664160401002507
0	0	0	0	0	0	-0	-0	-0	0	0	0	0	-0.200676691729323	0.548872180451128	-0.0278704279495732	-0.0639097744360902	-0.0639097744360902	-0.0639097744360902	-0.0639097744360902	-0.200676691729323	-0.548872180451128	0.0278704279495732	-0.0639097744360902	0.0639097744360902	-0.0639097744360902	0.0639097744360902
0	0	0	0	0	0	-0	-0	-0	0	0	0	0	-0.19280701754386	0.550877192982456	-0.0269313634964605	-0.0614035087719298	-0.0614035087719298	-0.0614035087719298	-0.0614035087719298	-0.19280701754386	-0.550877192982456	0.0269313634964605	-0.0614035087719298	0.0614035087719298	-0.0614035087719298	0.0614035087719298
0	0	0	0	0	0	-0	-0	-0	0	0	0	0	-0.184937343358396	0.552882205513784	-0.025979736308189	-0.0588972431077694	-0.0588972431077694	-0.0588972431077694	-0.0588972431077694	-0.184937343358396	-0.552882205513784	0.025979736308189	-0.0588972431077694	0.0588972431077694	-0.0588972431077694	0.0588972431077694
0	0	0	0	0	0	-0	-0	-0	0	0	0	0	-0.177067669172932	0.554887218045113	-0.0250155463847589	-0.056390977443609	-0.056390977443609	-0.056390977443609	-0.056390977443609	-0.177067669172932	-0.554887218045113	0.0250155463847589	-0.056390977443609	0.056390977443609	-0.056390977443609	0.056390977443609
0	0	0	0	0	0	-0	-0	-0	0	0	0	0	-0.169197994987469	0.556892230576441	-0.0240387937261701	-0.0538847117794486	-0.0538847117794486	-0.0538847117794486	-0.0538847117794486	-0.169197994987469	-0.556892230576441	0.0240387937261701	-0.0538847117794486	0.0538847117794486	-0.0538847117794486	0.0538847117794486
0	0	0	0	0	0	-0	-0	-0	0	0	0	0	-0.161328320802005	0.558897243107769	-0.0230494783324225	-0.0513784461152882	-0.0513784461152882	-0.0513784461152882	-0.0513784461152882	-0.161328320802005	-0.558897243107769	0.0230494783324225	-0.0513784461152882	0.0513784461152882	-0.0513784461152882	0.0513784461152882
0	0	0	0	0	0	-0	-0	-0	0	0	0	0	-0.153458646616542	0.560902255639098	-0.0220476002035163	-0.0488721804511278	-0.0488721804511278	-0.0488721804511278	-0.0488721804511278	-0.153458646616542	-0.560902255639098	0.0220476002035163	-0.0488721804511278	0.0488721804511278	-0.0488721804511278	0.0488721804511278
0	0	0	0	0	0	-0	-0	-0	0	0	0	0	-0.145588972431078	0.562907268170426	-0.0210331593394514	-0.0463659147869674	-0.0463659147869674	-0.0463659147869674	-0.0463659147869674	-0.145588972431078	-0.562907268170426	0.0210331593394514	-0.0463659147869674	0.0463659147869674	-0.0463659147869674	0.0463659147869674
0	0	0	0	0	0	-0	-0	-0	0	0	0	0	-0.137719298245614	0.564912280701754	-0.0200061557402278	-0.043859649122807	-0.043859649122807	-0.043859649122807	-0.043859649122807	-0.137719298245614	-0.564912280701754	0.0200061557402278	-0.043859649122807	0.043859649122807	-0.043859649122807	0.043859649122807
0	0	0	0	0	0	-0	-0	-0	0	0	0	0	-0.129849624060151	0.566917293233083	-0.0189665894058454	-0.0413533834586466	-0.0413533834586466	-0.0413533834586466	-0.0413533834586466	-0.129849624060151	-0.566917293233083	0.0189665894058454	-0.0413533834586466	0.0413533834586466	-0.0413533834586466	0.0413533834586466
0	0	0	0	0	0	-0	-0	-0	0	0	0	0	-0.121979949874687	0.568922305764411	-0.0179144603363044	-0.0388471177944862	-0.0388471177944862	-0.0388471177944862	-0.0388471177944862	-0.121979949874687	-0.568922305764411	0.0179144603363044	-0.0388471177944862	0.0388471177944862	-0.0388471177944862	0.0388471177944862
0	0	0	0	0	0	-0	-0	-0	0	0	0	0	-0.114110275689223	0.570927318295739	-0.0168497685316047	-0.0363408521303258	-0.0363408521303258	-0.0363408521303258	-0.0363408521303258	-0.114110275689223	-0.570927318295739	0.0168497685316047	-0.0363408521303258	0.0363408521303258	-0.0363408521303258	0.0363408521303258
0	0	0	0	0	0	-0	-0	-0	0	0	0	0	-0.10624060150376	0.572932330827068	-0.0157725139917463	-0.0338345864661654	-0.0338345864661654	-0.0338345864661654	-0.0338345864661654	-0.10624060150376	-0.572932330827068	0.0157725139917463	-0.0338345864661654	0.0338345864661654	-0.0338345864661654	0.0338345864661654
0	0	0	0	0	0	-0	-0	-0	0	0	0	0	-0.0983709273182958	0.574937343358396	-0.0146826967167292	-0.031328320802005	-0.031328320802005	-0.031328320802005	-0.031328320802005	-0.0983709273182958	-0.574937343358396	0.0146826967167292	-0.031328320802005	0.031328320802005	-0.031328320802005	0.031328320802005
0	0	0	0	0	0	-0	-0	-0	0	0	0	0	-0.0905012531328322	0.576942355889724	-0.0135803167065534	-0.0288220551378446	-0.0288220551378446	-0.0288220551378446	-0.0288220551378446	-0.0905012531328322	-0.576942355889724	0.0135803167065534	-0.0288220551378446	0.0288220551378446	-0.0288220551378446	0.0288220551378446
0	0	0	0	0	0	-0	-0	-0	0	0	0	0	-0.0826315789473686	0.578947368421053	-0.0124653739612188	-0.0263157894736842	-0.0263157894736842	-0.0263157894736842	-0.0263157894736842	-0.0826315789473686	-0.578947368421053	0.0124653739612188	-0.0263157894736842	0.0263157894736842	-0.0263157894736842	0.0263157894736842
0	0	0	0	0	0	-0	-0	-0	0	0	0	0	-0.0747619047619048	0.580952380952381	-0.0113378684807256	-0.0238095238095238	-0.0238095238095238	-0.0238095238095238	-0.0238095238095238	-0.0747619047619048	-0.580952380952381	0.0113378684807256	-0.0238095238095238	0.0238095238095238	-0.0238095238095238	0.0238095238095238
0	0	0	0	0	0	-0	-0	-0	0	0	0	0	-0.0668922305764412	0.582957393483709	-0.0101978002650737	-0.0213032581453634	-0.0213032581453634	-0.0213032581453634	-0.0213032581453634	-0.0668922305764412	-0.582957393483709	0.0101978002650737	-0.0213032581453634	0.0213032581453634	-0.0213032581453634	0.0213032581453634
0	0	0	0	0	0	-0	-0	-0	0	0	0	0	-0.0590225563909774	0.584962406015038	-0.00904516931426311	-0.018796992481203	-0.018796992481203	-0.018796992481203	-0.018796992481203	-0.0590225563909774	-0.584962406015038	0.00904516931426311	-0.018796992481203	0.018796992481203	-0.018796992481203	0.018796992481203
0	0	0	0	0	0	-0	-0	-0	0	0	0	0	-0.0511528822055138	0.586967418546366	-0.00787997562829381	-0.0162907268170426	-0.0162907268170426	-0.0162907268170426	-0.0162907268170426	-0.0511528822055138	-0.586967418546366	0.00787997562829381	-0.0162907268170426	0.0162907268170426	-0.0162907268170426	0.0162907268170426
0	0	0	0	0	0	-0	-0	-0	0	0	0	0	-0.0432832080200503	0.588972431077694	-0.0067022192071658	-0.0137844611528822	-0.0137844611528822	-0.0137844611528822	-0.0137844611528822	-0.0432832080200503	-0.588972431077694	0.0067022192071658	-0.0137844611528822	0.0137844611528822	-0.0137844611528822	0.0137844611528822
0	0	0	0	0	0	-0	-0	-0	0	0	0	0	-0.0354135338345865	0.590977443609022	-0.00551190005087909	-0.0112781954887218	-0.0112781954887218	-0.0112781954887218	-0.0112781954887218	-0.0354135338345865	-0.590977443609022	0.00551190005087909	-0.0112781954887218	0.0112781954887218	-0.0112781954887218	0.0112781954887218
0	0	0	0	0	0	-0	-0	-0	0	0	0	0	-0.0275438596491229	0.592982456140351	-0.00430901815943369	-0.00877192982456143	-0.00877192982456143	-0.00877192982456143	-0.00877192982456143	-0.0275438596491229	-0.592982456140351	0.00430901815943369	-0.00877192982456143	0.00877192982456143	-0.00877192982456143	0.00877192982456143
0	0	0	0	0	0	-0	-0	-0	0	0	0	0	-0.0196741854636593	0.594987468671679	-0.00309357353282958	-0.00626566416040103	-0.00626566416040103	-0.00626566416040103	-0.00626566416040103	-0.0196741854636593	-0.594987468671679	0.00309357353282958	-0.00626566416040103	0.00626566416040103	-0.00626566416040103	0.00626566416040103
0	0	0	0	0	0	-0	-0	-0	0	0	0	0	-0.0118045112781955	0.596992481203007	-0.00186556617106678	-0.00375939849624063	-0.00375939849624063	-0.00375939849624063	-0.00375939849624063	-0.0118045112781955	-0.596992481203007	0.00186556617106678	-0.00375939849624063	0.00375939849624063	-0.00375939849624063	0.00375939849624063
0	0	0	0	0	0	-0	-0	-0	0	0	0	0	-0.0039348370927319	0.598997493734336	-0.000624996074145277	-0.00125313283208023	-0.00125313283208023	-0.00125313283208023	-0.00125313283208023	-0.0039348370927319	-0.598997493734336	0.000624996074145277	-0.00125313283208023	0.00125313283208023	-0.00125313283208023	0.00125313283208023
0	0	0	0	0	0	-0	-0	-0	0	0	0	0	0.00393483709273168	0.601002506265664	0.000628136757934924	0.00125313283208017	0.00125313283208017	0.00125313283208017	0.00125313283208017	0.00393483709273168	-0.601002506265664	-0.000628136757934924	0.00125313283208017	-0.00125313283208017	0.00125313283208017	-0.00125313283208017
0	0	0	0	0	0	-0	-0	-0	0	0	0	0	0.0118045112781955	0.603007518796993	0.00189383232517385	0.00375939849624063	0.00375939849624063	0.00375939849624063	0.00375939849624063	0.0118045112781955	-0.603007518796993	-0.00189383232517385	0.00375939849624063	-0.00375939849624063	0.00375939849624063	-0.00375939849624063
0	0	0	0	0	0	-0	-0	-0	0	0	0	0	0.0196741854636591	0.605012531328321	0.00317209062757142	0.00626566416040097	0.00626566416040097	0.00626566416040097	0.00626566416040097	0.0196741854636591	-0.605012531328321	-0.00317209062757142	0.00626566416040097	-0.00626566416040097	0.00626566416040097	-0.00626566416040097
0	0	0	0	0	0	-0	-0	-0	0	0	0	0	0.0275438596491229	0.607017543859649	0.00446291166512775	0.00877192982456143	0.00877192982456143	0.00877192982456143	0.00877192982456143	0.0275438596491229	-0.607017543859649	-0.00446291166512775	0.00877192982456143	-0.00877192982456143	0.00877192982456143	-0.00877192982456143
0	0	0	0	0	0	-0	-0	-0	0	0	0	0	0.0354135338345865	0.609022556390977	0.00576629543784271	0.0112781954887218	0.0112781954887218	0.0112781954887218	0.0112781954887218	0.0354135338345865	-0.609022556390977	-0.00576629543784271	0.0112781954887218	-0.0112781954887218	0.0112781954887218	-0.0112781954887218
0	0	0	0	0	0	-0	-0	-0	0	0	0	0	0.0432832080200503	0.611027568922306	0.00708224194571644	0.0137844611528822	0.0137844611528822	0.0137844611528822	0.0137844611528822	0.0432832080200503	-0.611027568922306	-0.00708224194571644	0.0137844611528822	-0.0137844611528822	0.0137844611528822	-0.0137844611528822
0	0	0	0	0	0	-0	-0	-0	0	0	0	0	0.0511528822055136	0.613032581453634	0.0084107511887488	0.0162907268170426	0.0162907268170426	0.0162907268170426	0.0162907268170426	0.0511528822055136	-0.613032581453634	-0.0084107511887488	0.0162907268170426	-0.0162907268170426	0.0162907268170426	-0.0162907268170426
0	0	0	0	0	0	-0	-0	-0	0	0	0	0	0.0590225563909774	0.615037593984962	0.00975182316693992	0.018796992481203	0.018796992481203	0.018796992481203	0.018796992481203	0.0590225563909774	-0.615037593984962	-0.00975182316693992	0.018796992481203	-0.018796992481203	0.018796992481203	-0.018796992481203
0	0	0	0	0	0	-0	-0	-0	0	0	0	0	0.066892230576441	0.617042606516291	0.0111054578802897	0.0213032581453634	0.0213032581453634	0.0213032581453634	0.0213032581453634	0.066892230576441	-0.617042606516291	-0.0111054578802897	0.0213032581453634	-0.0213032581453634	0.0213032581453634	-0.0213032581453634
0	0	0	0	0	0	-0	-0	-0	0	0	0	0	0.0747619047619048	0.619047619047619	0.0124716553287982	0.0238095238095238	0.0238095238095238	0.0238095238095238	0.0238095238095238	0.0747619047619048	-0.619047619047619	-0.0124716553287982	0.0238095238095238	-0.0238095238095238	0.0238095238095238	-0.0238095238095238
0	0	0	0	0	0	-0	-0	-0	0	0	0	0	0.0826315789473684	0.621052631578947	0.0138504155124654	0.0263157894736842	0.0263157894736842	0.0263157894736842	0.0263157894736842	0.0826315789473684	-0.621052631578947	-0.0138504155124654	0.0263157894736842	-0.0263157894736842	0.0263157894736842	-0.0263157894736842
0	0	0	0	0	0	-0	-0	-0	0	0	0	0	0.0905012531328322	0.623057644110276	0.0152417384312913	0.0288220551378446	0.0288220551378446	0.0288220551378446	0.0288220551378446	0.0905012531328322	-0.623057644110276	-0.0152417384312913	0.0288220551378446	-0.0288220551378446	0.0288220551378446	-0.0288220551378446
0	0	0	0	0	0	-0	-0	-0	0	0	0	0	0.0983709273182956	0.625062656641604	0.0166456240852758	0.031328320802005	0.031328320802005	0.031328320802005	0.031328320802005	0.0983709273182956	-0.625062656641604	-0.0166456240852758	0.031328320802005	-0.031328320802005	0.031328320802005	-0.031328320802005
0	0	0	0	0	0	-0	-0	-0	0	0	0	0	0.10624060150376	0.627067669172932	0.0180620724744191	0.0338345864661654	0.0338345864661654	0.0338345864661654	0.0338345864661654	0.10624060150376	-0.627067669172932	-0.0180620724744191	0.0338345864661654	-0.0338345864661654	0.0338345864661654	-0.0338345864661654
0	0	0	0	0	0	-0	-0	-0	0	0	0	0	0.114110275689223	0.629072681704261	0.0194910835987211	0.0363408521303258	0.0363408521303258	0.0363408521303258	0.0363408521303258	0.114110275689223	-0.629072681704261	-0.0194910835987211	0.0363408521303258	-0.0363408521303258	0.0363408521303258	-0.0363408521303258
0	0	0	0	0	0	-0	-0	-0	0	0	0	0	0.121979949874687	0.631077694235589	0.0209326574581818	0.0388471177944862	0.0388471177944862	0.0388471177944862	0.0388471177944862	0.121979949874687	-0.631077694235589	-0.0209326574581818	0.0388471177944862	-0.0388471177944862	0.0388471177944862	-0.0388471177944862
0	0	0	0	0	0	-0	-0	-0	0	0	0	0	0.12984962406015	0.633082706766917	0.0223867940528012	0.0413533834586466	0.0413533834586466	0.0413533834586466	0.0413533834586466	0.12984962406015	-0.633082706766917	-0.0223867940528012	0.0413533834586466	-0.0413533834586466	0.0413533834586466	-0.0413533834586466
0	0	0	0	0	0	-0	-0	-0	0	0	0	0	0.137719298245614	0.635087719298246	0.0238534933825793	0.043859649122807	0.043859649122807	0.043859649122807	0.043859649122807	0.137719298245614	-0.635087719298246	-0.0238534933825793	0.043859649122807	-0.043859649122807	0.043859649122807	-0.043859649122807
0	0	0	0	0	0	-0	-0	-0	0	0	0	0	0.145588972431078	0.637092731829574	0.025332755447516	0.0463659147869674	0.0463659147869674	0.0463659147869674	0.0463659147869674	0.145588972431078	-0.637092731829574	-0.025332755447516	0.0463659147869674	-0.0463659147869674	0.0463659147869674	-0.0463659147869674
0	0	0	0	0	0	-0	-0	-0	0	0	0	0	0.153458646616542	0.639097744360902	0.0268245802476115	0.0488721804511278	0.0488721804511278	0.0488721804511278	0.0488721804511278	0.153458646616542	-0.639097744360902	-0.0268245802476115	0.0488721804511278	-0.0488721804511278	0.0488721804511278	-0.0488721804511278
0	0	0	0	0	0	-0	-0	-0	0	0	0	0	0.161328320802005	0.641102756892231	0.0283289677828657	0.0513784461152882	0.0513784461152882	0.0513784461152882	0.0513784461152882	0.161328320802005	-0.641102756892231	-0.0283289677828657	0.0513784461152882	-0.0513784461152882	0.0513784461152882	-0.0513784461152882
0	0	0	0	0	0	-0	-0	-0	0	0	0	0	0.169197994987469	0.643107769423559	0.0298459180532786	0.0538847117794486	0.0538847117794486	0.0538847117794486	0.0538847117794486	0.169197994987469	-0.643107769423559	-0.0298459180532786	0.0538847117794486	-0.0538847117794486	0.0538847117794486	-0.0538847117794486
0	0	0	0	0	0	-0	-0	-0	0	0	0	0	0.177067669172932	0.645112781954887	0.0313754310588501	0.056390977443609	0.056390977443609	0.056390977443609	0.056390977443609	0.177067669172932	-0.645112781954887	-0.0313754310588501	0.056390977443609	-0.056390977443609	0.056390977443609	-0.056390977443609
0	0	0	0	0	0	-0	-0	-0	0	0	0	0	0.184937343358396	0.647117794486216	0.0329175067995804	0.0588972431077694	0.0588972431077694	0.0588972431077694	0.0588972431077694	0.184937343358396	-0.647117794486216	-0.0329175067995804	0.0588972431077694	-0.0588972431077694	0.0588972431077694	-0.0588972431077694
0	0	0	0	0	0	-0	-0	-0	0	0	0	0	0.19280701754386	0.649122807017544	0.0344721452754694	0.0614035087719298	0.0614035087719298	0.0614035087719298	0.0614035087719298	0.19280701754386	-0.649122807017544	-0.0344721452754694	0.0614035087719298	-0.0614035087719298	0.0614035087719298	-0.0614035087719298
0	0	0	0	0	0	-0	-0	-0	0	0	0	0	0.200676691729323	0.651127819548872	0.0360393464865171	0.0639097744360902	0.0639097744360902	0.0639097744360902	0.0639097744360902	0.200676691729323	-0.651127819548872	-0.0360393464865171	0.0639097744360902	-0.0639097744360902	0.0639097744360902	-0.0639097744360902
0	0	0	0	0	0	-0	-0	-0	0	0	0	0	0.208546365914787	0.6531328320802	0.0376191104327234	0.0664160401002506	0.0664160401002506	0.0664160401002506	0.0664160401002506	0.208546365914787	-0.6531328320802	-0.0376191104327234	0.0664160401002506	-0.0664160401002506	0.0664160401002506	-0.0664160401002506
0	0	0	0	0	0	-0	-0	-0	0	0	0	0	0.216416040100251	0.655137844611529	0.0392114371140885	0.0689223057644111	0.0689223057644111	0.0689223057644111	0.0689223057644111	0.216416040100251	-0.655137844611529	-0.0392114371140885	0.0689223057644111	-0.0689223057644111	0.0689223057644111	-0.0689223057644111
0	0	0	0	0	0	-0	-0	-0	0	0	0	0	0.224285714285714	0.657142857142857	0.0408163265306122	0.0714285714285714	0.0714285714285714	0.0714285714285714	0.0714285714285714	0.224285714285714	-0.657142857142857	-0.0408163265306122	0.0714285714285714	-0.0714285714285714	0.0714285714285714	-0.0714285714285714
0	0	0	0	0	0	-0	-0	-0	0	0	0	0	0.232155388471178	0.659147869674185	0.0424337786822947	0.0739348370927319	0.0739348370927319	0.0739348370927319	0.0739348370927319	0.232155388471178	-0.659147869674185	-0.0424337786822947	0.0739348370927319	-0.0739348370927319	0.0739348370927319	-0.0739348370927319
0	0	0	0	0	0	-0	-0	-0	0	0	0	0	0.240025062656642	0.661152882205514	0.0440637935691359	0.0764411027568922	0.0764411027568922	0.0764411027568922	0.0764411027568922	0.240025062656642	-0.661152882205514	-0.0440637935691359	0.0764411027568922	-0.0764411027568922	0.0764411027568922	-0.0764411027568922
0	0	0	0	0	0	-0	-0	-0	0	0	0	0	0.247894736842105	0.663157894736842	0.0457063711911357	0.0789473684210527	0.0789473684210527	0.0789473684210527	0.0789473684210527	0.247894736842105	-0.663157894736842	-0.0457063711911357	0.0789473684210527	-0.0789473684210527	0.0789473684210527	-0.0789473684210527
0	0	0	0	0	0	-0	-0	-0	0	0	0	0	0.255764411027569	0.66516290726817	0.0473615115482943	0.081453634085213	0.081453634085213	0.081453634085213	0.081453634085213	0.255764411027569	-0.66516290726817	-0.0473615115482943	0.081453634085213	-0.081453634085213	0.081453634085213	-0.081453634085213
0	0	0	0	0	0	-0	-0	-0	0	0	0	0	0.263634085213033	0.667167919799499	0.0490292146406116	0.0839598997493735	0.0839598997493735	0.0839598997493735	0.0839598997493735	0.263634085213033	-0.667167919799499	-0.0490292146406116	0.0839598997493735	-0.0839598997493735	0.0839598997493735	-0.0839598997493735
0	0	0	0	0	0	-0	-0	-0	0	0	0	0	0.271503759398496	0.669172932330827	0.0507094804680875	0.0864661654135338	0.0864661654135338	0.0864661654135338	0.0864661654135338	0.271503759398496	-0.669172932330827	-0.0507094804680875	0.0864661654135338	-0.0864661654135338	0.0864661654135338	-0.0864661654135338
0	0	0	0	0	0	-0	-0	-0	0	0	0	0	0.27937343358396	0.671177944862155	0.0524023090307222	0.0889724310776943	0.0889724310776943	0.0889724310776943	0.0889724310776943	0.27937343358396	-0.671177944862155	-0.0524023090307222	0.0889724310776943	-0.0889724310776943	0.0889724310776943	-0.0889724310776943
0	0	0	0	0	0	-0	-0	-0	0	0	0	0	0.287243107769424	0.673182957393484	0.0541077003285155	0.0914786967418546	0.0914786967418546	0.0914786967418546	0.0914786967418546	0.287243107769424	-0.673182957393484	-0.0541077003285155	0.0914786967418546	-0.0914786967418546	0.0914786967418546	-0.0914786967418546
0	0	0	0	0	0	-0	-0	-0	0	0	0	0	0.295112781954887	0.675187969924812	0.0558256543614676	0.0939849624060151	0.0939849624060151	0.0939849624060151	0.0939849624060151	0.295112781954887	-0.675187969924812	-0.0558256543614676	0.0939849624060151	-0.0939849624060151	0.0939849624060151	-0.0939849624060151
0	0	0	0	0	0	-0	-0	-0	0	0	0	0	0.302982456140351	0.67719298245614	0.0575561711295783	0.0964912280701754	0.0964912280701754	0.0964912280701754	0.0964912280701754	0.302982456140351	-0.67719298245614	-0.0575561711295783	0.0964912280701754	-0.0964912280701754	0.0964912280701754	-0.0964912280701754
0	0	0	0	0	0	-0	-0	-0	0	0	0	0	0.310852130325815	0.679197994987469	0.0592992506328478	0.0989974937343359	0.0989974937343359	0.0989974937343359	0.0989974937343359	0.310852130325815	-0.679197994987469	-0.0592992506328478	0.0989974937343359	-0.0989974937343359	0.0989974937343359	-0.0989974937343359
0	0	0	0	0	0	-0	-0	-0	0	0	0	0	0.318721804511278	0.681203007518797	0.0610548928712759	0.101503759398496	0.101503759398496	0.101503759398496	0.101503759398496	0.318721804511278	-0.681203007518797	-0.0610548928712759	0.101503759398496	-0.101503759398496	0.101503759398496	-0.101503759398496
0	0	0	0	0	0	-0	-0	-0	0	0	0	0	0.326591478696742	0.683208020050125	0.0628230978448628	0.104010025062657	0.104010025062657	0.104010025062657	0.104010025062657	0.326591478696742	-0.683208020050125	-0.0628230978448628	0.104010025062657	-0.104010025062657	0.104010025062657	-0.104010025062657
0	0	0	0	0	0	-0	-0	-0	0	0	0	0	0.334461152882205	0.685213032581454	0.0646038655536083	0.106516290726817	0.106516290726817	0.106516290726817	0.106516290726817	0.334461152882205	-0.685213032581454	-0.0646038655536083	0.106516290726817	-0.106516290726817	0.106516290726817	-0.106516290726817
0	0	0	0	0	0	-0	-0	-0	0	0	0	0	0.342330827067669	0.687218045112782	0.0663971959975126	0.109022556390977	0.109022556390977	0.109022556390977	0.109022556390977	0.342330827067669	-0.687218045112782	-0.0663971959975126	0.109022556390977	-0.109022556390977	0.109022556390977	-0.109022556390977
0	0	0	0	0	0	-0	-0	-0	0	0	0	0	0.350200501253133	0.68922305764411	0.0682030891765755	0.111528822055138	0.111528822055138	0.111528822055138	0.111528822055138	0.350200501253133	-0.68922305764411	-0.0682030891765755	0.111528822055138	-0.111528822055138	0.111528822055138	-0.111528822055138
0	0	0	0	0	0	-0	-0	-0	0	0	0	0	0.358070175438597	0.691228070175439	0.0700215450907972	0.114035087719298	0.114035087719298	0.114035087719298	0.114035087719298	0.358070175438597	-0.691228070175439	-0.0700215450907972	0.114035087719298	-0.114035087719298	0.114035087719298	-0.114035087719298
0	0	0	0	0	0	-0	-0	-0	0	0	0	0	0.36593984962406	0.693233082706767	0.0718525637401775	0.116541353383459	0.116541353383459	0.116541353383459	0.116541353383459	0.36593984962406	-0.693233082706767	-0.0718525637401775	0.116541353383459	-0.116541353383459	0.116541353383459	-0.116541353383459
0	0	0	0	0	0	-0	-0	-0	0	0	0	0	0.373809523809524	0.695238095238095	0.0736961451247166	0.119047619047619	0.119047619047619	0.119047619047619	0.119047619047619	0.373809523809524	-0.695238095238095	-0.0736961451247166	0.119047619047619	-0.119047619047619	0.119047619047619	-0.119047619047619
0	0	0	0	0	0	-0	-0	-0	0	0	0	0	0.381679197994987	0.697243107769423	0.0755522892444143	0.121553884711779	0.121553884711779	0.121553884711779	0.121553884711779	0.381679197994987	-0.697243107769423	-0.0755522892444143	0.121553884711779	-0.121553884711779	0.121553884711779	-0.121553884711779
0	0	0	0	0	0	-0	-0	-0	0	0	0	0	0.389548872180451	0.699248120300752	0.0774209960992708	0.12406015037594	0.12406015037594	0.12406015037594	0.12406015037594	0.389548872180451	-0.699248120300752	-0.0774209960992708	0.12406015037594	-0.12406015037594	0.12406015037594	-0.12406015037594
0	0	0	0	0	0	-0	-0	-0	0	0	0	0	0.397418546365915	0.70125313283208	0.0793022656892858	0.1265664160401	0.1265664160401	0.1265664160401	0.1265664160401	0.397418546365915	-0.70125313283208	-0.0793022656892858	0.1265664160401	-0.1265664160401	0.1265664160401	-0.1265664160401
0	0	0	0	0	0	-0	-0	-0	0	0	0	0	0.405288220551379	0.703258145363409	0.0811960980144597	0.129072681704261	0.129072681704261	0.129072681704261	0.129072681704261	0.405288220551379	-0.703258145363409	-0.0811960980144597	0.129072681704261	-0.129072681704261	0.129072681704261	-0.129072681704261
0	0	0	0	0	0	-0	-0	-0	0	0	0	0	0.413157894736842	0.705263157894737	0.0831024930747922	0.131578947368421	0.131578947368421	0.131578947368421	0.131578947368421	0.413157894736842	-0.705263157894737	-0.0831024930747922	0.131578947368421	-0.131578947368421	0.131578947368421	-0.131578947368421
0	0	0	0	0	0	-0	-0	-0	0	0	0	0	0.421027568922306	0.707268170426065	0.0850214508702835	0.134085213032581	0.134085213032581	0.134085213032581	0.134085213032581	0.421027568922306	-0.707268170426065	-0.0850214508702835	0.134085213032581	-0.134085213032581	0.134085213032581	-0.134085213032581
0	0	0	0	0	0	-0	-0	-0	0	0	0	0	0.428897243107769	0.709273182957393	0.0869529714009334	0.136591478696742	0.136591478696742	0.136591478696742	0.136591478696742	0.428897243107769	-0.709273182957393	-0.0869529714009334	0.136591478696742	-0.136591478696742	0.136591478696742	-0.136591478696742
0	0	0	0	0	0	-0	-0	-0	0	0	0	0	0.436766917293233	0.711278195488722	0.0888970546667421	0.139097744360902	0.139097744360902	0.139097744360902	0.139097744360902	0.436766917293233	-0.711278195488722	-0.0888970546667421	0.139097744360902	-0.139097744360902	0.139097744360902	-0.139097744360902
0	0	0	0	0	0	-0	-0	-0	0	0	0	0	0.444636591478696	0.71328320802005	0.0908537006677093	0.141604010025063	0.141604010025063	0.141604010025063	0.141604010025063	0.444636591478696	-0.71328320802005	-0.0908537006677093	0.141604010025063	-0.141604010025063	0.141604010025063	-0.141604010025063
0	0	0	0	0	0	-0	-0	-0	0	0	0	0	0.45250626566416	0.715288220551378	0.0928229094038354	0.144110275689223	0.144110275689223	0.144110275689223	0.144110275689223	0.45250626566416	-0.715288220551378	-0.0928229094038354	0.144110275689223	-0.144110275689223	0.144110275689223	-0.144110275689223
0	0	0	0	0	0	-0	-0	-0	0	0	0	0	0.460375939849624	0.717293233082707	0.0948046808751201	0.146616541353383	0.146616541353383	0.146616541353383	0.146616541353383	0.460375939849624	-0.717293233082707	-0.0948046808751201	0.146616541353383	-0.146616541353383	0.146616541353383	-0.146616541353383
0	0	0	0	0	0	-0	-0	-0	0	0	0	0	0.468245614035088	0.719298245614035	0.0967990150815636	0.149122807017544	0.149122807017544	0.149122807017544	0.149122807017544	0.468245614035088	-0.719298245614035	-0.0967990150815636	0.149122807017544	-0.149122807017544	0.149122807017544	-0.149122807017544
0	0	0	0	0	0	-0	-0	-0	0	0	0	0	0.476115288220551	0.721303258145363	0.0988059120231657	0.151629072681704	0.151629072681704	0.151629072681704	0.151629072681704	0.476115288220551	-0.721303258145363	-0.0988059120231657	0.151629072681704	-0.151629072681704	0.151629072681704	-0.151629072681704
0	0	0	0	0	0	-0	-0	-0	0	0	0	0	0.483984962406015	0.723308270676692	0.100825371699927	0.154135338345865	0.154135338345865	0.154135338345865	0.154135338345865	0.483984962406015	-0.723308270676692	-0.100825371699927	0.154135338345865	-0.154135338345865	0.154135338345865	-0.154135338345865
0	0	0	0	0	0	-0	-0	-0	0	0	0	0	0.491854636591478	0.72531328320802	0.102857394111846	0.156641604010025	0.156641604010025	0.156641604010025	0.156641604010025	0.491854636591478	-0.72531328320802	-0.102857394111846	0.156641604010025	-0.156641604010025	0.156641604010025	-0.156641604010025
0	0	0	0	0	0	-0	-0	-0	0	0	0	0	0.499724310776942	0.727318295739348	0.104901979258924	0.159147869674185	0.159147869674185	0.159147869674185	0.159147869674185	0.499724310776942	-0.727318295739348	-0.104901979258924	0.159147869674185	-0.159147869674185	0.159147869674185	-0.159147869674185
0	0	0	0	0	0	-0	-0	-0	0	0	0	0	0.507593984962406	0.729323308270677	0.106959127141161	0.161654135338346	0.161654135338346	0.161654135338346	0.161654135338346	0.507593984962406	-0.729323308270677	-0.106959127141161	0.161654135338346	-0.161654135338346	0.161654135338346	-0.161654135338346
0	0	0	0	0	0	-0	-0	-0	0	0	0	0	0.51546365914787	0.731328320802005	0.109028837758557	0.164160401002506	0.164160401002506	0.164160401002506	0.164160401002506	0.51546365914787	-0.731328320802005	-0.109028837758557	0.164160401002506	-0.164160401002506	0.164160401002506	-0.164160401002506
0	0	0	0	0	0	-0	-0	-0	0	0	0	0	0.523333333333333	0.733333333333333	0.111111111111111	0.166666666666667	0.166666666666667	0.166666666666667	0.166666666666667	0.523333333333333	-0.733333333333333	-0.111111111111111	0.166666666666667	-0.166666666666667	0.166666666666667	-0.166666666666667
0	0	0	0	0	0	-0	-0	-0	0	0	0	0	0.531203007518797	0.735338345864662	0.113205947198824	0.169172932330827	0.169172932330827	0.169172932330827	0.169172932330827	0.531203007518797	-0.735338345864662	-0.113205947198824	0.169172932330827	-0.169172932330827	0.169172932330827	-0.169172932330827
0	0	0	0	0	0	-0	-0	-0	0	0	0	0	0.53907268170426	0.73734335839599	0.115313346021696	0.171679197994987	0.171679197994987	0.171679197994987	0.171679197994987	0.53907268170426	-0.73734335839599	-0.115313346021696	0.171679197994987	-0.171679197994987	0.171679197994987	-0.171679197994987
0	0	0	0	0	0	-0	-0	-0	0	0	0	0	0.546942355889724	0.739348370927318	0.117433307579726	0.174185463659148	0.174185463659148	0.174185463659148	0.174185463659148	0.546942355889724	-0.739348370927318	-0.117433307579726	0.174185463659148	-0.174185463659148	0.174185463659148	-0.174185463659148
0	0	0	0	0	0	-0	-0	-0	0	0	0	0	0.554812030075188	0.741353383458647	0.119565831872915	0.176691729323308	0.176691729323308	0.176691729323308	0.176691729323308	0.554812030075188	-0.741353383458647	-0.119565831872915	0.176691729323308	-0.176691729323308	0.176691729323308	-0.176691729323308
0	0	0	0	0	0	-0	-0	-0	0	0	0	0	0.562681704260652	0.743358395989975	0.121710918901263	0.179197994987469	0.179197994987469	0.179197994987469	0.179197994987469	0.562681704260652	-0.743358395989975	-0.121710918901263	0.179197994987469	-0.179197994987469	0.179197994987469	-0.179197994987469
0	0	0	0	0	0	-0	-0	-0	0	0	0	0	0.570551378446115	0.745363408521303	0.12386856866477	0.181704260651629	0.181704260651629	0.181704260651629	0.181704260651629	0.570551378446115	-0.745363408521303	-0.12386856866477	0.181704260651629	-0.181704260651629	0.181704260651629	-0.181704260651629
0	0	0	0	0	0	-0	-0	-0	0	0	0	0	0.578421052631579	0.747368421052631	0.126038781163435	0.184210526315789	0.184210526315789	0.184210526315789	0.184210526315789	0.578421052631579	-0.747368421052631	-0.126038781163435	0.184210526315789	-0.184210526315789	0.184210526315789	-0.184210526315789
0	0	0	0	0	0	-0	-0	-0	0	0	0	0	0.586290726817042	0.74937343358396	0.128221556397259	0.18671679197995	0.18671679197995	0.18671679197995	0.18671679197995	0.586290726817042	-0.74937343358396	-0.128221556397259	0.18671679197995	-0.18671679197995	0.18671679197995	-0.18671679197995
0	0	0	0	0	0	-0	-0	-0	0	0	0	0	0.594160401002507	0.751378446115288	0.130416894366241	0.18922305764411	0.18922305764411	0.18922305764411	0.18922305764411	0.594160401002507	-0.751378446115288	-0.130416894366241	0.18922305764411	-0.18922305764411	0.18922305764411	-0.18922305764411
0	0	0	0	0	0	-0	-0	-0	0	0	0	0	0.60203007518797	0.753383458646616	0.132624795070383	0.191729323308271	0.191729323308271	0.191729323308271	0.191729323308271	0.60203007518797	-0.753383458646616	-0.132624795070383	0.191729323308271	-0.191729323308271	0.191729323308271	-0.191729323308271
0	0	0	0	0	0	-0	-0	-0	0	0	0	0	0.609899749373434	0.755388471177945	0.134845258509683	0.194235588972431	0.194235588972431	0.194235588972431	0.194235588972431	0.609899749373434	-0.755388471177945	-0.134845258509683	0.194235588972431	-0.194235588972431	0.194235588972431	-0.194235588972431
0	0	0	0	0	0	-0	-0	-0	0	0	0	0	0.617769423558897	0.757393483709273	0.137078284684141	0.196741854636591	0.196741854636591	0.196741854636591	0.196741854636591	0.617769423558897	-0.757393483709273	-0.137078284684141	0.196741854636591	-0.196741854636591	0.196741854636591	-0.196741854636591
0	0	0	0	0	0	-0	-0	-0	0	0	0	0	0.625639097744361	0.759398496240602	0.139323873593759	0.199248120300752	0.199248120300752	0.199248120300752	0.199248120300752	0.625639097744361	-0.759398496240602	-0.139323873593759	0.199248120300752	-0.199248120300752	0.199248120300752	-0.199248120300752
0	0	0	0	0	0	-0	-0	-0	0	0	0	0	0.633508771929824	0.76140350877193	0.141582025238535	0.201754385964912	0.201754385964912	0.201754385964912	0.201754385964912	0.633508771929824	-0.76140350877193	-0.141582025238535	0.201754385964912	-0.201754385964912	0.201754385964912	-0.201754385964912
0	0	0	0	0	0	-0	-0	-0	0	0	0	0	0.641378446115288	0.763408521303258	0.14385273961847	0.204260651629073	0.204260651629073	0.204260651629073	0.204260651629073	0.641378446115288	-0.763408521303258	-0.14385273961847	0.204260651629073	-0.204260651629073	0.204260651629073	-0.204260651629073
0	0	0	0	0	0	-0	-0	-0	0	0	0	0	0.649248120300752	0.765413533834586	0.146136016733563	0.206766917293233	0.206766917293233	0.206766917293233	0.206766917293233	0.649248120300752	-0.765413533834586	-0.146136016733563	0.206766917293233	-0.206766917293233	0.206766917293233	-0.206766917293233
0	0	0	0	0	0	-0	-0	-0	0	0	0	0	0.657117794486216	0.767418546365915	0.148431856583815	0.209273182957393	0.209273182957393	0.209273182957393	0.209273182957393	0.657117794486216	-0.767418546365915	-0.148431856583815	0.209273182957393	-0.209273182957393	0.209273182957393	-0.209273182957393
0	0	0	0	0	0	-0	-0	-0	0	0	0	0	0.664987468671679	0.769423558897243	0.150740259169226	0.211779448621554	0.211779448621554	0.211779448621554	0.211779448621554	0.664987468671679	-0.769423558897243	-0.150740259169226	0.211779448621554	-0.211779448621554	0.211779448621554	-0.211779448621554
0	0	0	0	0	0	-0	-0	-0	0	0	0	0	0.672857142857143	0.771428571428571	0.153061224489796	0.214285714285714	0.214285714285714	0.214285714285714	0.214285714285714	0.672857142857143	-0.771428571428571	-0.153061224489796	0.214285714285714	-0.214285714285714	0.214285714285714	-0.214285714285714
0	0	0	0	0	0	-0	-0	-0	0	0	0	0	0.680726817042607	0.7734335839599	0.155394752545524	0.216791979949875	0.216791979949875	0.216791979949875	0.216791979949875	0.680726817042607	-0.7734335839599	-0.155394752545524	0.216791979949875	-0.216791979949875	0.216791979949875	-0.216791979949875
0	0	0	0	0	0	-0	-0	-0	0	0	0	0	0.68859649122807	0.775438596491228	0.157740843336411	0.219298245614035	0.219298245614035	0.219298245614035	0.219298245614035	0.68859649122807	-0.775438596491228	-0.157740843336411	0.219298245614035	-0.219298245614035	0.219298245614035	-0.219298245614035
0	0	0	0	0	0	-0	-0	-0	0	0	0	0	0.696466165413534	0.777443609022556	0.160099496862457	0.221804511278195	0.221804511278195	0.221804511278195	0.221804511278195	0.696466165413534	-0.777443609022556	-0.160099496862457	0.221804511278195	-0.221804511278195	0.221804511278195	-0.221804511278195
0	0	0	0	0	0	-0	-0	-0	0	0	0	0	0.704335839598998	0.779448621553885	0.162470713123661	0.224310776942356	0.224310776942356	0.224310776942356	0.224310776942356	0.704335839598998	-0.779448621553885	-0.162470713123661	0.224310776942356	-0.224310776942356	0.224310776942356	-0.224310776942356
0	0	0	0	0	0	-0	-0	-0	0	0	0	0	0.712205513784461	0.781453634085213	0.164854492120024	0.226817042606516	0.226817042606516	0.226817042606516	0.226817042606516	0.712205513784461	-0.781453634085213	-0.164854492120024	0.226817042606516	-0.226817042606516	0.226817042606516	-0.226817042606516
0	0	0	0	0	0	-0	-0	-0	0	0	0	0	0.720075187969925	0.783458646616541	0.167250833851546	0.229323308270677	0.229323308270677	0.229323308270677	0.229323308270677	0.720075187969925	-0.783458646616541	-0.167250833851546	0.229323308270677	-0.229323308270677	0.229323308270677	-0.229323308270677
0	0	0	0	0	0	-0	-0	-0	0	0	0	0	0.727944862155389	0.78546365914787	0.169659738318227	0.231829573934837	0.231829573934837	0.231829573934837	0.231829573934837	0.727944862155389	-0.78546365914787	-0.169659738318227	0.231829573934837	-0.231829573934837	0.231829573934837	-0.231829573934837
0	0	0	0	0	0	-0	-0	-0	0	0	0	0	0.735814536340852	0.787468671679198	0.172081205520066	0.234335839598998	0.234335839598998	0.234335839598998	0.234335839598998	0.735814536340852	-0.787468671679198	-0.172081205520066	0.234335839598998	-0.234335839598998	0.234335839598998	-0.234335839598998
0	0	0	0	0	0	-0	-0	-0	0	0	0	0	0.743684210526316	0.789473684210526	0.174515235457064	0.236842105263158	0.236842105263158	0.236842105263158	0.236842105263158	0.743684210526316	-0.789473684210526	-0.174515235457064	0.236842105263158	-0.236842105263158	0.236842105263158	-0.236842105263158
0	0	0	0	0	0	-0	-0	-0	0	0	0	0	0.75155388471178	0.791478696741855	0.17696182812922	0.239348370927318	0.239348370927318	0.239348370927318	0.239348370927318	0.75155388471178	-0.791478696741855	-0.17696182812922	0.239348370927318	-0.239348370927318	0.239348370927318	-0.239348370927318
0	0	0	0	0	0	-0	-0	-0	0	0	0	0	0.759423558897243	0.793483709273183	0.179420983536536	0.241854636591479	0.241854636591479	0.241854636591479	0.241854636591479	0.759423558897243	-0.793483709273183	-0.179420983536536	0.241854636591479	-0.241854636591479	0.241854636591479	-0.241854636591479
0	0	0	0	0	0	-0	-0	-0	0	0	0	0	0.767293233082707	0.795488721804511	0.18189270167901	0.244360902255639	0.244360902255639	0.244360902255639	0.244360902255639	0.767293233082707	-0.795488721804511	-0.18189270167901	0.244360902255639	-0.244360902255639	0.244360902255639	-0.244360902255639
0	0	0	0	0	0	-0	-0	-0	0	0	0	0	0.77516290726817	0.797493734335839	0.184376982556642	0.246867167919799	0.246867167919799	0.246867167919799	0.246867167919799	0.77516290726817	-0.797493734335839	-0.184376982556642	0.246867167919799	-0.246867167919799	0.246867167919799	-0.246867167919799
0	0	0	0	0	0	-0	-0	-0	0	0	0	0	0.783032581453634	0.799498746867168	0.186873826169434	0.24937343358396	0.24937343358396	0.24937343358396	0.24937343358396	0.783032581453634	-0.799498746867168	-0.186873826169434	0.24937343358396	-0.24937343358396	0.24937343358396	-0.24937343358396
0	0	0	0	0	0	-0	-0	-0	0	0	0	0	0.790902255639098	0.801503759398496	0.189383232517384	0.25187969924812	0.25187969924812	0.25187969924812	0.25187969924812	0.790902255639098	-0.801503759398496	-0.189383232517384	0.25187969924812	-0.25187969924812	0.25187969924812	-0.25187969924812
0	0	0	0	0	0	-0	-0	-0	0	0	0	0	0.798771929824561	0.803508771929825	0.191905201600492	0.254385964912281	0.254385964912281	0.254385964912281	0.254385964912281	0.798771929824561	-0.803508771929825	-0.191905201600492	0.254385964912281	-0.254385964912281	0.254385964912281	-0.254385964912281
0	0	0	0	0	0	-0	-0	-0	0	0	0	0	0.806641604010025	0.805513784461153	0.19443973341876	0.256892230576441	0.256892230576441	0.256892230576441	0.256892230576441	0.806641604010025	-0.805513784461153	-0.19443973341876	0.256892230576441	-0.256892230576441	0.256892230576441	-0.256892230576441
0	0	0	0	0	0	-0	-0	-0	0	0	0	0	0.814511278195489	0.807518796992481	0.196986827972186	0.259398496240602	0.259398496240602	0.259398496240602	0.259398496240602	0.814511278195489	-0.807518796992481	-0.196986827972186	0.259398496240602	-0.259398496240602	0.259398496240602	-0.259398496240602
0	0	0	0	0	0	-0	-0	-0	0	0	0	0	0.822380952380952	0.80952380952381	0.199546485260771	0.261904761904762	0.261904761904762	0.261904761904762	0.261904761904762	0.822380952380952	-0.80952380952381	-0.199546485260771	0.261904761904762	-0.261904761904762	0.261904761904762	-0.261904761904762
0	0	0	0	0	0	-0	-0	-0	0	0	0	0	0.830250626566416	0.811528822055138	0.202118705284515	0.264411027568922	0.264411027568922	0.264411027568922	0.264411027568922	0.830250626566416	-0.811528822055138	-0.202118705284515	0.264411027568922	-0.264411027568922	0.264411027568922	-0.264411027568922
0	0	0	0	0	0	-0	-0	-0	0	0	0	0	0.83812030075188	0.813533834586466	0.204703488043417	0.266917293233083	0.266917293233083	0.266917293233083	0.266917293233083	0.83812030075188	-0.813533834586466	-0.204703488043417	0.266917293233083	-0.266917293233083	0.266917293233083	-0.266917293233083
0	0	0	0	0	0	-0	-0	-0	0	0	0	0	0.845989974937343	0.815538847117794	0.207300833537478	0.269423558897243	0.269423558897243	0.269423558897243	0.269423558897243	0.845989974937343	-0.815538847117794	-0.207300833537478	0.269423558897243	-0.269423558897243	0.269423558897243	-0.269423558897243
0	0	0	0	0	0	-0	-0	-0	0	0	0	0	0.853859649122807	0.817543859649123	0.209910741766697	0.271929824561403	0.271929824561403	0.271929824561403	0.271929824561403	0.853859649122807	-0.817543859649123	-0.209910741766697	0.271929824561403	-0.271929824561403	0.271929824561403	-0.271929824561403
0	0	0	0	0	0	-0	-0	-0	0	0	0	0	0.861729323308271	0.819548872180451	0.212533212731076	0.274436090225564	0.274436090225564	0.274436090225564	0.274436090225564	0.861729323308271	-0.819548872180451	-0.212533212731076	0.274436090225564	-0.274436090225564	0.274436090225564	-0.274436090225564
0	0	0	0	0	0	-0	-0	-0	0	0	0	0	0.869598997493734	0.821553884711779	0.215168246430613	0.276942355889724	0.276942355889724	0.276942355889724	0.276942355889724	0.869598997493734	-0.821553884711779	-0.215168246430613	0.276942355889724	-0.276942355889724	0.276942355889724	-0.276942355889724
0	0	0	0	0	0	-0	-0	-0	0	0	0	0	0.877468671679198	0.823558897243108	0.217815842865309	0.279448621553885	0.279448621553885	0.279448621553885	0.279448621553885	0.877468671679198	-0.823558897243108	-0.217815842865309	0.279448621553885	-0.279448621553885	0.279448621553885	-0.279448621553885
0	0	0	0	0	0	-0	-0	-0	0	0	0	0	0.885338345864662	0.825563909774436	0.220476002035163	0.281954887218045	0.281954887218045	0.281954887218045	0.281954887218045	0.885338345864662	-0.825563909774436	-0.220476002035163	0.281954887218045	-0.281954887218045	0.281954887218045	-0.281954887218045
0	0	0	0	0	0	-0	-0	-0	0	0	0	0	0.893208020050125	0.827568922305764	0.223148723940176	0.284461152882206	0.284461152882206	0.284461152882206	0.284461152882206	0.893208020050125	-0.827568922305764	-0.223148723940176	0.284461152882206	-0.284461152882206	0.284461152882206	-0.284461152882206
0	0	0	0	0	0	-0	-0	-0	0	0	0	0	0.901077694235589	0.829573934837093	0.225834008580348	0.286967418546366	0.286967418546366	0.286967418546366	0.286967418546366	0.901077694235589	-0.829573934837093	-0.225834008580348	0.286967418546366	-0.286967418546366	0.286967418546366	-0.286967418546366
0	0	0	0	0	0	-0	-0	-0	0	0	0	0	0.908947368421053	0.831578947368421	0.228531855955679	0.289473684210526	0.289473684210526	0.289473684210526	0.289473684210526	0.908947368421053	-0.831578947368421	-0.228531855955679	0.289473684210526	-0.289473684210526	0.289473684210526	-0.289473684210526
0	0	0	0	0	0	-0	-0	-0	0	0	0	0	0.916817042606516	0.833583959899749	0.231242266066168	0.291979949874687	0.291979949874687	0.291979949874687	0.291979949874687	0.916817042606516	-0.833583959899749	-0.231242266066168	0.291979949874687	-0.291979949874687	0.291979949874687	-0.291979949874687
0	0	0	0	0	0	-0	-0	-0	0	0	0	0	0.92468671679198	0.835588972431078	0.233965238911816	0.294486215538847	0.294486215538847	0.294486215538847	0.294486215538847	0.92468671679198	-0.835588972431078	-0.233965238911816	0.294486215538847	-0.294486215538847	0.294486215538847	-0.294486215538847
0	0	0	0	0	0	-0	-0	-0	0	0	0	0	0.932556390977443	0.837593984962406	0.236700774492622	0.296992481203007	0.296992481203007	0.296992481203007	0.296992481203007	0.932556390977443	-0.837593984962406	-0.236700774492622	0.296992481203007	-0.296992481203007	0.296992481203007	-0.296992481203007
0	0	0	0	0	0	-0	-0	-0	0	0	0	0	0.940426065162907	0.839598997493734	0.239448872808588	0.299498746867168	0.299498746867168	0.299498746867168	0.299498746867168	0.940426065162907	-0.839598997493734	-0.239448872808588	0.299498746867168	-0.299498746867168	0.299498746867168	-0.299498746867168
0	0	0	0	0	0	-0	-0	-0	0	0	0	0	0.948295739348371	0.841604010025063	0.242209533859712	0.302005012531328	0.302005012531328	0.302005012531328	0.302005012531328	0.948295739348371	-0.841604010025063	-0.242209533859712	0.302005012531328	-0.302005012531328	0.302005012531328	-0.302005012531328
0	0	0	0	0	0	-0	-0	-0	0	0	0	0	0.956165413533834	0.843609022556391	0.244982757645995	0.304511278195489	0.304511278195489	0.304511278195489	0.304511278195489	0.956165413533834	-0.843609022556391	-0.244982757645995	0.304511278195489	-0.304511278195489	0.304511278195489	-0.304511278195489
0	0	0	0	0	0	-0	-0	-0	0	0	0	0	0.964035087719298	0.845614035087719	0.247768544167436	0.307017543859649	0.307017543859649	0.307017543859649	0.307017543859649	0.964035087719298	-0.845614035087719	-0.247768544167436	0.307017543859649	-0.307017543859649	0.307017543859649	-0.307017543859649
0	0	0	0	0	0	-0	-0	-0	0	0	0	0	0.971904761904762	0.847619047619047	0.250566893424036	0.30952380952381	0.30952380952381	0.30952380952381	0.30952380952381	0.971904761904762	-0.847619047619047	-0.250566893424036	0.30952380952381	-0.30952380952381	0.30952380952381	-0.30952380952381
0	0	0	0	0	0	-0	-0	-0	0	0	0	0	0.979774436090225	0.849624060150376	0.253377805415795	0.31203007518797	0.31203007518797	0.31203007518797	0.31203007518797	0.979774436090225	-0.849624060150376	-0.253377805415795	0.31203007518797	-0.31203007518797	0.31203007518797	-0.31203007518797
0	0	0	0	0	0	-0	-0	-0	0	0	0	0	0.987644110275689	0.851629072681704	0.256201280142713	0.31453634085213	0.31453634085213	0.31453634085213	0.31453634085213	0.987644110275689	-0.851629072681704	-0.256201280142713	0.31453634085213	-0.31453634085213	0.31453634085213	-0.31453634085213
0	0	0	0	0	0	-0	-0	-0	0	0	0	0	0.995513784461153	0.853634085213032	0.259037317604789	0.317042606516291	0.317042606516291	0.317042606516291	0.317042606516291	0.995513784461153	-0.853634085213032	-0.259037317604789	0.317042606516291	-0.317042606516291	0.317042606516291	-0.317042606516291
0	0	0	0	0	0	-0	-0	-0	0	0	0	0	1.00338345864662	0.855639097744361	0.261885917802024	0.319548872180451	0.319548872180451	0.319548872180451	0.319548872180451	1.00338345864662	-0.855639097744361	-0.261885917802024	0.319548872180451	-0.319548872180451	0.319548872180451	-0.319548872180451
0	0	0	0	0	0	-0	-0	-0	0	0	0	0	1.01125313283208	0.857644110275689	0.264747080734417	0.322055137844611	0.322055137844611	0.322055137844611	0.322055137844611	1.01125313283208	-0.857644110275689	-0.264747080734417	0.322055137844611	-0.322055137844611	0.322055137844611	-0.322055137844611
0	0	0	0	0	0	-0	-0	-0	0	0	0	0	1.01912280701754	0.859649122807018	0.26762080640197	0.324561403508772	0.324561403508772	0.324561403508772	0.324561403508772	1.01912280701754	-0.859649122807018	-0.26762080640197	0.324561403508772	-0.324561403508772	0.324561403508772	-0.324561403508772
0	0	0	0	0	0	-0	-0	-0	0	0	0	0	1.02699248120301	0.861654135338346	0.270507094804681	0.327067669172932	0.327067669172932	0.327067669172932	0.327067669172932	1.02699248120301	-0.861654135338346	-0.270507094804681	0.327067669172932	-0.327067669172932	0.327067669172932	-0.327067669172932
0	0	0	0	0	0	-0	-0	-0	0	0	0	0	1.03486215538847	0.863659147869674	0.273405945942551	0.329573934837093	0.329573934837093	0.329573934837093	0.329573934837093	1.03486215538847	-0.863659147869674	-0.273405945942551	0.329573934837093	-0.329573934837093	0.329573934837093	-0.329573934837093
0	0	0	0	0	0	-0	-0	-0	0	0	0	0	1.04273182957393	0.865664160401002	0.276317359815579	0.332080200501253	0.332080200501253	0.332080200501253	0.332080200501253	1.04273182957393	-0.865664160401002	-0.276317359815579	0.332080200501253	-0.332080200501253	0.332080200501253	-0.332080200501253
0	0	0	0	0	0	-0	-0	-0	0	0	0	0	1.0506015037594	0.867669172932331	0.279241336423766	0.334586466165414	0.334586466165414	0.334586466165414	0.334586466165414	1.0506015037594	-0.867669172932331	-0.279241336423766	0.334586466165414	-0.334586466165414	0.334586466165414	-0.334586466165414
0	0	0	0	0	0	-0	-0	-0	0	0	0	0	1.05847117794486	0.869674185463659	0.282177875767112	0.337092731829574	0.337092731829574	0.337092731829574	0.337092731829574	1.05847117794486	-0.869674185463659	-0.282177875767112	0.337092731829574	-0.337092731829574	0.337092731829574	-0.337092731829574
0	0	0	0	0	0	-0	-0	-0	0	0	0	0	1.06634085213033	0.871679197994987	0.285126977845617	0.339598997493734	0.339598997493734	0.339598997493734	0.339598997493734	1.06634085213033	-0.871679197994987	-0.285126977845617	0.339598997493734	-0.339598997493734	0.339598997493734	-0.339598997493734
0	0	0	0	0	0	-0	-0	-0	0	0	0	0	1.07421052631579	0.873684210526316	0.28808864265928	0.342105263157895	0.342105263157895	0.342105263157895	0.342105263157895	1.07421052631579	-0.873684210526316	-0.28808864265928	0.342105263157895	-0.342105263157895	0.342105263157895	-0.342105263157895
0	0	0	0	0	0	-0	-0	-0	0	0	0	0	1.08208020050125	0.875689223057644	0.291062870208102	0.344611528822055	0.344611528822055	0.344611528822055	0.344611528822055	1.08208020050125	-0.875689223057644	-0.291062870208102	0.344611528822055	-0.344611528822055	0.344611528822055	-0.344611528822055
0	0	0	0	0	0	-0	-0	-0	0	0	0	0	1.08994987468672	0.877694235588972	0.294049660492082	0.347117794486215	0.347117794486215	0.347117794486215	0.347117794486215	1.08994987468672	-0.877694235588972	-0.294049660492082	0.347117794486215	-0.347117794486215	0.347117794486215	-0.347117794486215
0	0	0	0	0	0	-0	-0	-0	0	0	0	0	1.09781954887218	0.879699248120301	0.297049013511222	0.349624060150376	0.349624060150376	0.349624060150376	0.349624060150376	1.09781954887218	-0.879699248120301	-0.297049013511222	0.349624060150376	-0.349624060150376	0.349624060150376	-0.349624060150376
0	0	0	0	0	0	-0	-0	-0	0	0	0	0	1.10568922305764	0.881704260651629	0.30006092926552	0.352130325814536	0.352130325814536	0.352130325814536	0.352130325814536	1.10568922305764	-0.881704260651629	-0.30006092926552	0.352130325814536	-0.352130325814536	0.352130325814536	-0.352130325814536
0	0	0	0	0	0	-0	-0	-0	0	0	0	0	1.11355889724311	0.883709273182957	0.303085407754976	0.354636591478697	0.354636591478697	0.354636591478697	0.354636591478697	1.11355889724311	-0.883709273182957	-0.303085407754976	0.354636591478697	-0.354636591478697	0.354636591478697	-0.354636591478697
0	0	0	0	0	0	-0	-0	-0	0	0	0	0	1.12142857142857	0.885714285714286	0.306122448979592	0.357142857142857	0.357142857142857	0.357142857142857	0.357142857142857	1.12142857142857	-0.885714285714286	-0.306122448979592	0.357142857142857	-0.357142857142857	0.357142857142857	-0.357142857142857
0	0	0	0	0	0	-0	-0	-0	0	0	0	0	1.12929824561404	0.887719298245614	0.309172052939366	0.359649122807018	0.359649122807018	0.359649122807018	0.359649122807018	1.12929824561404	-0.887719298245614	-0.309172052939366	0.359649122807018	-0.359649122807018	0.359649122807018	-0.359649122807018
0	0	0	0	0	0	-0	-0	-0	0	0	0	0	1.1371679197995	0.889724310776942	0.312234219634299	0.362155388471178	0.362155388471178	0.362155388471178	0.362155388471178	1.1371679197995	-0.889724310776942	-0.312234219634299	0.362155388471178	-0.362155388471178	0.362155388471178	-0.362155388471178
0	0	0	0	0	0	-0	-0	-0	0	0	0	0	1.14503759398496	0.891729323308271	0.31530894906439	0.364661654135338	0.364661654135338	0.364661654135338	0.364661654135338	1.14503759398496	-0.891729323308271	-0.31530894906439	0.364661654135338	-0.364661654135338	0.364661654135338	-0.364661654135338
0	0	0	0	0	0	-0	-0	-0	0	0	0	0	1.15290726817043	0.893734335839599	0.31839624122964	0.367167919799499	0.367167919799499	0.367167919799499	0.367167919799499	1.15290726817043	-0.893734335839599	-0.31839624122964	0.367167919799499	-0.367167919799499	0.367167919799499	-0.367167919799499
0	0	0	0	0	0	-0	-0	-0	0	0	0	0	1.16077694235589	0.895739348370927	0.321496096130049	0.369674185463659	0.369674185463659	0.369674185463659	0.369674185463659	1.16077694235589	-0.895739348370927	-0.321496096130049	0.369674185463659	-0.369674185463659	0.369674185463659	-0.369674185463659
0	0	0	0	0	0	-0	-0	-0	0	0	0	0	1.16864661654135	0.897744360902256	0.324608513765617	0.37218045112782	0.37218045112782	0.37218045112782	0.37218045112782	1.16864661654135	-0.897744360902256	-0.324608513765617	0.37218045112782	-0.37218045112782	0.37218045112782	-0.37218045112782
0	0	0	0	0	0	-0	-0	-0	0	0	0	0	1.17651629072682	0.899749373433584	0.327733494136343	0.37468671679198	0.37468671679198	0.37468671679198	0.37468671679198	1.17651629072682	-0.899749373433584	-0.327733494136343	0.37468671679198	-0.37468671679198	0.37468671679198	-0.37468671679198
0	0	0	0	0	0	-0	-0	-0	0	0	0	0	1.18438596491228	0.901754385964912	0.330871037242228	0.37719298245614	0.37719298245614	0.37719298245614	0.37719298245614	1.18438596491228	-0.901754385964912	-0.330871037242228	0.37719298245614	-0.37719298245614	0.37719298245614	-0.37719298245614
0	0	0	0	0	0	-0	-0	-0	0	0	0	0	1.19225563909774	0.903759398496241	0.334021143083272	0.379699248120301	0.379699248120301	0.379699248120301	0.379699248120301	1.19225563909774	-0.903759398496241	-0.334021143083272	0.379699248120301	-0.379699248120301	0.379699248120301	-0.379699248120301
0	0	0	0	0	0	-0	-0	-0	0	0	0	0	1.20012531328321	0.905764411027569	0.337183811659474	0.382205513784461	0.382205513784461	0.382205513784461	0.382205513784461	1.20012531328321	-0.905764411027569	-0.337183811659474	0.382205513784461	-0.382205513784461	0.382205513784461	-0.382205513784461
0	0	0	0	0	0	-0	-0	-0	0	0	0	0	1.20799498746867	0.907769423558897	0.340359042970836	0.384711779448622	0.384711779448622	0.384711779448622	0.384711779448622	1.20799498746867	-0.907769423558897	-0.340359042970836	0.384711779448622	-0.384711779448622	0.384711779448622	-0.384711779448622
0	0	0	0	0	0	-0	-0	-0	0	0	0	0	1.21586466165414	0.909774436090226	0.343546837017355	0.387218045112782	0.387218045112782	0.387218045112782	0.387218045112782	1.21586466165414	-0.909774436090226	-0.343546837017355	0.387218045112782	-0.387218045112782	0.387218045112782	-0.387218045112782
0	0	0	0	0	0	-0	-0	-0	0	0	0	0	1.2237343358396	0.911779448621554	0.346747193799034	0.389724310776942	0.389724310776942	0.389724310776942	0.389724310776942	1.2237343358396	-0.911779448621554	-0.346747193799034	0.389724310776942	-0.389724310776942	0.389724310776942	-0.389724310776942
0	0	0	0	0	0	-0	-0	-0	0	0	0	0	1.23160401002506	0.913784461152882	0.349960113315871	0.392230576441103	0.392230576441103	0.392230576441103	0.392230576441103	1.23160401002506	-0.913784461152882	-0.349960113315871	0.392230576441103	-0.392230576441103	0.392230576441103	-0.392230576441103
0	0	0	0	0	0	-0	-0	-0	0	0	0	0	1.23947368421053	0.91578947368421	0.353185595567867	0.394736842105263	0.394736842105263	0.394736842105263	0.394736842105263	1.23947368421053	-0.91578947368421	-0.353185595567867	0.394736842105263	-0.394736842105263	0.394736842105263	-0.394736842105263
0	0	0	0	0	0	-0	-0	-0	0	0	0	0	1.24734335839599	0.917794486215539	0.356423640555022	0.397243107769424	0.397243107769424	0.397243107769424	0.397243107769424	1.24734335839599	-0.917794486215539	-0.356423640555022	0.397243107769424	-0.397243107769424	0.397243107769424	-0.397243107769424
0	0	0	0	0	0	-0	-0	-0	0	0	0	0	1.25521303258145	0.919799498746867	0.359674248277335	0.399749373433584	0.399749373433584	0.399749373433584	0.399749373433584	1.25521303258145	-0.919799498746867	-0.359674248277335	0.399749373433584	-0.399749373433584	0.399749373433584	-0.399749373433584
0	0	0	0	0	0	-0	-0	-0	0	0	0	0	1.26308270676692	0.921804511278195	0.362937418734807	0.402255639097744	0.402255639097744	0.402255639097744	0.402255639097744	1.26308270676692	-0.921804511278195	-0.362937418734807	0.402255639097744	-0.402255639097744	0.402255639097744	-0.402255639097744
0	0	0	0	0	0	-0	-0	-0	0	0	0	0	1.27095238095238	0.923809523809524	0.366213151927438	0.404761904761905	0.404761904761905	0.404761904761905	0.404761904761905	1.27095238095238	-0.923809523809524	-0.366213151927438	0.404761904761905	-0.404761904761905	0.404761904761905	-0.404761904761905
0	0	0	0	0	0	-0	-0	-0	0	0	0	0	1.27882205513784	0.925814536340852	0.369501447855227	0.407268170426065	0.407268170426065	0.407268170426065	0.407268170426065	1.27882205513784	-0.925814536340852	-0.369501447855227	0.407268170426065	-0.407268170426065	0.407268170426065	-0.407268170426065
0	0	0	0	0	0	-0	-0	-0	0	0	0	0	1.28669172932331	0.92781954887218	0.372802306518175	0.409774436090226	0.409774436090226	0.409774436090226	0.409774436090226	1.28669172932331	-0.92781954887218	-0.372802306518175	0.409774436090226	-0.409774436090226	0.409774436090226	-0.409774436090226
0	0	0	0	0	0	-0	-0	-0	0	0	0	0	1.29456140350877	0.929824561403509	0.376115727916282	0.412280701754386	0.412280701754386	0.412280701754386	0.412280701754386	1.29456140350877	-0.929824561403509	-0.376115727916282	0.412280701754386	-0.412280701754386	0.412280701754386	-0.412280701754386
0	0	0	0	0	0	-0	-0	-0	0	0	0	0	1.30243107769424	0.931829573934837	0.379441712049547	0.414786967418546	0.414786967418546	0.414786967418546	0.414786967418546	1.30243107769424	-0.931829573934837	-0.379441712049547	0.414786967418546	-0.414786967418546	0.414786967418546	-0.414786967418546
0	0	0	0	0	0	-0	-0	-0	0	0	0	0	1.3103007518797	0.933834586466165	0.382780258917972	0.417293233082707	0.417293233082707	0.417293233082707	0.417293233082707	1.3103007518797	-0.933834586466165	-0.382780258917972	0.417293233082707	-0.417293233082707	0.417293233082707	-0.417293233082707
0	0	0	0	0	0	-0	-0	-0	0	0	0	0	1.31817042606516	0.935839598997494	0.386131368521554	0.419799498746867	0.419799498746867	0.419799498746867	0.419799498746867	1.31817042606516	-0.935839598997494	-0.386131368521554	0.419799498746867	-0.419799498746867	0.419799498746867	-0.419799498746867
0	0	0	0	0	0	-0	-0	-0	0	0	0	0	1.32604010025063	0.937844611528822	0.389495040860296	0.422305764411028	0.422305764411028	0.422305764411028	0.422305764411028	1.32604010025063	-0.937844611528822	-0.389495040860296	0.422305764411028	-0.422305764411028	0.422305764411028	-0.422305764411028
0	0	0	0	0	0	-0	-0	-0	0	0	0	0	1.33390977443609	0.93984962406015	0.392871275934196	0.424812030075188	0.424812030075188	0.424812030075188	0.424812030075188	1.33390977443609	-0.93984962406015	-0.392871275934196	0.424812030075188	-0.424812030075188	0.424812030075188	-0.424812030075188
0	0	0	0	0	0	-0	-0	-0	0	0	0	0	1.34177944862155	0.941854636591479	0.396260073743255	0.427318295739348	0.427318295739348	0.427318295739348	0.427318295739348	1.34177944862155	-0.941854636591479	-0.396260073743255	0.427318295739348	-0.427318295739348	0.427318295739348	-0.427318295739348
0	0	0	0	0	0	-0	-0	-0	0	0	0	0	1.34964912280702	0.943859649122807	0.399661434287473	0.429824561403509	0.429824561403509	0.429824561403509	0.429824561403509	1.34964912280702	-0.943859649122807	-0.399661434287473	0.429824561403509	-0.429824561403509	0.429824561403509	-0.429824561403509
0	0	0	0	0	0	-0	-0	-0	0	0	0	0	1.35751879699248	0.945864661654135	0.403075357566849	0.432330827067669	0.432330827067669	0.432330827067669	0.432330827067669	1.35751879699248	-0.945864661654135	-0.403075357566849	0.432330827067669	-0.432330827067669	0.432330827067669	-0.432330827067669
0	0	0	0	0	0	-0	-0	-0	0	0	0	0	1.36538847117794	0.947869674185464	0.406501843581385	0.43483709273183	0.43483709273183	0.43483709273183	0.43483709273183	1.36538847117794	-0.947869674185464	-0.406501843581385	0.43483709273183	-0.43483709273183	0.43483709273183	-0.43483709273183
0	0	0	0	0	0	-0	-0	-0	0	0	0	0	1.37325814536341	0.949874686716792	0.409940892331078	0.43734335839599	0.43734335839599	0.43734335839599	0.43734335839599	1.37325814536341	-0.949874686716792	-0.409940892331078	0.43734335839599	-0.43734335839599	0.43734335839599	-0.43734335839599
0	0	0	0	0	0	-0	-0	-0	0	0	0	0	1.38112781954887	0.95187969924812	0.413392503815931	0.43984962406015	0.43984962406015	0.43984962406015	0.43984962406015	1.38112781954887	-0.95187969924812	-0.413392503815931	0.43984962406015	-0.43984962406015	0.43984962406015	-0.43984962406015
0	0	0	0	0	0	-0	-0	-0	0	0	0	0	1.38899749373434	0.953884711779448	0.416856678035942	0.442355889724311	0.442355889724311	0.442355889724311	0.442355889724311	1.38899749373434	-0.953884711779448	-0.416856678035942	0.442355889724311	-0.442355889724311	0.442355889724311	-0.442355889724311
0	0	0	0	0	0	-0	-0	-0	0	0	0	0	1.3968671679198	0.955889724310777	0.420333414991112	0.444862155388471	0.444862155388471	0.444862155388471	0.444862155388471	1.3968671679198	-0.955889724310777	-0.420333414991112	0.444862155388471	-0.444862155388471	0.444862155388471	-0.444862155388471
0	0	0	0	0	0	-0	-0	-0	0	0	0	0	1.40473684210526	0.957894736842105	0.42382271468144	0.447368421052632	0.447368421052632	0.447368421052632	0.447368421052632	1.40473684210526	-0.957894736842105	-0.42382271468144	0.447368421052632	-0.447368421052632	0.447368421052632	-0.447368421052632
0	0	0	0	0	0	-0	-0	-0	0	0	0	0	1.41260651629073	0.959899749373434	0.427324577106928	0.449874686716792	0.449874686716792	0.449874686716792	0.449874686716792	1.41260651629073	-0.959899749373434	-0.427324577106928	0.449874686716792	-0.449874686716792	0.449874686716792	-0.449874686716792
0	0	0	0	0	0	-0	-0	-0	0	0	0	0	1.42047619047619	0.961904761904762	0.430839002267574	0.452380952380952	0.452380952380952	0.452380952380952	0.452380952380952	1.42047619047619	-0.961904761904762	-0.430839002267574	0.452380952380952	-0.452380952380952	0.452380952380952	-0.452380952380952
0	0	0	0	0	0	-0	-0	-0	0	0	0	0	1.42834586466165	0.96390977443609	0.434365990163378	0.454887218045113	0.454887218045113	0.454887218045113	0.454887218045113	1.42834586466165	-0.96390977443609	-0.434365990163378	0.454887218045113	-0.454887218045113	0.454887218045113	-0.454887218045113
0	0	0	0	0	0	-0	-0	-0	0	0	0	0	1.43621553884712	0.965914786967419	0.437905540794342	0.457393483709273	0.457393483709273	0.457393483709273	0.457393483709273	1.43621553884712	-0.965914786967419	-0.437905540794342	0.457393483709273	-0.457393483709273	0.457393483709273	-0.457393483709273
0	0	0	0	0	0	-0	-0	-0	0	0	0	0	1.44408521303258	0.967919799498747	0.441457654160464	0.459899749373434	0.459899749373434	0.459899749373434	0.459899749373434	1.44408521303258	-0.967919799498747	-0.441457654160464	0.459899749373434	-0.459899749373434	0.459899749373434	-0.459899749373434
0	0	0	0	0	0	-0	-0	-0	0	0	0	0	1.45195488721805	0.969924812030075	0.445022330261745	0.462406015037594	0.462406015037594	0.462406015037594	0.462406015037594	1.45195488721805	-0.969924812030075	-0.445022330261745	0.462406015037594	-0.462406015037594	0.462406015037594	-0.462406015037594
0	0	0	0	0	0	-0	-0	-0	0	0	0	0	1.45982456140351	0.971929824561403	0.448599569098184	0.464912280701754	0.464912280701754	0.464912280701754	0.464912280701754	1.45982456140351	-0.971929824561403	-0.448599569098184	0.464912280701754	-0.464912280701754	0.464912280701754	-0.464912280701754
0	0	0	0	0	0	-0	-0	-0	0	0	0	0	1.46769423558897	0.973934837092732	0.452189370669782	0.467418546365915	0.467418546365915	0.467418546365915	0.467418546365915	1.46769423558897	-0.973934837092732	-0.452189370669782	0.467418546365915	-0.467418546365915	0.467418546365915	-0.467418546365915
0	0	0	0	0	0	-0	-0	-0	0	0	0	0	1.47556390977444	0.97593984962406	0.455791734976539	0.469924812030075	0.469924812030075	0.469924812030075	0.469924812030075	1.47556390977444	-0.97593984962406	-0.455791734976539	0.469924812030075	-0.469924812030075	0.469924812030075	-0.469924812030075
0	0	0	0	0	0	-0	-0	-0	0	0	0	0	1.4834335839599	0.977944862155388	0.459406662018455	0.472431077694236	0.472431077694236	0.472431077694236	0.472431077694236	1.4834335839599	-0.977944862155388	-0.459406662018455	0.472431077694236	-0.472431077694236	0.472431077694236	-0.472431077694236
0	0	0	0	0	0	-0	-0	-0	0	0	0	0	1.49130325814536	0.979949874686717	0.463034151795529	0.474937343358396	0.474937343358396	0.474937343358396	0.474937343358396	1.49130325814536	-0.979949874686717	-0.463034151795529	0.474937343358396	-0.474937343358396	0.474937343358396	-0.474937343358396
0	0	0	0	0	0	-0	-0	-0	0	0	0	0	1.49917293233083	0.981954887218045	0.466674204307762	0.477443609022556	0.477443609022556	0.477443609022556	0.477443609022556	1.49917293233083	-0.981954887218045	-0.466674204307762	0.477443609022556	-0.477443609022556	0.477443609022556	-0.477443609022556
0	0	0	0	0	0	-0	-0	-0	0	0	0	0	1.50704260651629	0.983959899749373	0.470326819555154	0.479949874686717	0.479949874686717	0.479949874686717	0.479949874686717	1.50704260651629	-0.983959899749373	-0.470326819555154	0.479949874686717	-0.479949874686717	0.479949874686717	-0.479949874686717
0	0	0	0	0	0	-0	-0	-0	0	0	0	0	1.51491228070175	0.985964912280702	0.473991997537704	0.482456140350877	0.482456140350877	0.482456140350877	0.482456140350877	1.51491228070175	-0.985964912280702	-0.473991997537704	0.482456140350877	-0.482456140350877	0.482456140350877	-0.482456140350877
0	0	0	0	0	0	-0	-0	-0	0	0	0	0	1.52278195488722	0.98796992481203	0.477669738255413	0.484962406015038	0.484962406015038	0.484962406015038	0.484962406015038	1.52278195488722	-0.98796992481203	-0.477669738255413	0.484962406015038	-0.484962406015038	0.484962406015038	-0.484962406015038
0	0	0	0	0	0	-0	-0	-0	0	0	0	0	1.53065162907268	0.989974937343358	0.481360041708281	0.487468671679198	0.487468671679198	0.487468671679198	0.487468671679198	1.53065162907268	-0.989974937343358	-0.481360041708281	0.487468671679198	-0.487468671679198	0.487468671679198	-0.487468671679198
0	0	0	0	0	0	-0	-0	-0	0	0	0	0	1.53852130325815	0.991979949874687	0.485062907896307	0.489974937343358	0.489974937343358	0.489974937343358	0.489974937343358	1.53852130325815	-0.991979949874687	-0.485062907896307	0.489974937343358	-0.489974937343358	0.489974937343358	-0.489974937343358
0	0	0	0	0	0	-0	-0	-0	0	0	0	0	1.54639097744361	0.993984962406015	0.488778336819492	0.492481203007519	0.492481203007519	0.492481203007519	0.492481203007519	1.54639097744361	-0.993984962406015	-0.488778336819492	0.492481203007519	-0.492481203007519	0.492481203007519	-0.492481203007519
0	0	0	0	0	0	-0	-0	-0	0	0	0	0	1.55426065162907	0.995989974937343	0.492506328477836	0.494987468671679	0.494987468671679	0.494987468671679	0.494987468671679	1.55426065162907	-0.995989974937343	-0.492506328477836	0.494987468671679	-0.494987468671679	0.494987468671679	-0.494987468671679
0	0	0	0	0	0	-0	-0	-0	0	0	0	0	1.56213032581454	0.997994987468672	0.496246882871339	0.49749373433584	0.49749373433584	0.49749373433584	0.49749373433584	1.56213032581454	-0.997994987468672	-0.496246882871339	0.49749373433584	-0.49749373433584	0.49749373433584	-0.49749373433584
0	0	0	0	0	0	-0	-0	-0	0	0	0	0	1.57	1	0.5	0.5	0.5	0.5	0.5	1.57	-1	-0.5	0.5	-0.5	0.5	-0.5
0	0	0	0	0	0	-0	-0	-0	0	0	0	0	1.57	1	0.5	0.5	0.5	0.5	0.5	1.57	-1	-0.5	0.5	-0.5	0.5	-0.5
0	0	0	0	0	0	-0	-0	-0	0	0	0	0	1.56213032581454	0.997994987468672	0.496246882871339	0.49749373433584	0.49749373433584	0.49749373433584	0.49749373433584	1.56213032581454	-0.997994987468672	-0.496246882871339	0.49749373433584	-0.49749373433584	0.49749373433584	-0.49749373433584
0	0	0	0	0	0	-0	-0	-0	0	0	0	0	1.55426065162907	0.995989974937343	0.492506328477836	0.494987468671679	0.494987468671679	0.494987468671679	0.494987468671679	1.55426065162907	-0.995989974937343	-0.492506328477836	0.494987468671679	-0.494987468671679	0.494987468671679	-0.494987468671679
0	0	0	0	0	0	-0	-0	-0	0	0	0	0	1.54639097744361	0.993984962406015	0.488778336819492	0.492481203007519	0.492481203007519	0.492481203007519	0.492481203007519	1.54639097744361	-0.993984962406015	-0.488778336819492	0.492481203007519	-0.492481203007519	0.492481203007519	-0.492481203007519
0	0	0	0	0	0	-0	-0	-0	0	0	0	0	1.53852130325815	0.991979949874687	0.485062907896307	0.489974937343358	0.489974937343358	0.489974937343358	0.489974937343358	1.53852130325815	-0.991979949874687	-0.485062907896307	0.489974937343358	-0.489974937343358	0.489974937343358	-0.489974937343358
0	0	0	0	0	0	-0	-0	-0	0	0	0	0	1.53065162907268	0.989974937343358	0.481360041708281	0.487468671679198	0.487468671679198	0.487468671679198	0.487468671679198	1.53065162907268	-0.989974937343358	-0.481360041708281	0.487468671679198	-0.487468671679198	0.487468671679198	-0.487468671679198
0	0	0	0	0	0	-0	-0	-0	0	0	0	0	1.52278195488722	0.98796992481203	0.477669738255413	0.484962406015038	0.484962406015038	0.484962406015038	0.484962406015038	1.52278195488722	-0.98796992481203	-0.477669738255413	0.484962406015038	-0.484962406015038	0.484962406015038	-0.484962406015038
0	0	0	0	0	0	-0	-0	-0	0	0	0	0	1.51491228070175	0.985964912280702	0.473991997537704	0.482456140350877	0.482456140350877	0.482456140350877	0.482456140350877	1.51491228070175	-0.985964912280702	-0.473991997537704	0.482456140350877	-0.482456140350877	0.482456140350877	-0.482456140350877
0	0	0	0	0	0	-0	-0	-0	0	0	0	0	1.50704260651629	0.983959899749373	0.470326819555154	0.479949874686717	0.479949874686717	0.479949874686717	0.479949874686717	1.50704260651629	-0.983959899749373	-0.470326819555154	0.479949874686717	-0.479949874686717	0.479949874686717	-0.479949874686717
0	0	0	0	0	0	-0	-0	-0	0	0	0	0	1.49917293233083	0.981954887218045	0.466674204307762	0.477443609022556	0.477443609022556	0.477443609022556	0.477443609022556	1.49917293233083	-0.981954887218045	-0.466674204307762	0.477443609022556	-0.477443609022556	0.477443609022556	-0.477443609022556
0	0	0	0	0	0	-0	-0	-0	0	0	0	0	1.49130325814536	0.979949874686717	0.463034151795529	0.474937343358396	0.474937343358396	0.474937343358396	0.474937343358396	1.49130325814536	-0.979949874686717	-0.463034151795529	0.474937343358396	-0.474937343358396	0.474937343358396	-0.474937343358396
0	0	0	0	0	0	-0	-0	-0	0	0	0	0	1.4834335839599	0.977944862155388	0.459406662018455	0.472431077694236	0.472431077694236	0.472431077694236	0.472431077694236	1.4834335839599	-0.977944862155388	-0.459406662018455	0.472431077694236	-0.472431077694236	0.472431077694236	-0.472431077694236
0	0	0	0	0	0	-0	-0	-0	0	0	0	0	1.47556390977444	0.97593984962406	0.455791734976539	0.469924812030075	0.469924812030075	0.469924812030075	0.469924812030075	1.47556390977444	-0.97593984962406	-0.455791734976539	0.469924812030075	-0.469924812030075	0.469924812030075	-0.469924812030075
0	0	0	0	0	0	-0	-0	-0	0	0	0	0	1.46769423558897	0.973934837092732	0.452189370669782	0.467418546365915	0.467418546365915	0.467418546365915	0.467418546365915	1.46769423558897	-0.973934837092732	-0.452189370669782	0.467418546365915	-0.467418546365915	0.467418546365915	-0.467418546365915
0	0	0	0	0	0	-0	-0	-0	0	0	0	0	1.45982456140351	0.971929824561403	0.448599569098184	0.464912280701754	0.464912280701754	0.464912280701754	0.464912280701754	1.45982456140351	-0.971929824561403	-0.448599569098184	0.464912280701754	-0.464912280701754	0.464912280701754	-0.464912280701754
0	0	0	0	0	0	-0	-0	-0	0	0	0	0	1.45195488721805	0.969924812030075	0.445022330261745	0.462406015037594	0.462406015037594	0.462406015037594	0.462406015037594	1.45195488721805	-0.969924812030075	-0.445022330261745	0.462406015037594	-0.462406015037594	0.462406015037594	-0.462406015037594
0	0	0	0	0	0	-0	-0	-0	0	0	0	0	1.44408521303258	0.967919799498747	0.441457654160464	0.459899749373434	0.459899749373434	0.459899749373434	0.459899749373434	1.44408521303258	-0.967919799498747	-0.441457654160464	0.459899749373434	-0.459899749373434	0.459899749373434	-0.459899749373434
0	0	0	0	0	0	-0	-0	-0	0	0	0	0	1.43621553884712	0.965914786967419	0.437905540794342	0.457393483709273	0.457393483709273	0.457393483709273	0.457393483709273	1.43621553884712	-0.965914786967419	-0.437905540794342	0.457393483709273	-0.457393483709273	0.457393483709273	-0.457393483709273
0	0	0	0	0	0	-0	-0	-0	0	0	0	0	1.42834586466165	0.96390977443609	0.434365990163378	0.454887218045113	0.454887218045113	0.454887218045113	0.454887218045113	1.42834586466165	-0.96390977443609	-0.434365990163378	0.454887218045113	-0.454887218045113	0.454887218045113	-0.454887218045113
0	0	0	0	0	0	-0	-0	-0	0	0	0	0	1.42047619047619	0.961904761904762	0.430839002267574	0.452380952380952	0.452380952380952	0.452380952380952	0.452380952380952	1.42047619047619	-0.961904761904762	-0.430839002267574	0.452380952380952	-0.452380952380952	0.452380952380952	-0.452380952380952
0	0	0	0	0	0	-0	-0	-0	0	0	0	0	1.41260651629073	0.959899749373434	0.427324577106928	0.449874686716792	0.449874686716792	0.449874686716792	0.449874686716792	1.41260651629073	-0.959899749373434	-0.427324577106928	0.449874686716792	-0.449874686716792	0.449874686716792	-0.449874686716792
0	0	0	0	0	0	-0	-0	-0	0	0	0	0	1.40473684210526	0.957894736842105	0.42382271468144	0.447368421052632	0.447368421052632	0.447368421052632	0.447368421052632	1.40473684210526	-0.957894736842105	-0.42382271468144	0.447368421052632	-0.447368421052632	0.447368421052632	-0.447368421052632
0	0	0	0	0	0	-0	-0	-0	0	0	0	0	1.3968671679198	0.955889724310777	0.420333414991112	0.444862155388471	0.444862155388471	0.444862155388471	0.444862155388471	1.3968671679198	-0.955889724310777	-0.420333414991112	0.444862155388471	-0.444862155388471	0.444862155388471	-0.444862155388471
0	0	0	0	0	0	-0	-0	-0	0	0	0	0	1.38899749373434	0.953884711779448	0.416856678035942	0.442355889724311	0.442355889724311	0.442355889724311	0.442355889724311	1.38899749373434	-0.953884711779448	-0.416856678035942	0.442355889724311	-0.442355889724311	0.442355889724311	-0.442355889724311
0	0	0	0	0	0	-0	-0	-0	0	0	0	0	1.38112781954887	0.95187969924812	0.413392503815931	0.43984962406015	0.43984962406015	0.43984962406015	0.43984962406015	1.38112781954887	-0.95187969924812	-0.413392503815931	0.43984962406015	-0.43984962406015	0.43984962406015	-0.43984962406015
0	0	0	0	0	0	-0	-0	-0	0	0	0	0	1.37325814536341	0.949874686716792	0.409940892331078	0.43734335839599	0.43734335839599	0.43734335839599	0.43734335839599	1.37325814536341	-0.949874686716792	-0.409940892331078	0.43734335839599	-0.43734335839599	0.43734335839599	-0.43734335839599
0	0	0	0	0	0	-0	-0	-0	0	0	0	0	1.36538847117794	0.947869674185464	0.406501843581385	0.43483709273183	0.43483709273183	0.43483709273183	0.43483709273183	1.36538847117794	-0.947869674185464	-0.406501843581385	0.43483709273183	-0.43483709273183	0.43483709273183	-0.43483709273183
0	0	0	0	0	0	-0	-0	-0	0	0	0	0	1.35751879699248	0.945864661654135	0.403075357566849	0.432330827067669	0.432330827067669	0.432330827067669	0.432330827067669	1.35751879699248	-0.945864661654135	-0.403075357566849	0.432330827067669	-0.432330827067669	0.432330827067669	-0.432330827067669
0	0	0	0	0	0	-0	-0	-0	0	0	0	0	1.34964912280702	0.943859649122807	0.399661434287473	0.429824561403509	0.429824561403509	0.429824561403509	0.429824561403509	1.34964912280702	-0.943859649122807	-0.399661434287473	0.429824561403509	-0.429824561403509	0.429824561403509	-0.429824561403509
0	0	0	0	0	0	-0	-0	-0	0	0	0	0	1.34177944862155	0.941854636591479	0.396260073743255	0.427318295739348	0.427318295739348	0.427318295739348	0.427318295739348	1.34177944862155	-0.941854636591479	-0.396260073743255	0.427318295739348	-0.427318295739348	0.427318295739348	-0.427318295739348
0	0	0	0	0	0	-0	-0	-0	0	0	0	0	1.33390977443609	0.93984962406015	0.392871275934196	0.424812030075188	0.424812030075188	0.424812030075188	0.424812030075188	1.33390977443609	-0.93984962406015	-0.392871275934196	0.424812030075188	-0.424812030075188	0.424812030075188	-0.424812030075188
0	0	0	0	0	0	-0	-0	-0	0	0	0	0	1.32604010025063	0.937844611528822	0.389495040860296	0.422305764411028	0.422305764411028	0.422305764411028	0.422305764411028	1.32604010025063	-0.937844611528822	-0.389495040860296	0.422305764411028	-0.422305764411028	0.422305764411028	-0.422305764411028
0	0	0	0	0	0	-0	-0	-0	0	0	0	0	1.31817042606516	0.935839598997494	0.386131368521554	0.419799498746867	0.419799498746867	0.419799498746867	0.419799498746867	1.31817042606516	-0.935839598997494	-0.386131368521554	0.419799498746867	-0.419799498746867	0.419799498746867	-0.419799498746867
0	0	0	0	0	0	-0	-0	-0	0	0	0	0	1.3103007518797	0.933834586466165	0.382780258917972	0.417293233082707	0.417293233082707	0.417293233082707	0.417293233082707	1.3103007518797	-0.933834586466165	-0.382780258917972	0.417293233082707	-0.417293233082707	0.417293233082707	-0.417293233082707
0	0	0	0	0	0	-0	-0	-0	0	0	0	0	1.30243107769424	0.931829573934837	0.379441712049547	0.414786967418546	0.414786967418546	0.414786967418546	0.414786967418546	1.30243107769424	-0.931829573934837	-0.379441712049547	0.414786967418546	-0.414786967418546	0.414786967418546	-0.414786967418546
0	0	0	0	0	0	-0	-0	-0	0	0	0	0	1.29456140350877	0.929824561403509	0.376115727916282	0.412280701754386	0.412280701754386	0.412280701754386	0.412280701754386	1.29456140350877	-0.929824561403509	-0.376115727916282	0.412280701754386	-0.412280701754386	0.412280701754386	-0.412280701754386
0	0	0	0	0	0	-0	-0	-0	0	0	0	0	1.28669172932331	0.92781954887218	0.372802306518175	0.409774436090226	0.409774436090226	0.409774436090226	0.409774436090226	1.28669172932331	-0.92781954887218	-0.372802306518175	0.409774436090226	-0.409774436090226	0.409774436090226	-0.409774436090226
0	0	0	0	0	0	-0	-0	-0	0	0	0	0	1.27882205513784	0.925814536340852	0.369501447855227	0.407268170426065	0.407268170426065	0.407268170426065	0.407268170426065	1.27882205513784	-0.925814536340852	-0.369501447855227	0.407268170426065	-0.407268170426065	0.407268170426065	-0.407268170426065
0	0	0	0	0	0	-0	-0	-0	0	0	0	0	1.27095238095238	0.923809523809524	0.366213151927438	0.404761904761905	0.404761904761905	0.404761904761905	0.404761904761905	1.27095238095238	-0.923809523809524	-0.366213151927438	0.404761904761905	-0.404761904761905	0.404761904761905	-0.404761904761905
0	0	0	0	0	0	-0	-0	-0	0	0	0	0	1.26308270676692	0.921804511278195	0.362937418734807	0.402255639097744	0.402255639097744	0.402255639097744	0.402255639097744	1.26308270676692	-0.921804511278195	-0.362937418734807	0.402255639097744	-0.402255639097744	0.402255639097744	-0.402255639097744
0	0	0	0	0	0	-0	-0	-0	0	0	0	0	1.25521303258145	0.919799498746867	0.359674248277335	0.399749373433584	0.399749373433584	0.399749373433584	0.399749373433584	1.25521303258145	-0.919799498746867	-0.359674248277335	0.399749373433584	-0.399749373433584	0.399749373433584	-0.399749373433584
0	0	0	0	0	0	-0	-0	-0	0	0	0	0	1.24734335839599	0.917794486215539	0.356423640555022	0.397243107769424	0.397243107769424	0.397243107769424	0.397243107769424	1.24734335839599	-0.917794486215539	-0.356423640555022	0.397243107769424	-0.397243107769424	0.397243107769424	-0.397243107769424
0	0	0	0	0	0	-0	-0	-0	0	0	0	0	1.23947368421053	0.91578947368421	0.353185595567867	0.394736842105263	0.394736842105263	0.394736842105263	0.394736842105263	1.23947368421053	-0.91578947368421	-0.353185595567867	0.394736842105263	-0.394736842105263	0.394736842105263	-0.394736842105263
0	0	0	0	0	0	-0	-0	-0	0	0	0	0	1.23160401002506	0.913784461152882	0.349960113315871	0.392230576441103	0.392230576441103	0.392230576441103	0.392230576441103	1.23160401002506	-0.913784461152882	-0.349960113315871	0.392230576441103	-0.392230576441103	0.392230576441103	-0.392230576441103
0	0	0	0	0	0	-0	-0	-0	0	0	0	0	1.2237343358396	0.911779448621554	0.346747193799034	0.389724310776942	0.389724310776942	0.389724310776942	0.389724310776942	1.2237343358396	-0.911779448621554	-0.346747193799034	0.389724310776942	-0.389724310776942	0.389724310776942	-0.389724310776942
0	0	0	0	0	0	-0	-0	-0	0	0	0	0	1.21586466165414	0.909774436090226	0.343546837017355	0.387218045112782	0.387218045112782	0.387218045112782	0.387218045112782	1.21586466165414	-0.909774436090226	-0.343546837017355	0.387218045112782	-0.387218045112782	0.387218045112782	-0.387218045112782
0	0	0	0	0	0	-0	-0	-0	0	0	0	0	1.20799498746867	0.907769423558897	0.340359042970836	0.384711779448622	0.384711779448622	0.384711779448622	0.384711779448622	1.20799498746867	-0.907769423558897	-0.340359042970836	0.384711779448622	-0.384711779448622	0.384711779448622	-0.384711779448622
0	0	0	0	0	0	-0	-0	-0	0	0	0	0	1.20012531328321	0.905764411027569	0.337183811659474	0.382205513784461	0.382205513784461	0.382205513784461	0.382205513784461	1.20012531328321	-0.905764411027569	-0.337183811659474	0.382205513784461	-0.382205513784461	0.382205513784461	-0.382205513784461
0	0	0	0	0	0	-0	-0	-0	0	0	0	0	1.19225563909774	0.903759398496241	0.334021143083272	0.379699248120301	0.379699248120301	0.379699248120301	0.379699248120301	1.19225563909774	-0.903759398496241	-0.334021143083272	0.379699248120301	-0.379699248120301	0.379699248120301	-0.379699248120301
0	0	0	0	0	0	-0	-0	-0	0	0	0	0	1.18438596491228	0.901754385964912	0.330871037242228	0.37719298245614	0.37719298245614	0.37719298245614	0.37719298245614	1.18438596491228	-0.901754385964912	-0.330871037242228	0.37719298245614	-0.37719298245614	0.37719298245614	-0.37719298245614
0	0	0	0	0	0	-0	-0	-0	0	0	0	0	1.17651629072682	0.899749373433584	0.327733494136343	0.37468671679198	0.37468671679198	0.37468671679198	0.37468671679198	1.17651629072682	-0.899749373433584	-0.327733494136343	0.37468671679198	-0.37468671679198	0.37468671679198	-0.37468671679198
0	0	0	0	0	0	-0	-0	-0	0	0	0	0	1.16864661654135	0.897744360902256	0.324608513765617	0.37218045112782	0.37218045112782	0.37218045112782	0.37218045112782	1.16864661654135	-0.897744360902256	-0.324608513765617	0.37218045112782	-0.37218045112782	0.37218045112782	-0.37218045112782
0	0	0	0	0	0	-0	-0	-0	0	0	0	0	1.16077694235589	0.895739348370927	0.321496096130049	0.369674185463659	0.369674185463659	0.369674185463659	0.369674185463659	1.16077694235589	-0.895739348370927	-0.321496096130049	0.369674185463659	-0.369674185463659	0.369674185463659	-0.369674185463659
0	0	0	0	0	0	-0	-0	-0	0	0	0	0	1.15290726817043	0.893734335839599	0.31839624122964	0.367167919799499	0.367167919799499	0.367167919799499	0.367167919799499	1.15290726817043	-0.893734335839599	-0.31839624122964	0.367167919799499	-0.367167919799499	0.367167919799499	-0.367167919799499
0	0	0	0	0	0	-0	-0	-0	0	0	0	0	1.14503759398496	0.891729323308271	0.31530894906439	0.364661654135338	0.364661654135338	0.364661654135338	0.364661654135338	1.14503759398496	-0.891729323308271	-0.31530894906439	0.364661654135338	-0.364661654135338	0.364661654135338	-0.364661654135338
0	0	0	0	0	0	-0	-0	-0	0	0	0	0	1.1371679197995	0.889724310776942	0.312234219634299	0.362155388471178	0.362155388471178	0.362155388471178	0.362155388471178	1.1371679197995	-0.889724310776942	-0.312234219634299	0.362155388471178	-0.362155388471178	0.362155388471178	-0.362155388471178
0	0	0	0	0	0	-0	-0	-0	0	0	0	0	1.12929824561404	0.887719298245614	0.309172052939366	0.359649122807018	0.359649122807018	0.359649122807018	0.359649122807018	1.12929824561404	-0.887719298245614	-0.309172052939366	0.359649122807018	-0.359649122807018	0.359649122807018	-0.359649122807018
0	0	0	0	0	0	-0	-0	-0	0	0	0	0	1.12142857142857	0.885714285714286	0.306122448979592	0.357142857142857	0.357142857142857	0.357142857142857	0.357142857142857	1.12142857142857	-0.885714285714286	-0.306122448979592	0.357142857142857	-0.357142857142857	0.357142857142857	-0.357142857142857
0	0	0	0	0	0	-0	-0	-0	0	0	0	0	1.11355889724311	0.883709273182957	0.303085407754976	0.354636591478697	0.354636591478697	0.354636591478697	0.354636591478697	1.11355889724311	-0.883709273182957	-0.303085407754976	0.354636591478697	-0.354636591478697	0.354636591478697	-0.354636591478697
0	0	0	0	0	0	-0	-0	-0	0	0	0	0	1.10568922305764	0.881704260651629	0.30006092926552	0.352130325814536	0.352130325814536	0.352130325814536	0.352130325814536	1.10568922305764	-0.881704260651629	-0.30006092926552	0.352130325814536	-0.352130325814536	0.352130325814536	-0.352130325814536
0	0	0	0	0	0	-0	-0	-0	0	0	0	0	1.09781954887218	0.879699248120301	0.297049013511222	0.349624060150376	0.349624060150376	0.349624060150376	0.349624060150376	1.09781954887218	-0.879699248120301	-0.297049013511222	0.349624060150376	-0.349624060150376	0.349624060150376	-0.349624060150376
0	0	0	0	0	0	-0	-0	-0	0	0	0	0	1.08994987468672	0.877694235588972	0.294049660492082	0.347117794486215	0.347117794486215	0.347117794486215	0.347117794486215	1.08994987468672	-0.877694235588972	-0.294049660492082	0.347117794486215	-0.347117794486215	0.347117794486215	-0.347117794486215
0	0	0	0	0	0	-0	-0	-0	0	0	0	0	1.08208020050125	0.875689223057644	0.291062870208102	0.344611528822055	0.344611528822055	0.344611528822055	0.344611528822055	1.08208020050125	-0.875689223057644	-0.291062870208102	0.344611528822055	-0.344611528822055	0.344611528822055	-0.344611528822055
0	0	0	0	0	0	-0	-0	-0	0	0	0	0	1.07421052631579	0.873684210526316	0.28808864265928	0.342105263157895	0.342105263157895	0.342105263157895	0.342105263157895	1.07421052631579	-0.873684210526316	-0.28808864265928	0.342105263157895	-0.342105263157895	0.342105263157895	-0.342105263157895
0	0	0	0	0	0	-0	-0	-0	0	0	0	0	1.06634085213033	0.871679197994987	0.285126977845617	0.339598997493734	0.339598997493734	0.339598997493734	0.339598997493734	1.06634085213033	-0.871679197994987	-0.285126977845617	0.339598997493734	-0.339598997493734	0.339598997493734	-0.339598997493734
0	0	0	0	0	0	-0	-0	-0	0	0	0	0	1.05847117794486	0.869674185463659	0.282177875767112	0.337092731829574	0.337092731829574	0.337092731829574	0.337092731829574	1.05847117794486	-0.869674185463659	-0.282177875767112	0.337092731829574	-0.337092731829574	0.337092731829574	-0.337092731829574
0	0	0	0	0	0	-0	-0	-0	0	0	0	0	1.0506015037594	0.867669172932331	0.279241336423766	0.334586466165414	0.334586466165414	0.334586466165414	0.334586466165414	1.0506015037594	-0.867669172932331	-0.279241336423766	0.334586466165414	-0.334586466165414	0.334586466165414	-0.334586466165414
0	0	0	0	0	0	-0	-0	-0	0	0	0	0	1.04273182957393	0.865664160401002	0.276317359815579	0.332080200501253	0.332080200501253	0.332080200501253	0.332080200501253	1.04273182957393	-0.865664160401002	-0.276317359815579	0.332080200501253	-0.332080200501253	0.332080200501253	-0.332080200501253
0	0	0	0	0	0	-0	-0	-0	0	0	0	0	1.03486215538847	0.863659147869674	0.273405945942551	0.329573934837093	0.329573934837093	0.329573934837093	0.329573934837093	1.03486215538847	-0.863659147869674	-0.273405945942551	0.329573934837093	-0.329573934837093	0.329573934837093	-0.329573934837093
0	0	0	0	0	0	-0	-0	-0	0	0	0	0	1.02699248120301	0.861654135338346	0.270507094804681	0.327067669172932	0.327067669172932	0.327067669172932	0.327067669172932	1.02699248120301	-0.861654135338346	-0.270507094804681	0.327067669172932	-0.327067669172932	0.327067669172932	-0.327067669172932
0	0	0	0	0	0	-0	-0	-0	0	0	0	0	1.01912280701754	0.859649122807018	0.26762080640197	0.324561403508772	0.324561403508772	0.324561403508772	0.324561403508772	1.01912280701754	-0.859649122807018	-0.26762080640197	0.324561403508772	-0.324561403508772	0.324561403508772	-0.324561403508772
0	0	0	0	0	0	-0	-0	-0	0	0	0	0	1.01125313283208	0.857644110275689	0.264747080734417	0.322055137844611	0.322055137844611	0.322055137844611	0.322055137844611	1.01125313283208	-0.857644110275689	-0.264747080734417	0.322055137844611	-0.322055137844611	0.322055137844611	-0.322055137844611
0	0	0	0	0	0	-0	-0	-0	0	0	0	0	1.00338345864662	0.855639097744361	0.261885917802024	0.319548872180451	0.319548872180451	0.319548872180451	0.319548872180451	1.00338345864662	-0.855639097744361	-0.261885917802024	0.319548872180451	-0.319548872180451	0.319548872180451	-0.319548872180451
0	0	0	0	0	0	-0	-0	-0	0	0	0	0	0.995513784461153	0.853634085213032	0.259037317604789	0.317042606516291	0.317042606516291	0.317042606516291	0.317042606516291	0.995513784461153	-0.853634085213032	-0.259037317604789	0.317042606516291	-0.317042606516291	0.317042606516291	-0.317042606516291
0	0	0	0	0	0	-0	-0	-0	0	0	0	0	0.987644110275689	0.851629072681704	0.256201280142713	0.31453634085213	0.31453634085213	0.31453634085213	0.31453634085213	0.987644110275689	-0.851629072681704	-0.256201280142713	0.31453634085213	-0.31453634085213	0.31453634085213	-0.31453634085213
0	0	0	0	0	0	-0	-0	-0	0	0	0	0	0.979774436090225	0.849624060150376	0.253377805415795	0.31203007518797	0.31203007518797	0.31203007518797	0.31203007518797	0.979774436090225	-0.849624060150376	-0.253377805415795	0.31203007518797	-0.31203007518797	0.31203007518797	-0.31203007518797
0	0	0	0	0	0	-0	-0	-0	0	0	0	0	0.971904761904762	0.847619047619047	0.250566893424036	0.30952380952381	0.30952380952381	0.30952380952381	0.30952380952381	0.971904761904762	-0.847619047619047	-0.250566893424036	0.30952380952381	-0.30952380952381	0.30952380952381	-0.30952380952381
0	0	0	0	0	0	-0	-0	-0	0	0	0	0	0.964035087719298	0.845614035087719	0.247768544167436	0.307017543859649	0.307017543859649	0.307017543859649	0.307017543859649	0.964035087719298	-0.845614035087719	-0.247768544167436	0.307017543859649	-0.307017543859649	0.307017543859649	-0.307017543859649
0	0	0	0	0	0	-0	-0	-0	0	0	0	0	0.956165413533834	0.843609022556391	0.244982757645995	0.304511278195489	0.304511278195489	0.304511278195489	0.304511278195489	0.956165413533834	-0.843609022556391	-0.244982757645995	0.304511278195489	-0.304511278195489	0.304511278195489	-0.304511278195489
0	0	0	0	0	0	-0	-0	-0	0	0	0	0	0.948295739348371	0.841604010025063	0.242209533859712	0.302005012531328	0.302005012531328	0.302005012531328	0.302005012531328	0.948295739348371	-0.841604010025063	-0.242209533859712	0.302005012531328	-0.302005012531328	0.302005012531328	-0.302005012531328
0	0	0	0	0	0	-0	-0	-0	0	0	0	0	0.940426065162907	0.839598997493734	0.239448872808588	0.299498746867168	0.299498746867168	0.299498746867168	0.299498746867168	0.940426065162907	-0.839598997493734	-0.239448872808588	0.299498746867168	-0.299498746867168	0.299498746867168	-0.299498746867168
0	0	0	0	0	0	-0	-0	-0	0	0	0	0	0.932556390977443	0.837593984962406	0.236700774492622	0.296992481203007	0.296992481203007	0.296992481203007	0.296992481203007	0.932556390977443	-0.837593984962406	-0.236700774492622	0.296992481203007	-0.296992481203007	0.296992481203007	-0.296992481203007
0	0	0	0	0	0	-0	-0	-0	0	0	0	0	0.92468671679198	0.835588972431078	0.233965238911816	0.294486215538847	0.294486215538847	0.294486215538847	0.294486215538847	0.92468671679198	-0.835588972431078	-0.233965238911816	0.294486215538847	-0.294486215538847	0.294486215538847	-0.294486215538847
0	0	0	0	0	0	-0	-0	-0	0	0	0	0	0.916817042606516	0.833583959899749	0.231242266066168	0.291979949874687	0.291979949874687	0.291979949874687	0.291979949874687	0.916817042606516	-0.833583959899749	-0.231242266066168	0.291979949874687	-0.291979949874687	0.291979949874687	-0.291979949874687
0	0	0	0	0	0	-0	-0	-0	0	0	0	0	0.908947368421053	0.831578947368421	0.228531855955679	0.289473684210526	0.289473684210526	0.289473684210526	0.289473684210526	0.908947368421053	-0.831578947368421	-0.228531855955679	0.289473684210526	-0.289473684210526	0.289473684210526	-0.289473684210526
0	0	0	0	0	0	-0	-0	-0	0	0	0	0	0.901077694235589	0.829573934837093	0.225834008580348	0.286967418546366	0.286967418546366	0.286967418546366	0.286967418546366	0.901077694235589	-0.829573934837093	-0.225834008580348	0.286967418546366	-0.286967418546366	0.286967418546366	-0.286967418546366
0	0	0	0	0	0	-0	-0	-0	0	0	0	0	0.893208020050125	0.827568922305764	0.223148723940176	0.284461152882206	0.284461152882206	0.284461152882206	0.284461152882206	0.893208020050125	-0.827568922305764	-0.223148723940176	0.284461152882206	-0.284461152882206	0.284461152882206	-0.284461152882206
0	0	0	0	0	0	-0	-0	-0	0	0	0	0	0.885338345864662	0.825563909774436	0.220476002035163	0.281954887218045	0.281954887218045	0.281954887218045	0.281954887218045	0.885338345864662	-0.825563909774436	-0.220476002035163	0.281954887218045	-0.281954887218045	0.281954887218045	-0.281954887218045
0	0	0	0	0	0	-0	-0	-0	0	0	0	0	0.877468671679198	0.823558897243108	0.217815842865309	0.279448621553885	0.279448621553885	0.279448621553885	0.279448621553885	0.877468671679198	-0.823558897243108	-0.217815842865309	0.279448621553885	-0.279448621553885	0.279448621553885	-0.279448621553885
0	0	0	0	0	0	-0	-0	-0	0	0	0	0	0.869598997493734	0.821553884711779	0.215168246430613	0.276942355889724	0.276942355889724	0.276942355889724	0.276942355889724	0.869598997493734	-0.821553884711779	-0.215168246430613	0.276942355889724	-0.276942355889724	0.276942355889724	-0.276942355889724
0	0	0	0	0	0	-0	-0	-0	0	0	0	0	0.861729323308271	0.819548872180451	0.212533212731076	0.274436090225564	0.274436090225564	0.274436090225564	0.274436090225564	0.861729323308271	-0.819548872180451	-0.212533212731076	0.274436090225564	-0.274436090225564	0.274436090225564	-0.274436090225564
0	0	0	0	0	0	-0	-0	-0	0	0	0	0	0.853859649122807	0.817543859649123	0.209910741766697	0.271929824561403	0.271929824561403	0.271929824561403	0.271929824561403	0.853859649122807	-0.817543859649123	-0.209910741766697	0.271929824561403	-0.271929824561403	0.271929824561403	-0.271929824561403
0	0	0	0	0	0	-0	-0	-0	0	0	0	0	0.845989974937343	0.815538847117794	0.207300833537478	0.269423558897243	0.269423558897243	0.269423558897243	0.269423558897243	0.845989974937343	-0.815538847117794	-0.207300833537478	0.269423558897243	-0.269423558897243	0.269423558897243	-0.269423558897243
0	0	0	0	0	0	-0	-0	-0	0	0	0	0	0.83812030075188	0.813533834586466	0.204703488043417	0.266917293233083	0.266917293233083	0.266917293233083	0.266917293233083	0.83812030075188	-0.813533834586466	-0.204703488043417	0.266917293233083	-0.266917293233083	0.266917293233083	-0.266917293233083
0	0	0	0	0	0	-0	-0	-0	0	0	0	0	0.830250626566416	0.811528822055138	0.202118705284515	0.264411027568922	0.264411027568922	0.264411027568922	0.264411027568922	0.830250626566416	-0.811528822055138	-0.202118705284515	0.264411027568922	-0.264411027568922	0.264411027568922	-0.264411027568922
0	0	0	0	0	0	-0	-0	-0	0	0	0	0	0.822380952380952	0.80952380952381	0.199546485260771	0.261904761904762	0.261904761904762	0.261904761904762	0.261904761904762	0.822380952380952	-0.80952380952381	-0.199546485260771	0.261904761904762	-0.261904761904762	0.261904761904762	-0.261904761904762
0	0	0	0	0	0	-0	-0	-0	0	0	0	0	0.814511278195489	0.807518796992481	0.196986827972186	0.259398496240602	0.259398496240602	0.259398496240602	0.259398496240602	0.814511278195489	-0.807518796992481	-0.196986827972186	0.259398496240602	-0.259398496240602	0.259398496240602	-0.259398496240602
0	0	0	0	0	0	-0	-0	-0	0	0	0	0	0.806641604010025	0.805513784461153	0.19443973341876	0.256892230576441	0.256892230576441	0.256892230576441	0.256892230576441	0.806641604010025	-0.805513784461153	-0.19443973341876	0.256892230576441	-0.256892230576441	0.256892230576441	-0.256892230576441
0	0	0	0	0	0	-0	-0	-0	0	0	0	0	0.798771929824561	0.803508771929825	0.191905201600492	0.254385964912281	0.254385964912281	0.254385964912281	0.254385964912281	0.798771929824561	-0.803508771929825	-0.191905201600492	0.254385964912281	-0.254385964912281	0.254385964912281	-0.254385964912281
0	0	0	0	0	0	-0	-0	-0	0	0	0	0	0.790902255639098	0.801503759398496	0.189383232517384	0.25187969924812	0.25187969924812	0.25187969924812	0.25187969924812	0.790902255639098	-0.801503759398496	-0.189383232517384	0.25187969924812	-0.25187969924812	0.25187969924812	-0.25187969924812
0	0	0	0	0	0	-0	-0	-0	0	0	0	0	0.783032581453634	0.799498746867168	0.186873826169434	0.24937343358396	0.24937343358396	0.24937343358396	0.24937343358396	0.783032581453634	-0.799498746867168	-0.186873826169434	0.24937343358396	-0.24937343358396	0.24937343358396	-0.24937343358396
0	0	0	0	0	0	-0	-0	-0	0	0	0	0	0.77516290726817	0.797493734335839	0.184376982556642	0.246867167919799	0.246867167919799	0.246867167919799	0.246867167919799	0.77516290726817	-0.797493734335839	-0.184376982556642	0.246867167919799	-0.246867167919799	0.246867167919799	-0.246867167919799
0	0	0	0	0	0	-0	-0	-0	0	0	0	0	0.767293233082707	0.795488721804511	0.18189270167901	0.244360902255639	0.244360902255639	0.244360902255639	0.244360902255639	0.767293233082707	-0.795488721804511	-0.18189270167901	0.244360902255639	-0.244360902255639	0.244360902255639	-0.244360902255639
0	0	0	0	0	0	-0	-0	-0	0	0	0	0	0.759423558897243	0.793483709273183	0.179420983536536	0.241854636591479	0.241854636591479	0.241854636591479	0.241854636591479	0.759423558897243	-0.793483709273183	-0.179420983536536	0.241854636591479	-0.241854636591479	0.241854636591479	-0.241854636591479
0	0	0	0	0	0	-0	-0	-0	0	0	0	0	0.75155388471178	0.791478696741855	0.17696182812922	0.239348370927318	0.239348370927318	0.239348370927318	0.239348370927318	0.75155388471178	-0.791478696741855	-0.17696182812922	0.239348370927318	-0.239348370927318	0.239348370927318	-0.239348370927318
0	0	0	0	0	0	-0	-0	-0	0	0	0	0	0.743684210526316	0.789473684210526	0.174515235457064	0.236842105263158	0.236842105263158	0.236842105263158	0.236842105263158	0.743684210526316	-0.789473684210526	-0.174515235457064	0.236842105263158	-0.236842105263158	0.236842105263158	-0.236842105263158
0	0	0	0	0	0	-0	-0	-0	0	0	0	0	0.735814536340852	0.787468671679198	0.172081205520066	0.234335839598998	0.234335839598998	0.234335839598998	0.234335839598998	0.735814536340852	-0.787468671679198	-0.172081205520066	0.234335839598998	-0.234335839598998	0.234335839598998	-0.234335839598998
0	0	0	0	0	0	-0	-0	-0	0	0	0	0	0.727944862155389	0.78546365914787	0.169659738318227	0.231829573934837	0.231829573934837	0.231829573934837	0.231829573934837	0.727944862155389	-0.78546365914787	-0.169659738318227	0.231829573934837	-0.231829573934837	0.231829573934837	-0.231829573934837
0	0	0	0	0	0	-0	-0	-0	0	0	0	0	0.720075187969925	0.783458646616541	0.167250833851546	0.229323308270677	0.229323308270677	0.229323308270677	0.229323308270677	0.720075187969925	-0.783458646616541	-0.167250833851546	0.229323308270677	-0.229323308270677	0.229323308270677	-0.229323308270677
0	0	0	0	0	0	-0	-0	-0	0	0	0	0	0.712205513784461	0.781453634085213	0.164854492120024	0.226817042606516	0.226817042606516	0.226817042606516	0.226817042606516	0.712205513784461	-0.781453634085213	-0.164854492120024	0.226817042606516	-0.226817042606516	0.226817042606516	-0.226817042606516
0	0	0	0	0	0	-0	-0	-0	0	0	0	0	0.704335839598998	0.779448621553885	0.162470713123661	0.224310776942356	0.224310776942356	0.224310776942356	0.224310776942356	0.704335839598998	-0.779448621553885	-0.162470713123661	0.224310776942356	-0.224310776942356	0.224310776942356	-0.224310776942356
0	0	0	0	0	0	-0	-0	-0	0	0	0	0	0.696466165413534	0.777443609022556	0.160099496862457	0.221804511278195	0.221804511278195	0.221804511278195	0.221804511278195	0.696466165413534	-0.777443609022556	-0.160099496862457	0.221804511278195	-0.221804511278195	0.221804511278195	-0.221804511278195
0	0	0	0	0	0	-0	-0	-0	0	0	0	0	0.68859649122807	0.775438596491228	0.157740843336411	0.219298245614035	0.219298245614035	0.219298245614035	0.219298245614035	0.68859649122807	-0.775438596491228	-0.157740843336411	0.219298245614035	-0.219298245614035	0.219298245614035	-0.219298245614035
0	0	0	0	0	0	-0	-0	-0	0	0	0	0	0.680726817042607	0.7734335839599	0.155394752545524	0.216791979949875	0.216791979949875	0.216791979949875	0.216791979949875	0.680726817042607	-0.7734335839599	-0.155394752545524	0.216791979949875	-0.216791979949875	0.216791979949875	-0.216791979949875
0	0	0	0	0	0	-0	-0	-0	0	0	0	0	0.672857142857143	0.771428571428571	0.153061224489796	0.214285714285714	0.214285714285714	0.214285714285714	0.214285714285714	0.672857142857143	-0.771428571428571	-0.153061224489796	0.214285714285714	-0.214285714285714	0.214285714285714	-0.214285714285714
0	0	0	0	0	0	-0	-0	-0	0	0	0	0	0.664987468671679	0.769423558897243	0.150740259169226	0.211779448621554	0.211779448621554	0.211779448621554	0.211779448621554	0.664987468671679	-0.769423558897243	-0.150740259169226	0.211779448621554	-0.211779448621554	0.211779448621554	-0.211779448621554
0	0	0	0	0	0	-0	-0	-0	0	0	0	0	0.657117794486216	0.767418546365915	0.148431856583815	0.209273182957393	0.209273182957393	0.209273182957393	0.209273182957393	0.657117794486216	-0.767418546365915	-0.148431856583815	0.209273182957393	-0.209273182957393	0.209273182957393	-0.209273182957393
0	0	0	0	0	0	-0	-0	-0	0	0	0	0	0.649248120300752	0.765413533834586	0.146136016733563	0.206766917293233	0.206766917293233	0.206766917293233	0.206766917293233	0.649248120300752	-0.765413533834586	-0.146136016733563	0.206766917293233	-0.206766917293233	0.206766917293233	-0.206766917293233
0	0	0	0	0	0	-0	-0	-0	0	0	0	0	0.641378446115288	0.763408521303258	0.14385273961847	0.204260651629073	0.204260651629073	0.204260651629073	0.204260651629073	0.641378446115288	-0.763408521303258	-0.14385273961847	0.204260651629073	-0.204260651629073	0.204260651629073	-0.204260651629073
0	0	0	0	0	0	-0	-0	-0	0	0	0	0	0.633508771929824	0.76140350877193	0.141582025238535	0.201754385964912	0.201754385964912	0.201754385964912	0.201754385964912	0.633508771929824	-0.76140350877193	-0.141582025238535	0.201754385964912	-0.201754385964912	0.201754385964912	-0.201754385964912
0	0	0	0	0	0	-0	-0	-0	0	0	0	0	0.625639097744361	0.759398496240602	0.139323873593759	0.199248120300752	0.199248120300752	0.199248120300752	0.199248120300752	0.625639097744361	-0.759398496240602	-0.139323873593759	0.199248120300752	-0.199248120300752	0.199248120300752	-0.199248120300752
0	0	0	0	0	0	-0	-0	-0	0	0	0	0	0.617769423558897	0.757393483709273	0.137078284684141	0.196741854636591	0.196741854636591	0.196741854636591	0.196741854636591	0.617769423558897	-0.757393483709273	-0.137078284684141	0.196741854636591	-0.196741854636591	0.196741854636591	-0.196741854636591
0	0	0	0	0	0	-0	-0	-0	0	0	0	0	0.609899749373434	0.755388471177945	0.134845258509683	0.194235588972431	0.194235588972431	0.194235588972431	0.194235588972431	0.609899749373434	-0.755388471177945	-0.134845258509683	0.194235588972431	-0.194235588972431	0.194235588972431	-0.194235588972431
0	0	0	0	0	0	-0	-0	-0	0	0	0	0	0.60203007518797	0.753383458646616	0.132624795070383	0.191729323308271	0.191729323308271	0.191729323308271	0.191729323308271	0.60203007518797	-0.753383458646616	-0.132624795070383	0.191729323308271	-0.191729323308271	0.191729323308271	-0.191729323308271
0	0	0	0	0	0	-0	-0	-0	0	0	0	0	0.594160401002507	0.751378446115288	0.130416894366241	0.18922305764411	0.18922305764411	0.18922305764411	0.18922305764411	0.594160401002507	-0.751378446115288	-0.130416894366241	0.18922305764411	-0.18922305764411	0.18922305764411	-0.18922305764411
0	0	0	0	0	0	-0	-0	-0	0	0	0	0	0.586290726817042	0.74937343358396	0.128221556397259	0.18671679197995	0.18671679197995	0.18671679197995	0.18671679197995	0.586290726817042	-0.74937343358396	-0.128221556397259	0.18671679197995	-0.18671679197995	0.18671679197995	-0.18671679197995
0	0	0	0	0	0	-0	-0	-0	0	0	0	0	0.578421052631579	0.747368421052631	0.126038781163435	0.184210526315789	0.184210526315789	0.184210526315789	0.184210526315789	0.578421052631579	-0.747368421052631	-0.126038781163435	0.184210526315789	-0.184210526315789	0.184210526315789	-0.184210526315789
0	0	0	0	0	0	-0	-0	-0	0	0	0	0	0.570551378446115	0.745363408521303	0.12386856866477	0.181704260651629	0.181704260651629	0.181704260651629	0.181704260651629	0.570551378446115	-0.745363408521303	-0.12386856866477	0.181704260651629	-0.181704260651629	0.181704260651629	-0.181704260651629
0	0	0	0	0	0	-0	-0	-0	0	0	0	0	0.562681704260652	0.743358395989975	0.121710918901263	0.179197994987469	0.179197994987469	0.179197994987469	0.179197994987469	0.562681704260652	-0.743358395989975	-0.121710918901263	0.179197994987469	-0.179197994987469	0.179197994987469	-0.179197994987469
0	0	0	0	0	0	-0	-0	-0	0	0	0	0	0.554812030075188	0.741353383458647	0.119565831872915	0.176691729323308	0.176691729323308	0.176691729323308	0.176691729323308	0.554812030075188	-0.741353383458647	-0.119565831872915	0.176691729323308	-0.176691729323308	0.176691729323308	-0.176691729323308
0	0	0	0	0	0	-0	-0	-0	0	0	0	0	0.546942355889724	0.739348370927318	0.117433307579726	0.174185463659148	0.174185463659148	0.174185463659148	0.174185463659148	0.546942355889724	-0.739348370927318	-0.117433307579726	0.174185463659148	-0.174185463659148	0.174185463659148	-0.174185463659148
0	0	0	0	0	0	-0	-0	-0	0	0	0	0	0.53907268170426	0.73734335839599	0.115313346021696	0.171679197994987	0.171679197994987	0.171679197994987	0.171679197994987	0.53907268170426	-0.73734335839599	-0.115313346021696	0.171679197994987	-0.171679197994987	0.171679197994987	-0.171679197994987
0	0	0	0	0	0	-0	-0	-0	0	0	0	0	0.531203007518797	0.735338345864662	0.113205947198824	0.169172932330827	0.169172932330827	0.169172932330827	0.169172932330827	0.531203007518797	-0.735338345864662	-0.113205947198824	0.169172932330827	-0.169172932330827	0.169172932330827	-0.169172932330827
0	0	0	0	0	0	-0	-0	-0	0	0	0	0	0.523333333333333	0.733333333333333	0.111111111111111	0.166666666666667	0.166666666666667	0.166666666666667	0.166666666666667	0.523333333333333	-0.733333333333333	-0.111111111111111	0.166666666666667	-0.166666666666667	0.166666666666667	-0.166666666666667
0	0	0	0	0	0	-0	-0	-0	0	0	0	0	0.51546365914787	0.731328320802005	0.109028837758557	0.164160401002506	0.164160401002506	0.164160401002506	0.164160401002506	0.51546365914787	-0.731328320802005	-0.109028837758557	0.164160401002506	-0.164160401002506	0.164160401002506	-0.164160401002506
0	0	0	0	0	0	-0	-0	-0	0	0	0	0	0.507593984962406	0.729323308270677	0.106959127141161	0.161654135338346	0.161654135338346	0.161654135338346	0.161654135338346	0.507593984962406	-0.729323308270677	-0.106959127141161	0.161654135338346	-0.161654135338346	0.161654135338346	-0.161654135338346
0	0	0	0	0	0	-0	-0	-0	0	0	0	0	0.499724310776942	0.727318295739348	0.104901979258924	0.159147869674185	0.159147869674185	0.159147869674185	0.159147869674185	0.499724310776942	-0.727318295739348	-0.104901979258924	0.159147869674185	-0.159147869674185	0.159147869674185	-0.159147869674185
0	0	0	0	0	0	-0	-0	-0	0	0	0	0	0.491854636591478	0.72531328320802	0.102857394111846	0.156641604010025	0.156641604010025	0.156641604010025	0.156641604010025	0.491854636591478	-0.72531328320802	-0.102857394111846	0.156641604010025	-0.156641604010025	0.156641604010025	-0.156641604010025
0	0	0	0	0	0	-0	-0	-0	0	0	0	0	0.483984962406015	0.723308270676692	0.100825371699927	0.154135338345865	0.154135338345865	0.154135338345865	0.154135338345865	0.483984962406015	-0.723308270676692	-0.100825371699927	0.154135338345865	-0.154135338345865	0.154135338345865	-0.154135338345865
0	0	0	0	0	0	-0	-0	-0	0	0	0	0	0.476115288220551	0.721303258145363	0.0988059120231657	0.151629072681704	0.151629072681704	0.151629072681704	0.151629072681704	0.476115288220551	-0.721303258145363	-0.0988059120231657	0.151629072681704	-0.151629072681704	0.151629072681704	-0.151629072681704
0	0	0	0	0	0	-0	-0	-0	0	0	0	0	0.468245614035088	0.719298245614035	0.0967990150815636	0.149122807017544	0.149122807017544	0.149122807017544	0.149122807017544	0.468245614035088	-0.719298245614035	-0.0967990150815636	0.149122807017544	-0.149122807017544	0.149122807017544	-0.149122807017544
0	0	0	0	0	0	-0	-0	-0	0	0	0	0	0.460375939849624	0.717293233082707	0.0948046808751201	0.146616541353383	0.146616541353383	0.146616541353383	0.146616541353383	0.460375939849624	-0.717293233082707	-0.0948046808751201	0.146616541353383	-0.146616541353383	0.146616541353383	-0.146616541353383
0	0	0	0	0	0	-0	-0	-0	0	0	0	0	0.45250626566416	0.715288220551378	0.0928229094038354	0.144110275689223	0.144110275689223	0.144110275689223	0.144110275689223	0.45250626566416	-0.715288220551378	-0.0928229094038354	0.144110275689223	-0.144110275689223	0.144110275689223	-0.144110275689223
0	0	0	0	0	0	-0	-0	-0	0	0	0	0	0.444636591478696	0.71328320802005	0.0908537006677093	0.141604010025063	0.141604010025063	0.141604010025063	0.141604010025063	0.444636591478696	-0.71328320802005	-0.0908537006677093	0.141604010025063	-0.141604010025063	0.141604010025063	-0.141604010025063
0	0	0	0	0	0	-0	-0	-0	0	0	0	0	0.436766917293233	0.711278195488722	0.0888970546667421	0.139097744360902	0.139097744360902	0.139097744360902	0.139097744360902	0.436766917293233	-0.711278195488722	-0.0888970546667421	0.139097744360902	-0.139097744360902	0.139097744360902	-0.139097744360902
0	0	0	0	0	0	-0	-0	-0	0	0	0	0	0.428897243107769	0.709273182957393	0.0869529714009334	0.136591478696742	0.136591478696742	0.136591478696742	0.136591478696742	0.428897243107769	-0.709273182957393	-0.0869529714009334	0.136591478696742	-0.136591478696742	0.136591478696742	-0.136591478696742
0	0	0	0	0	0	-0	-0	-0	0	0	0	0	0.421027568922306	0.707268170426065	0.0850214508702835	0.134085213032581	0.134085213032581	0.134085213032581	0.134085213032581	0.421027568922306	-0.707268170426065	-0.0850214508702835	0.134085213032581	-0.134085213032581	0.134085213032581	-0.134085213032581
0	0	0	0	0	0	-0	-0	-0	0	0	0	0	0.413157894736842	0.705263157894737	0.0831024930747922	0.131578947368421	0.131578947368421	0.131578947368421	0.131578947368421	0.413157894736842	-0.705263157894737	-0.0831024930747922	0.131578947368421	-0.131578947368421	0.131578947368421	-0.131578947368421
0	0	0	0	0	0	-0	-0	-0	0	0	0	0	0.405288220551379	0.703258145363409	0.0811960980144597	0.129072681704261	0.129072681704261	0.129072681704261	0.129072681704261	0.405288220551379	-0.703258145363409	-0.0811960980144597	0.129072681704261	-0.129072681704261	0.129072681704261	-0.129072681704261
0	0	0	0	0	0	-0	-0	-0	0	0	0	0	0.397418546365915	0.70125313283208	0.0793022656892858	0.1265664160401	0.1265664160401	0.1265664160401	0.1265664160401	0.397418546365915	-0.70125313283208	-0.0793022656892858	0.1265664160401	-0.1265664160401	0.1265664160401	-0.1265664160401
0	0	0	0	0	0	-0	-0	-0	0	0	0	0	0.389548872180451	0.699248120300752	0.0774209960992708	0.12406015037594	0.12406015037594	0.12406015037594	0.12406015037594	0.389548872180451	-0.699248120300752	-0.0774209960992708	0.12406015037594	-0.12406015037594	0.12406015037594	-0.12406015037594
0	0	0	0	0	0	-0	-0	-0	0	0	0	0	0.381679197994987	0.697243107769423	0.0755522892444143	0.121553884711779	0.121553884711779	0.121553884711779	0.121553884711779	0.381679197994987	-0.697243107769423	-0.0755522892444143	0.121553884711779	-0.121553884711779	0.121553884711779	-0.121553884711779
0	0	0	0	0	0	-0	-0	-0	0	0	0	0	0.373809523809524	0.695238095238095	0.0736961451247166	0.119047619047619	0.119047619047619	0.119047619047619	0.119047619047619	0.373809523809524	-0.695238095238095	-0.0736961451247166	0.119047619047619	-0.119047619047619	0.119047619047619	-0.119047619047619
0	0	0	0	0	0	-0	-0	-0	0	0	0	0	0.36593984962406	0.693233082706767	0.0718525637401775	0.116541353383459	0.116541353383459	0.116541353383459	0.116541353383459	0.36593984962406	-0.693233082706767	-0.0718525637401775	0.116541353383459	-0.116541353383459	0.116541353383459	-0.116541353383459
0	0	0	0	0	0	-0	-0	-0	0	0	0	0	0.358070175438597	0.691228070175439	0.0700215450907972	0.114035087719298	0.114035087719298	0.114035087719298	0.114035087719298	0.358070175438597	-0.691228070175439	-0.0700215450907972	0.114035087719298	-0.114035087719298	0.114035087719298	-0.114035087719298
0	0	0	0	0	0	-0	-0	-0	0	0	0	0	0.350200501253133	0.68922305764411	0.0682030891765755	0.111528822055138	0.111528822055138	0.111528822055138	0.111528822055138	0.350200501253133	-0.68922305764411	-0.0682030891765755	0.111528822055138	-0.111528822055138	0.111528822055138	-0.111528822055138
0	0	0	0	0	0	-0	-0	-0	0	0	0	0	0.342330827067669	0.687218045112782	0.0663971959975126	0.109022556390977	0.109022556390977	0.109022556390977	0.109022556390977	0.342330827067669	-0.687218045112782	-0.0663971959975126	0.109022556390977	-0.109022556390977	0.109022556390977	-0.109022556390977
0	0	0	0	0	0	-0	-0	-0	0	0	0	0	0.334461152882205	0.685213032581454	0.0646038655536083	0.106516290726817	0.106516290726817	0.106516290726817	0.106516290726817	0.334461152882205	-0.685213032581454	-0.0646038655536083	0.106516290726817	-0.106516290726817	0.106516290726817	-0.106516290726817
0	0	0	0	0	0	-0	-0	-0	0	0	0	0	0.326591478696742	0.683208020050125	0.0628230978448628	0.104010025062657	0.104010025062657	0.104010025062657	0.104010025062657	0.326591478696742	-0.683208020050125	-0.0628230978448628	0.104010025062657	-0.104010025062657	0.104010025062657	-0.104010025062657
0	0	0	0	0	0	-0	-0	-0	0	0	0	0	0.318721804511278	0.681203007518797	0.0610548928712759	0.101503759398496	0.101503759398496	0.101503759398496	0.101503759398496	0.318721804511278	-0.681203007518797	-0.0610548928712759	0.101503759398496	-0.101503759398496	0.101503759398496	-0.101503759398496
0	0	0	0	0	0	-0	-0	-0	0	0	0	0	0.310852130325815	0.679197994987469	0.0592992506328478	0.0989974937343359	0.0989974937343359	0.0989974937343359	0.0989974937343359	0.310852130325815	-0.679197994987469	-0.0592992506328478	0.0989974937343359	-0.0989974937343359	0.0989974937343359	-0.0989974937343359
0	0	0	0	0	0	-0	-0	-0	0	0	0	0	0.302982456140351	0.67719298245614	0.0575561711295783	0.0964912280701754	0.0964912280701754	0.0964912280701754	0.0964912280701754	0.302982456140351	-0.67719298245614	-0.0575561711295783	0.0964912280701754	-0.0964912280701754	0.0964912280701754	-0.0964912280701754
0	0	0	0	0	0	-0	-0	-0	0	0	0	0	0.295112781954887	0.675187969924812	0.0558256543614676	0.0939849624060151	0.0939849624060151	0.0939849624060151	0.0939849624060151	0.295112781954887	-0.675187969924812	-0.0558256543614676	0.0939849624060151	-0.0939849624060151	0.0939849624060151	-0.0939849624060151
0	0	0	0	0	0	-0	-0	-0	0	0	0	0	0.287243107769424	0.673182957393484	0.0541077003285155	0.0914786967418546	0.0914786967418546	0.0914786967418546	0.0914786967418546	0.287243107769424	-0.673182957393484	-0.0541077003285155	0.0914786967418546	-0.0914786967418546	0.0914786967418546	-0.0914786967418546
0	0	0	0	0	0	-0	-0	-0	0	0	0	0	0.27937343358396	0.671177944862155	0.0524023090307222	0.0889724310776943	0.0889724310776943	0.0889724310776943	0.0889724310776943	0.27937343358396	-0.671177944862155	-0.0524023090307222	0.0889724310776943	-0.0889724310776943	0.0889724310776943	-0.0889724310776943
0	0	0	0	0	0	-0	-0	-0	0	0	0	0	0.271503759398496	0.669172932330827	0.0507094804680875	0.0864661654135338	0.0864661654135338	0.0864661654135338	0.0864661654135338	0.271503759398496	-0.669172932330827	-0.0507094804680875	0.0864661654135338	-0.0864661654135338	0.0864661654135338	-0.0864661654135338
0	0	0	0	0	0	-0	-0	-0	0	0	0	0	0.263634085213033	0.667167919799499	0.0490292146406116	0.0839598997493735	0.0839598997493735	0.0839598997493735	0.0839598997493735	0.263634085213033	-0.667167919799499	-0.0490292146406116	0.0839598997493735	-0.0839598997493735	0.0839598997493735	-0.0839598997493735
0	0	0	0	0	0	-0	-0	-0	0	0	0	0	0.255764411027569	0.66516290726817	0.0473615115482943	0.081453634085213	0.081453634085213	0.081453634085213	0.081453634085213	0.255764411027569	-0.66516290726817	-0.0473615115482943	0.081453634085213	-0.081453634085213	0.081453634085213	-0.081453634085213
0	0	0	0	0	0	-0	-0	-0	0	0	0	0	0.247894736842105	0.663157894736842	0.0457063711911357	0.0789473684210527	0.0789473684210527	0.0789473684210527	0.0789473684210527	0.247894736842105	-0.663157894736842	-0.0457063711911357	0.0789473684210527	-0.0789473684210527	0.0789473684210527	-0.0789473684210527
0	0	0	0	0	0	-0	-0	-0	0	0	0	0	0.240025062656642	0.661152882205514	0.0440637935691359	0.0764411027568922	0.0764411027568922	0.0764411027568922	0.0764411027568922	0.240025062656642	-0.661152882205514	-0.0440637935691359	0.0764411027568922	-0.0764411027568922	0.0764411027568922	-0.0764411027568922
0	0	0	0	0	0	-0	-0	-0	0	0	0	0	0.232155388471178	0.659147869674185	0.0424337786822947	0.0739348370927319	0.0739348370927319	0.0739348370927319	0.0739348370927319	0.232155388471178	-0.659147869674185	-0.0424337786822947	0.0739348370927319	-0.0739348370927319	0.0739348370927319	-0.0739348370927319
0	0	0	0	0	0	-0	-0	-0	0	0	0	0	0.224285714285714	0.657142857142857	0.0408163265306122	0.0714285714285714	0.0714285714285714	0.0714285714285714	0.0714285714285714	0.224285714285714	-0.657142857142857	-0.0408163265306122	0.0714285714285714	-0.0714285714285714	0.0714285714285714	-0.0714285714285714
0	0	0	0	0	0	-0	-0	-0	0	0	0	0	0.216416040100251	0.655137844611529	0.0392114371140885	0.0689223057644111	0.0689223057644111	0.0689223057644111	0.0689223057644111	0.216416040100251	-0.655137844611529	-0.0392114371140885	0.0689223057644111	-0.0689223057644111	0.0689223057644111	-0.0689223057644111
0	0	0	0	0	0	-0	-0	-0	0	0	0	0	0.208546365914787	0.6531328320802	0.0376191104327234	0.0664160401002506	0.0664160401002506	0.0664160401002506	0.0664160401002506	0.208546365914787	-0.6531328320802	-0.0376191104327234	0.0664160401002506	-0.0664160401002506	0.0664160401002506	-0.0664160401002506
0	0	0	0	0	0	-0	-0	-0	0	0	0	0	0.200676691729323	0.651127819548872	0.0360393464865171	0.0639097744360902	0.0639097744360902	0.0639097744360902	0.0639097744360902	0.200676691729323	-0.651127819548872	-0.0360393464865171	0.0639097744360902	-0.0639097744360902	0.0639097744360902	-0.0639097744360902
0	0	0	0	0	0	-0	-0	-0	0	0	0	0	0.19280701754386	0.649122807017544	0.0344721452754694	0.0614035087719298	0.0614035087719298	0.0614035087719298	0.0614035087719298	0.19280701754386	-0.649122807017544	-0.0344721452754694	0.0614035087719298	-0.0614035087719298	0.0614035087719298	-0.0614035087719298
0	0	0	0	0	0	-0	-0	-0	0	0	0	0	0.184937343358396	0.647117794486216	0.0329175067995804	0.0588972431077694	0.0588972431077694	0.0588972431077694	0.0588972431077694	0.184937343358396	-0.647117794486216	-0.0329175067995804	0.0588972431077694	-0.0588972431077694	0.0588972431077694	-0.0588972431077694
0	0	0	0	0	0	-0	-0	-0	0	0	0	0	0.177067669172932	0.645112781954887	0.0313754310588501	0.056390977443609	0.056390977443609	0.056390977443609	0.056390977443609	0.177067669172932	-0.645112781954887	-0.0313754310588501	0.056390977443609	-0.056390977443609	0.056390977443609	-0.056390977443609
0	0	0	0	0	0	-0	-0	-0	0	0	0	0	0.169197994987469	0.643107769423559	0.0298459180532786	0.0538847117794486	0.0538847117794486	0.0538847117794486	0.0538847117794486	0.169197994987469	-0.643107769423559	-0.0298459180532786	0.0538847117794486	-0.0538847117794486	0.0538847117794486	-0.0538847117794486
0	0	0	0	0	0	-0	-0	-0	0	0	0	0	0.161328320802005	0.641102756892231	0.0283289677828657	0.0513784461152882	0.0513784461152882	0.0513784461152882	0.0513784461152882	0.161328320802005	-0.641102756892231	-0.0283289677828657	0.0513784461152882	-0.0513784461152882	0.0513784461152882	-0.0513784461152882
0	0	0	0	0	0	-0	-0	-0	0	0	0	0	0.153458646616542	0.639097744360902	0.0268245802476115	0.0488721804511278	0.0488721804511278	0.0488721804511278	0.0488721804511278	0.153458646616542	-0.639097744360902	-0.0268245802476115	0.0488721804511278	-0.0488721804511278	0.0488721804511278	-0.0488721804511278
0	0	0	0	0	0	-0	-0	-0	0	0	0	0	0.145588972431078	0.637092731829574	0.025332755447516	0.0463659147869674	0.0463659147869674	0.0463659147869674	0.0463659147869674	0.145588972431078	-0.637092731829574	-0.025332755447516	0.0463659147869674	-0.0463659147869674	0.0463659147869674	-0.0463659147869674
0	0	0	0	0	0	-0	-0	-0	0	0	0	0	0.137719298245614	0.635087719298246	0.0238534933825793	0.043859649122807	0.043859649122807	0.043859649122807	0.043859649122807	0.137719298245614	-0.635087719298246	-0.0238534933825793	0.043859649122807	-0.043859649122807	0.043859649122807	-0.043859649122807
0	0	0	0	0	0	-0	-0	-0	0	0	0	0	0.12984962406015	0.633082706766917	0.0223867940528012	0.0413533834586466	0.0413533834586466	0.0413533834586466	0.0413533834586466	0.12984962406015	-0.633082706766917	-0.0223867940528012	0.0413533834586466	-0.0413533834586466	0.0413533834586466	-0.0413533834586466
0	0	0	0	0	0	-0	-0	-0	0	0	0	0	0.121979949874687	0.631077694235589	0.0209326574581818	0.0388471177944862	0.0388471177944862	0.0388471177944862	0.0388471177944862	0.121979949874687	-0.631077694235589	-0.0209326574581818	0.0388471177944862	-0.0388471177944862	0.0388471177944862	-0.0388471177944862
0	0	0	0	0	0	-0	-0	-0	0	0	0	0	0.114110275689223	0.629072681704261	0.0194910835987211	0.0363408521303258	0.0363408521303258	0.0363408521303258	0.0363408521303258	0.114110275689223	-0.629072681704261	-0.0194910835987211	0.0363408521303258	-0.0363408521303258	0.0363408521303258	-0.0363408521303258
0	0	0	0	0	0	-0	-0	-0	0	0	0	0	0.10624060150376	0.627067669172932	0.0180620724744191	0.0338345864661654	0.0338345864661654	0.0338345864661654	0.0338345864661654	0.10624060150376	-0.627067669172932	-0.0180620724744191	0.0338345864661654	-0.0338345864661654	0.0338345864661654	-0.0338345864661654
0	0	0	0	0	0	-0	-0	-0	0	0	0	0	0.0983709273182956	0.625062656641604	0.0166456240852758	0.031328320802005	0.031328320802005	0.031328320802005	0.031328320802005	0.0983709273182956	-0.625062656641604	-0.0166456240852758	0.031328320802005	-0.031328320802005	0.031328320802005	-0.031328320802005
0	0	0	0	0	0	-0	-0	-0	0	0	0	0	0.0905012531328322	0.623057644110276	0.0152417384312913	0.0288220551378446	0.0288220551378446	0.0288220551378446	0.0288220551378446	0.0905012531328322	-0.623057644110276	-0.0152417384312913	0.0288220551378446	-0.0288220551378446	0.0288220551378446	-0.0288220551378446
0	0	0	0	0	0	-0	-0	-0	0	0	0	0	0.0826315789473684	0.621052631578947	0.0138504155124654	0.0263157894736842	0.0263157894736842	0.0263157894736842	0.0263157894736842	0.0826315789473684	-0.621052631578947	-0.0138504155124654	0.0263157894736842	-0.0263157894736842	0.0263157894736842	-0.0263157894736842
0	0	0	0	0	0	-0	-0	-0	0	0	0	0	0.0747619047619048	0.619047619047619	0.0124716553287982	0.0238095238095238	0.0238095238095238	0.0238095238095238	0.0238095238095238	0.0747619047619048	-0.619047619047619	-0.0124716553287982	0.0238095238095238	-0.0238095238095238	0.0238095238095238	-0.0238095238095238
0	0	0	0	0	0	-0	-0	-0	0	0	0	0	0.066892230576441	0.617042606516291	0.0111054578802897	0.0213032581453634	0.0213032581453634	0.0213032581453634	0.0213032581453634	0.066892230576441	-0.617042606516291	-0.0111054578802897	0.0213032581453634	-0.0213032581453634	0.0213032581453634	-0.0213032581453634
0	0	0	0	0	0	-0	-0	-0	0	0	0	0	0.0590225563909774	0.615037593984962	0.00975182316693992	0.018796992481203	0.018796992481203	0.018796992481203	0.018796992481203	0.0590225563909774	-0.615037593984962	-0.00975182316693992	0.018796992481203	-0.018796992481203	0.018796992481203	-0.018796992481203
0	0	0	0	0	0	-0	-0	-0	0	0	0	0	0.0511528822055136	0.613032581453634	0.0084107511887488	0.0162907268170426	0.0162907268170426	0.0162907268170426	0.0162907268170426	0.0511528822055136	-0.613032581453634	-0.0084107511887488	0.0162907268170426	-0.0162907268170426	0.0162907268170426	-0.0162907268170426
0	0	0	0	0	0	-0	-0	-0	0	0	0	0	0.0432832080200503	0.611027568922306	0.00708224194571644	0.0137844611528822	0.0137844611528822	0.0137844611528822	0.0137844611528822	0.0432832080200503	-0.611027568922306	-0.00708224194571644	0.0137844611528822	-0.0137844611528822	0.0137844611528822	-0.0137844611528822
0	0	0	0	0	0	-0	-0	-0	0	0	0	0	0.0354135338345865	0.609022556390977	0.00576629543784271	0.0112781954887218	0.0112781954887218	0.0112781954887218	0.0112781954887218	0.0354135338345865	-0.609022556390977	-0.00576629543784271	0.0112781954887218	-0.0112781954887218	0.0112781954887218	-0.0112781954887218
0	0	0	0	0	0	-0	-0	-0	0	0	0	0	0.0275438596491229	0.607017543859649	0.00446291166512775	0.00877192982456143	0.00877192982456143	0.00877192982456143	0.00877192982456143	0.0275438596491229	-0.607017543859649	-0.00446291166512775	0.00877192982456143	-0.00877192982456143	0.00877192982456143	-0.00877192982456143
0	0	0	0	0	0	-0	-0	-0	0	0	0	0	0.0196741854636591	0.605012531328321	0.00317209062757142	0.00626566416040097	0.00626566416040097	0.00626566416040097	0.00626566416040097	0.0196741854636591	-0.605012531328321	-0.00317209062757142	0.00626566416040097	-0.00626566416040097	0.00626566416040097	-0.00626566416040097
0	0	0	0	0	0	-0	-0	-0	0	0	0	0	0.0118045112781955	0.603007518796993	0.00189383232517385	0.00375939849624063	0.00375939849624063	0.00375939849624063	0.00375939849624063	0.0118045112781955	-0.603007518796993	-0.00189383232517385	0.00375939849624063	-0.00375939849624063	0.00375939849624063	-0.00375939849624063
0	0	0	0	0	0	-0	-0	-0	0	0	0	0	0.00393483709273168	0.601002506265664	0.000628136757934924	0.00125313283208017	0.00125313283208017	0.00125313283208017	0.00125313283208017	0.00393483709273168	-0.601002506265664	-0.000628136757934924	0.00125313283208017	-0.00125313283208017	0.00125313283208017	-0.00125313283208017
0	0	0	0	0	0	-0	-0	-0	0	0	0	0	-0.0039348370927319	0.598997493734336	-0.000624996074145277	-0.00125313283208023	-0.00125313283208023	-0.00125313283208023	-0.00125313283208023	-0.0039348370927319	-0.598997493734336	0.000624996074145277	-0.00125313283208023	0.00125313283208023	-0.00125313283208023	0.00125313283208023
0	0	0	0	0	0	-0	-0	-0	0	0	0	0	-0.0118045112781955	0.596992481203007	-0.00186556617106678	-0.00375939849624063	-0.00375939849624063	-0.00375939849624063	-0.00375939849624063	-0.0118045112781955	-0.596992481203007	0.00186556617106678	-0.00375939849624063	0.00375939849624063	-0.00375939849624063	0.00375939849624063
0	0	0	0	0	0	-0	-0	-0	0	0	0	0	-0.0196741854636593	0.594987468671679	-0.00309357353282958	-0.00626566416040103	-0.00626566416040103	-0.00626566416040103	-0.00626566416040103	-0.0196741854636593	-0.594987468671679	0.00309357353282958	-0.00626566416040103	0.00626566416040103	-0.00626566416040103	0.00626566416040103
0	0	0	0	0	0	-0	-0	-0	0	0	0	0	-0.0275438596491229	0.592982456140351	-0.00430901815943369	-0.00877192982456143	-0.00877192982456143	-0.00877192982456143	-0.00877192982456143	-0.0275438596491229	-0.592982456140351	0.00430901815943369	-0.00877192982456143	0.00877192982456143	-0.00877192982456143	0.00877192982456143
0	0	0	0	0	0	-0	-0	-0	0	0	0	0	-0.0354135338345865	0.590977443609022	-0.00551190005087909	-0.0112781954887218	-0.0112781954887218	-0.0112781954887218	-0.0112781954887218	-0.0354135338345865	-0.590977443609022	0.00551190005087909	-0.0112781954887218	0.0112781954887218	-0.0112781954887218	0.0112781954887218
0	0	0	0	0	0	-0	-0	-0	0	0	0	0	-0.0432832080200503	0.588972431077694	-0.0067022192071658	-0.0137844611528822	-0.0137844611528822	-0.0137844611528822	-0.0137844611528822	-0.0432832080200503	-0.588972431077694	0.0067022192071658	-0.0137844611528822	0.0137844611528822	-0.0137844611528822	0.0137844611528822
0	0	0	0	0	0	-0	-0	-0	0	0	0	0	-0.0511528822055138	0.586967418546366	-0.00787997562829381	-0.0162907268170426	-0.0162907268170426	-0.0162907268170426	-0.0162907268170426	-0.0511528822055138	-0.586967418546366	0.00787997562829381	-0.0162907268170426	0.0162907268170426	-0.0162907268170426	0.0162907268170426
0	0	0	0	0	0	-0	-0	-0	0	0	0	0	-0.0590225563909774	0.584962406015038	-0.00904516931426311	-0.018796992481203	-0.018796992481203	-0.018796992481203	-0.018796992481203	-0.0590225563909774	-0.584962406015038	0.00904516931426311	-0.018796992481203	0.018796992481203	-0.018796992481203	0.018796992481203
0	0	0	0	0	0	-0	-0	-0	0	0	0	0	-0.0668922305764412	0.582957393483709	-0.0101978002650737	-0.0213032581453634	-0.0213032581453634	-0.0213032581453634	-0.0213032581453634	-0.0668922305764412	-0.582957393483709	0.0101978002650737	-0.0213032581453634	0.0213032581453634	-0.0213032581453634	0.0213032581453634
0	0	0	0	0	0	-0	-0	-0	0	0	0	0	-0.0747619047619048	0.580952380952381	-0.0113378684807256	-0.0238095238095238	-0.0238095238095238	-0.0238095238095238	-0.0238095238095238	-0.0747619047619048	-0.580952380952381	0.0113378684807256	-0.0238095238095238	0.0238095238095238	-0.0238095238095238	0.0238095238095238
0	0	0	0	0	0	-0	-0	-0	0	0	0	0	-0.0826315789473686	0.578947368421053	-0.0124653739612188	-0.0263157894736842	-0.0263157894736842	-0.0263157894736842	-0.0263157894736842	-0.0826315789473686	-0.578947368421053	0.0124653739612188	-0.0263157894736842	0.0263157894736842	-0.0263157894736842	0.0263157894736842
0	0	0	0	0	0	-0	-0	-0	0	0	0	0	-0.0905012531328322	0.576942355889724	-0.0135803167065534	-0.0288220551378446	-0.0288220551378446	-0.0288220551378446	-0.0288220551378446	-0.0905012531328322	-0.576942355889724	0.0135803167065534	-0.0288220551378446	0.0288220551378446	-0.0288220551378446	0.0288220551378446
0	0	0	0	0	0	-0	-0	-0	0	0	0	0	-0.0983709273182958	0.574937343358396	-0.0146826967167292	-0.031328320802005	-0.031328320802005	-0.031328320802005	-0.031328320802005	-0.0983709273182958	-0.574937343358396	0.0146826967167292	-0.031328320802005	0.031328320802005	-0.031328320802005	0.031328320802005
0	0	0	0	0	0	-0	-0	-0	0	0	0	0	-0.10624060150376	0.572932330827068	-0.0157725139917463	-0.0338345864661654	-0.0338345864661654	-0.0338345864661654	-0.0338345864661654	-0.10624060150376	-0.572932330827068	0.0157725139917463	-0.0338345864661654	0.0338345864661654	-0.0338345864661654	0.0338345864661654
0	0	0	0	0	0	-0	-0	-0	0	0	0	0	-0.114110275689223	0.570927318295739	-0.0168497685316047	-0.0363408521303258	-0.0363408521303258	-0.0363408521303258	-0.0363408521303258	-0.114110275689223	-0.570927318295739	0.0168497685316047	-0.0363408521303258	0.0363408521303258	-0.0363408521303258	0.0363408521303258
0	0	0	0	0	0	-0	-0	-0	0	0	0	0	-0.121979949874687	0.568922305764411	-0.0179144603363044	-0.0388471177944862	-0.0388471177944862	-0.0388471177944862	-0.0388471177944862	-0.121979949874687	-0.568922305764411	0.0179144603363044	-0.0388471177944862	0.0388471177944862	-0.0388471177944862	0.0388471177944862
0	0	0	0	0	0	-0	-0	-0	0	0	0	0	-0.129849624060151	0.566917293233083	-0.0189665894058454	-0.0413533834586466	-0.0413533834586466	-0.0413533834586466	-0.0413533834586466	-0.129849624060151	-0.566917293233083	0.0189665894058454	-0.0413533834586466	0.0413533834586466	-0.0413533834586466	0.0413533834586466
0	0	0	0	0	0	-0	-0	-0	0	0	0	0	-0.137719298245614	0.564912280701754	-0.0200061557402278	-0.043859649122807	-0.043859649122807	-0.043859649122807	-0.043859649122807	-0.137719298245614	-0.564912280701754	0.0200061557402278	-0.043859649122807	0.043859649122807	-0.043859649122807	0.043859649122807
0	0	0	0	0	0	-0	-0	-0	0	0	0	0	-0.145588972431078	0.562907268170426	-0.0210331593394514	-0.0463659147869674	-0.0463659147869674	-0.0463659147869674	-0.0463659147869674	-0.145588972431078	-0.562907268170426	0.0210331593394514	-0.0463659147869674	0.0463659147869674	-0.0463659147869674	0.0463659147869674
0	0	0	0	0	0	-0	-0	-0	0	0	0	0	-0.153458646616542	0.560902255639098	-0.0220476002035163	-0.0488721804511278	-0.0488721804511278	-0.0488721804511278	-0.0488721804511278	-0.153458646616542	-0.560902255639098	0.0220476002035163	-0.0488721804511278	0.0488721804511278	-0.0488721804511278	0.0488721804511278
0	0	0	0	0	0	-0	-0	-0	0	0	0	0	-0.161328320802005	0.558897243107769	-0.0230494783324225	-0.0513784461152882	-0.0513784461152882	-0.0513784461152882	-0.0513784461152882	-0.161328320802005	-0.558897243107769	0.0230494783324225	-0.0513784461152882	0.0513784461152882	-0.0513784461152882	0.0513784461152882
0	0	0	0	0	0	-0	-0	-0	0	0	0	0	-0.169197994987469	0.556892230576441	-0.0240387937261701	-0.0538847117794486	-0.0538847117794486	-0.0538847117794486	-0.0538847117794486	-0.169197994987469	-0.556892230576441	0.0240387937261701	-0.0538847117794486	0.0538847117794486	-0.0538847117794486	0.0538847117794486
0	0	0	0	0	0	-0	-0	-0	0	0	0	0	-0.177067669172932	0.554887218045113	-0.0250155463847589	-0.056390977443609	-0.056390977443609	-0.056390977443609	-0.056390977443609	-0.177067669172932	-0.554887218045113	0.0250155463847589	-0.056390977443609	0.056390977443609	-0.056390977443609	0.056390977443609
0	0	0	0	0	0	-0	-0	-0	0	0	0	0	-0.184937343358396	0.552882205513784	-0.025979736308189	-0.0588972431077694	-0.0588972431077694	-0.0588972431077694	-0.0588972431077694	-0.184937343358396	-0.552882205513784	0.025979736308189	-0.0588972431077694	0.0588972431077694	-0.0588972431077694	0.0588972431077694
0	0	0	0	0	0	-0	-0	-0	0	0	0	0	-0.19280701754386	0.550877192982456	-0.0269313634964605	-0.0614035087719298	-0.0614035087719298	-0.0614035087719298	-0.0614035087719298	-0.19280701754386	-0.550877192982456	0.0269313634964605	-0.0614035087719298	0.0614035087719298	-0.0614035087719298	0.0614035087719298
0	0	0	0	0	0	-0	-0	-0	0	0	0	0	-0.200676691729323	0.548872180451128	-0.0278704279495732	-0.0639097744360902	-0.0639097744360902	-0.0639097744360902	-0.0639097744360902	-0.200676691729323	-0.548872180451128	0.0278704279495732	-0.0639097744360902	0.0639097744360902	-0.0639097744360902	0.0639097744360902
0	0	0	0	0	0	-0	-0	-0	0	0	0	0	-0.208546365914787	0.546867167919799	-0.0287969296675272	-0.0664160401002507	-0.0664160401002507	-0.0664160401002507	-0.0664160401002507	-0.208546365914787	-0.546867167919799	0.0287969296675272	-0.0664160401002507	0.0664160401002507	-0.0664160401002507	0.0664160401002507
0	0	0	0	0	0	-0	-0	-0	0	0	0	0	-0.216416040100251	0.544862155388471	-0.0297108686503226	-0.0689223057644111	-0.0689223057644111	-0.0689223057644111	-0.0689223057644111	-0.216416040100251	-0.544862155388471	0.0297108686503226	-0.0689223057644111	0.0689223057644111	-0.0689223057644111	0.0689223057644111
0	0	0	0	0	0	-0	-0	-0	0	0	0	0	-0.224285714285714	0.542857142857143	-0.0306122448979592	-0.0714285714285715	-0.0714285714285715	-0.0714285714285715	-0.0714285714285715	-0.224285714285714	-0.542857142857143	0.0306122448979592	-0.0714285714285715	0.0714285714285715	-0.0714285714285715	0.0714285714285715
0	0	0	0	0	0	-0	-0	-0	0	0	0	0	-0.232155388471178	0.540852130325814	-0.0315010584104371	-0.0739348370927319	-0.0739348370927319	-0.0739348370927319	-0.0739348370927319	-0.232155388471178	-0.540852130325814	0.0315010584104371	-0.0739348370927319	0.0739348370927319	-0.0739348370927319	0.0739348370927319
0	0	0	0	0	0	-0	-0	-0	0	0	0	0	-0.240025062656642	0.538847117794486	-0.0323773091877564	-0.0764411027568923	-0.0764411027568923	-0.0764411027568923	-0.0764411027568923	-0.240025062656642	-0.538847117794486	0.0323773091877564	-0.0764411027568923	0.0764411027568923	-0.0764411027568923	0.0764411027568923
0	0	0	0	0	0	-0	-0	-0	0	0	0	0	-0.247894736842105	0.536842105263158	-0.0332409972299169	-0.0789473684210527	-0.0789473684210527	-0.0789473684210527	-0.0789473684210527	-0.247894736842105	-0.536842105263158	0.0332409972299169	-0.0789473684210527	0.0789473684210527	-0.0789473684210527	0.0789473684210527
0	0	0	0	0	0	-0	-0	-0	0	0	0	0	-0.255764411027569	0.53483709273183	-0.0340921225369187	-0.0814536340852131	-0.0814536340852131	-0.0814536340852131	-0.0814536340852131	-0.255764411027569	-0.53483709273183	0.0340921225369187	-0.0814536340852131	0.0814536340852131	-0.0814536340852131	0.0814536340852131
0	0	0	0	0	0	-0	-0	-0	0	0	0	0	-0.263634085213033	0.532832080200501	-0.0349306851087619	-0.0839598997493735	-0.0839598997493735	-0.0839598997493735	-0.0839598997493735	-0.263634085213033	-0.532832080200501	0.0349306851087619	-0.0839598997493735	0.0839598997493735	-0.0839598997493735	0.0839598997493735
0	0	0	0	0	0	-0	-0	-0	0	0	0	0	-0.271503759398496	0.530827067669173	-0.0357566849454463	-0.0864661654135339	-0.0864661654135339	-0.0864661654135339	-0.0864661654135339	-0.271503759398496	-0.530827067669173	0.0357566849454463	-0.0864661654135339	0.0864661654135339	-0.0864661654135339	0.0864661654135339
0	0	0	0	0	0	-0	-0	-0	0	0	0	0	-0.27937343358396	0.528822055137845	-0.0365701220469721	-0.0889724310776943	-0.0889724310776943	-0.0889724310776943	-0.0889724310776943	-0.27937343358396	-0.528822055137845	0.0365701220469721	-0.0889724310776943	0.0889724310776943	-0.0889724310776943	0.0889724310776943
0	0	0	0	0	0	-0	-0	-0	0	0	0	0	-0.287243107769424	0.526817042606516	-0.0373709964133391	-0.0914786967418547	-0.0914786967418547	-0.0914786967418547	-0.0914786967418547	-0.287243107769424	-0.526817042606516	0.0373709964133391	-0.0914786967418547	0.0914786967418547	-0.0914786967418547	0.0914786967418547
0	0	0	0	0	0	-0	-0	-0	0	0	0	0	-0.295112781954887	0.524812030075188	-0.0381593080445475	-0.0939849624060151	-0.0939849624060151	-0.0939849624060151	-0.0939849624060151	-0.295112781954887	-0.524812030075188	0.0381593080445475	-0.0939849624060151	0.0939849624060151	-0.0939849624060151	0.0939849624060151
0	0	0	0	0	0	-0	-0	-0	0	0	0	0	-0.302982456140351	0.522807017543859	-0.0389350569405971	-0.0964912280701755	-0.0964912280701755	-0.0964912280701755	-0.0964912280701755	-0.302982456140351	-0.522807017543859	0.0389350569405971	-0.0964912280701755	0.0964912280701755	-0.0964912280701755	0.0964912280701755
0	0	0	0	0	0	-0	-0	-0	0	0	0	0	-0.310852130325815	0.520802005012531	-0.0396982431014881	-0.0989974937343359	-0.0989974937343359	-0.0989974937343359	-0.0989974937343359	-0.310852130325815	-0.520802005012531	0.0396982431014881	-0.0989974937343359	0.0989974937343359	-0.0989974937343359	0.0989974937343359
0	0	0	0	0	0	-0	-0	-0	0	0	0	0	-0.318721804511278	0.518796992481203	-0.0404488665272203	-0.101503759398496	-0.101503759398496	-0.101503759398496	-0.101503759398496	-0.318721804511278	-0.518796992481203	0.0404488665272203	-0.101503759398496	0.101503759398496	-0.101503759398496	0.101503759398496
0	0	0	0	0	0	-0	-0	-0	0	0	0	0	-0.326591478696742	0.516791979949875	-0.0411869272177939	-0.104010025062657	-0.104010025062657	-0.104010025062657	-0.104010025062657	-0.326591478696742	-0.516791979949875	0.0411869272177939	-0.104010025062657	0.104010025062657	-0.104010025062657	0.104010025062657
0	0	0	0	0	0	-0	-0	-0	0	0	0	0	-0.334461152882206	0.514786967418546	-0.0419124251732087	-0.106516290726817	-0.106516290726817	-0.106516290726817	-0.106516290726817	-0.334461152882206	-0.514786967418546	0.0419124251732087	-0.106516290726817	0.106516290726817	-0.106516290726817	0.106516290726817
0	0	0	0	0	0	-0	-0	-0	0	0	0	0	-0.342330827067669	0.512781954887218	-0.0426253603934649	-0.109022556390977	-0.109022556390977	-0.109022556390977	-0.109022556390977	-0.342330827067669	-0.512781954887218	0.0426253603934649	-0.109022556390977	0.109022556390977	-0.109022556390977	0.109022556390977
0	0	0	0	0	0	-0	-0	-0	0	0	0	0	-0.350200501253133	0.51077694235589	-0.0433257328785623	-0.111528822055138	-0.111528822055138	-0.111528822055138	-0.111528822055138	-0.350200501253133	-0.51077694235589	0.0433257328785623	-0.111528822055138	0.111528822055138	-0.111528822055138	0.111528822055138
0	0	0	0	0	0	-0	-0	-0	0	0	0	0	-0.358070175438597	0.508771929824561	-0.0440135426285011	-0.114035087719298	-0.114035087719298	-0.114035087719298	-0.114035087719298	-0.358070175438597	-0.508771929824561	0.0440135426285011	-0.114035087719298	0.114035087719298	-0.114035087719298	0.114035087719298
0	0	0	0	0	0	-0	-0	-0	0	0	0	0	-0.36593984962406	0.506766917293233	-0.0446887896432811	-0.116541353383459	-0.116541353383459	-0.116541353383459	-0.116541353383459	-0.36593984962406	-0.506766917293233	0.0446887896432811	-0.116541353383459	0.116541353383459	-0.116541353383459	0.116541353383459
0	0	0	0	0	0	-0	-0	-0	0	0	0	0	-0.373809523809524	0.504761904761905	-0.0453514739229025	-0.119047619047619	-0.119047619047619	-0.119047619047619	-0.119047619047619	-0.373809523809524	-0.504761904761905	0.0453514739229025	-0.119047619047619	0.119047619047619	-0.119047619047619	0.119047619047619
0	0	0	0	0	0	-0	-0	-0	0	0	0	0	-0.381679197994988	0.502756892230576	-0.0460015954673652	-0.121553884711779	-0.121553884711779	-0.121553884711779	-0.121553884711779	-0.381679197994988	-0.502756892230576	0.0460015954673652	-0.121553884711779	0.121553884711779	-0.121553884711779	0.121553884711779
0	0	0	0	0	0	-0	-0	-0	0	0	0	0	-0.389548872180451	0.500751879699248	-0.0466391542766691	-0.12406015037594	-0.12406015037594	-0.12406015037594	-0.12406015037594	-0.389548872180451	-0.500751879699248	0.0466391542766691	-0.12406015037594	0.12406015037594	-0.12406015037594	0.12406015037594
0	0	0	0	0	0	-0	-0	-0	0	0	0	0	-0.397418546365915	0.49874686716792	-0.0472641503508144	-0.1265664160401	-0.1265664160401	-0.1265664160401	-0.1265664160401	-0.397418546365915	-0.49874686716792	0.0472641503508144	-0.1265664160401	0.1265664160401	-0.1265664160401	0.1265664160401
0	0	0	0	0	0	-0	-0	-0	0	0	0	0	-0.405288220551379	0.496741854636591	-0.0478765836898009	-0.129072681704261	-0.129072681704261	-0.129072681704261	-0.129072681704261	-0.405288220551379	-0.496741854636591	0.0478765836898009	-0.129072681704261	0.129072681704261	-0.129072681704261	0.129072681704261
0	0	0	0	0	0	-0	-0	-0	0	0	0	0	-0.413157894736842	0.494736842105263	-0.0484764542936288	-0.131578947368421	-0.131578947368421	-0.131578947368421	-0.131578947368421	-0.413157894736842	-0.494736842105263	0.0484764542936288	-0.131578947368421	0.131578947368421	-0.131578947368421	0.131578947368421
0	0	0	0	0	0	-0	-0	-0	0	0	0	0	-0.421027568922306	0.492731829573935	-0.049063762162298	-0.134085213032581	-0.134085213032581	-0.134085213032581	-0.134085213032581	-0.421027568922306	-0.492731829573935	0.049063762162298	-0.134085213032581	0.134085213032581	-0.134085213032581	0.134085213032581
0	0	0	0	0	0	-0	-0	-0	0	0	0	0	-0.42889724310777	0.490726817042606	-0.0496385072958084	-0.136591478696742	-0.136591478696742	-0.136591478696742	-0.136591478696742	-0.42889724310777	-0.490726817042606	0.0496385072958084	-0.136591478696742	0.136591478696742	-0.136591478696742	0.136591478696742
0	0	0	0	0	0	-0	-0	-0	0	0	0	0	-0.436766917293233	0.488721804511278	-0.0502006896941602	-0.139097744360902	-0.139097744360902	-0.139097744360902	-0.139097744360902	-0.436766917293233	-0.488721804511278	0.0502006896941602	-0.139097744360902	0.139097744360902	-0.139097744360902	0.139097744360902
0	0	0	0	0	0	-0	-0	-0	0	0	0	0	-0.444636591478697	0.48671679197995	-0.0507503093573533	-0.141604010025063	-0.141604010025063	-0.141604010025063	-0.141604010025063	-0.444636591478697	-0.48671679197995	0.0507503093573533	-0.141604010025063	0.141604010025063	-0.141604010025063	0.141604010025063
0	0	0	0	0	0	-0	-0	-0	0	0	0	0	-0.452506265664161	0.484711779448621	-0.0512873662853877	-0.144110275689223	-0.144110275689223	-0.144110275689223	-0.144110275689223	-0.452506265664161	-0.484711779448621	0.0512873662853877	-0.144110275689223	0.144110275689223	-0.144110275689223	0.144110275689223
0	0	0	0	0	0	-0	-0	-0	0	0	0	0	-0.460375939849624	0.482706766917293	-0.0518118604782633	-0.146616541353383	-0.146616541353383	-0.146616541353383	-0.146616541353383	-0.460375939849624	-0.482706766917293	0.0518118604782633	-0.146616541353383	0.146616541353383	-0.146616541353383	0.146616541353383
0	0	0	0	0	0	-0	-0	-0	0	0	0	0	-0.468245614035088	0.480701754385965	-0.0523237919359803	-0.149122807017544	-0.149122807017544	-0.149122807017544	-0.149122807017544	-0.468245614035088	-0.480701754385965	0.0523237919359803	-0.149122807017544	0.149122807017544	-0.149122807017544	0.149122807017544
0	0	0	0	0	0	-0	-0	-0	0	0	0	0	-0.476115288220551	0.478696741854637	-0.0528231606585386	-0.151629072681704	-0.151629072681704	-0.151629072681704	-0.151629072681704	-0.476115288220551	-0.478696741854637	0.0528231606585386	-0.151629072681704	0.151629072681704	-0.151629072681704	0.151629072681704
0	0	0	0	0	0	-0	-0	-0	0	0	0	0	-0.483984962406015	0.476691729323308	-0.0533099666459382	-0.154135338345865	-0.154135338345865	-0.154135338345865	-0.154135338345865	-0.483984962406015	-0.476691729323308	0.0533099666459382	-0.154135338345865	0.154135338345865	-0.154135338345865	0.154135338345865
0	0	0	0	0	0	-0	-0	-0	0	0	0	0	-0.491854636591479	0.47468671679198	-0.053784209898179	-0.156641604010025	-0.156641604010025	-0.156641604010025	-0.156641604010025	-0.491854636591479	-0.47468671679198	0.053784209898179	-0.156641604010025	0.156641604010025	-0.156641604010025	0.156641604010025
0	0	0	0	0	0	-0	-0	-0	0	0	0	0	-0.499724310776942	0.472681704260652	-0.0542458904152612	-0.159147869674185	-0.159147869674185	-0.159147869674185	-0.159147869674185	-0.499724310776942	-0.472681704260652	0.0542458904152612	-0.159147869674185	0.159147869674185	-0.159147869674185	0.159147869674185
0	0	0	0	0	0	-0	-0	-0	0	0	0	0	-0.507593984962406	0.470676691729323	-0.0546950081971847	-0.161654135338346	-0.161654135338346	-0.161654135338346	-0.161654135338346	-0.507593984962406	-0.470676691729323	0.0546950081971847	-0.161654135338346	0.161654135338346	-0.161654135338346	0.161654135338346
0	0	0	0	0	0	-0	-0	-0	0	0	0	0	-0.51546365914787	0.468671679197995	-0.0551315632439495	-0.164160401002506	-0.164160401002506	-0.164160401002506	-0.164160401002506	-0.51546365914787	-0.468671679197995	0.0551315632439495	-0.164160401002506	0.164160401002506	-0.164160401002506	0.164160401002506
0	0	0	0	0	0	-0	-0	-0	0	0	0	0	-0.523333333333333	0.466666666666667	-0.0555555555555556	-0.166666666666667	-0.166666666666667	-0.166666666666667	-0.166666666666667	-0.523333333333333	-0.466666666666667	0.0555555555555556	-0.166666666666667	0.166666666666667	-0.166666666666667	0.166666666666667
0	0	0	0	0	0	-0	-0	-0	0	0	0	0	-0.531203007518797	0.464661654135338	-0.0559669851320029	-0.169172932330827	-0.169172932330827	-0.169172932330827	-0.169172932330827	-0.531203007518797	-0.464661654135338	0.0559669851320029	-0.169172932330827	0.169172932330827	-0.169172932330827	0.169172932330827
0	0	0	0	0	0	-0	-0	-0	0	0	0	0	-0.539072681704261	0.46265664160401	-0.0563658519732916	-0.171679197994987	-0.171679197994987	-0.171679197994987	-0.171679197994987	-0.539072681704261	-0.46265664160401	0.0563658519732916	-0.171679197994987	0.171679197994987	-0.171679197994987	0.171679197994987
0	0	0	0	0	0	-0	-0	-0	0	0	0	0	-0.546942355889724	0.460651629072682	-0.0567521560794216	-0.174185463659148	-0.174185463659148	-0.174185463659148	-0.174185463659148	-0.546942355889724	-0.460651629072682	0.0567521560794216	-0.174185463659148	0.174185463659148	-0.174185463659148	0.174185463659148
0	0	0	0	0	0	-0	-0	-0	0	0	0	0	-0.554812030075188	0.458646616541353	-0.0571258974503929	-0.176691729323308	-0.176691729323308	-0.176691729323308	-0.176691729323308	-0.554812030075188	-0.458646616541353	0.0571258974503929	-0.176691729323308	0.176691729323308	-0.176691729323308	0.176691729323308
0	0	0	0	0	0	-0	-0	-0	0	0	0	0	-0.562681704260652	0.456641604010025	-0.0574870760862055	-0.179197994987469	-0.179197994987469	-0.179197994987469	-0.179197994987469	-0.562681704260652	-0.456641604010025	0.0574870760862055	-0.179197994987469	0.179197994987469	-0.179197994987469	0.179197994987469
0	0	0	0	0	0	-0	-0	-0	0	0	0	0	-0.570551378446115	0.454636591478697	-0.0578356919868594	-0.181704260651629	-0.181704260651629	-0.181704260651629	-0.181704260651629	-0.570551378446115	-0.454636591478697	0.0578356919868594	-0.181704260651629	0.181704260651629	-0.181704260651629	0.181704260651629
0	0	0	0	0	0	-0	-0	-0	0	0	0	0	-0.578421052631579	0.452631578947368	-0.0581717451523546	-0.184210526315789	-0.184210526315789	-0.184210526315789	-0.184210526315789	-0.578421052631579	-0.452631578947368	0.0581717451523546	-0.184210526315789	0.184210526315789	-0.184210526315789	0.184210526315789
0	0	0	0	0	0	-0	-0	-0	0	0	0	0	-0.586290726817043	0.45062656641604	-0.0584952355826911	-0.18671679197995	-0.18671679197995	-0.18671679197995	-0.18671679197995	-0.586290726817043	-0.45062656641604	0.0584952355826911	-0.18671679197995	0.18671679197995	-0.18671679197995	0.18671679197995
0	0	0	0	0	0	-0	-0	-0	0	0	0	0	-0.594160401002506	0.448621553884712	-0.0588061632778689	-0.18922305764411	-0.18922305764411	-0.18922305764411	-0.18922305764411	-0.594160401002506	-0.448621553884712	0.0588061632778689	-0.18922305764411	0.18922305764411	-0.18922305764411	0.18922305764411
0	0	0	0	0	0	-0	-0	-0	0	0	0	0	-0.60203007518797	0.446616541353383	-0.059104528237888	-0.191729323308271	-0.191729323308271	-0.191729323308271	-0.191729323308271	-0.60203007518797	-0.446616541353383	0.059104528237888	-0.191729323308271	0.191729323308271	-0.191729323308271	0.191729323308271
0	0	0	0	0	0	-0	-0	-0	0	0	0	0	-0.609899749373434	0.444611528822055	-0.0593903304627484	-0.194235588972431	-0.194235588972431	-0.194235588972431	-0.194235588972431	-0.609899749373434	-0.444611528822055	0.0593903304627484	-0.194235588972431	0.194235588972431	-0.194235588972431	0.194235588972431
0	0	0	0	0	0	-0	-0	-0	0	0	0	0	-0.617769423558897	0.442606516290727	-0.05966356995245	-0.196741854636591	-0.196741854636591	-0.196741854636591	-0.196741854636591	-0.617769423558897	-0.442606516290727	0.05966356995245	-0.196741854636591	0.196741854636591	-0.196741854636591	0.196741854636591
0	0	0	0	0	0	-0	-0	-0	0	0	0	0	-0.625639097744361	0.440601503759398	-0.059924246706993	-0.199248120300752	-0.199248120300752	-0.199248120300752	-0.199248120300752	-0.625639097744361	-0.440601503759398	0.059924246706993	-0.199248120300752	0.199248120300752	-0.199248120300752	0.199248120300752
0	0	0	0	0	0	-0	-0	-0	0	0	0	0	-0.633508771929825	0.43859649122807	-0.0601723607263773	-0.201754385964912	-0.201754385964912	-0.201754385964912	-0.201754385964912	-0.633508771929825	-0.43859649122807	0.0601723607263773	-0.201754385964912	0.201754385964912	-0.201754385964912	0.201754385964912
0	0	0	0	0	0	-0	-0	-0	0	0	0	0	-0.641378446115288	0.436591478696742	-0.060407912010603	-0.204260651629073	-0.204260651629073	-0.204260651629073	-0.204260651629073	-0.641378446115288	-0.436591478696742	0.060407912010603	-0.204260651629073	0.204260651629073	-0.204260651629073	0.204260651629073
0	0	0	0	0	0	-0	-0	-0	0	0	0	0	-0.649248120300752	0.434586466165414	-0.0606309005596699	-0.206766917293233	-0.206766917293233	-0.206766917293233	-0.206766917293233	-0.649248120300752	-0.434586466165414	0.0606309005596699	-0.206766917293233	0.206766917293233	-0.206766917293233	0.206766917293233
0	0	0	0	0	0	-0	-0	-0	0	0	0	0	-0.657117794486216	0.432581453634085	-0.0608413263735781	-0.209273182957393	-0.209273182957393	-0.209273182957393	-0.209273182957393	-0.657117794486216	-0.432581453634085	0.0608413263735781	-0.209273182957393	0.209273182957393	-0.209273182957393	0.209273182957393
0	0	0	0	0	0	-0	-0	-0	0	0	0	0	-0.664987468671679	0.430576441102757	-0.0610391894523276	-0.211779448621554	-0.211779448621554	-0.211779448621554	-0.211779448621554	-0.664987468671679	-0.430576441102757	0.0610391894523276	-0.211779448621554	0.211779448621554	-0.211779448621554	0.211779448621554
0	0	0	0	0	0	-0	-0	-0	0	0	0	0	-0.672857142857143	0.428571428571428	-0.0612244897959184	-0.214285714285714	-0.214285714285714	-0.214285714285714	-0.214285714285714	-0.672857142857143	-0.428571428571428	0.0612244897959184	-0.214285714285714	0.214285714285714	-0.214285714285714	0.214285714285714
0	0	0	0	0	0	-0	-0	-0	0	0	0	0	-0.680726817042607	0.4265664160401	-0.0613972274043505	-0.216791979949875	-0.216791979949875	-0.216791979949875	-0.216791979949875	-0.680726817042607	-0.4265664160401	0.0613972274043505	-0.216791979949875	0.216791979949875	-0.216791979949875	0.216791979949875
0	0	0	0	0	0	-0	-0	-0	0	0	0	0	-0.68859649122807	0.424561403508772	-0.0615574022776239	-0.219298245614035	-0.219298245614035	-0.219298245614035	-0.219298245614035	-0.68859649122807	-0.424561403508772	0.0615574022776239	-0.219298245614035	0.219298245614035	-0.219298245614035	0.219298245614035
0	0	0	0	0	0	-0	-0	-0	0	0	0	0	-0.696466165413534	0.422556390977444	-0.0617050144157386	-0.221804511278196	-0.221804511278196	-0.221804511278196	-0.221804511278196	-0.696466165413534	-0.422556390977444	0.0617050144157386	-0.221804511278196	0.221804511278196	-0.221804511278196	0.221804511278196
0	0	0	0	0	0	-0	-0	-0	0	0	0	0	-0.704335839598998	0.420551378446115	-0.0618400638186946	-0.224310776942356	-0.224310776942356	-0.224310776942356	-0.224310776942356	-0.704335839598998	-0.420551378446115	0.0618400638186946	-0.224310776942356	0.224310776942356	-0.224310776942356	0.224310776942356
0	0	0	0	0	0	-0	-0	-0	0	0	0	0	-0.712205513784461	0.418546365914787	-0.0619625504864919	-0.226817042606516	-0.226817042606516	-0.226817042606516	-0.226817042606516	-0.712205513784461	-0.418546365914787	0.0619625504864919	-0.226817042606516	0.226817042606516	-0.226817042606516	0.226817042606516
0	0	0	0	0	0	-0	-0	-0	0	0	0	0	-0.720075187969925	0.416541353383459	-0.0620724744191305	-0.229323308270677	-0.229323308270677	-0.229323308270677	-0.229323308270677	-0.720075187969925	-0.416541353383459	0.0620724744191305	-0.229323308270677	0.229323308270677	-0.229323308270677	0.229323308270677
0	0	0	0	0	0	-0	-0	-0	0	0	0	0	-0.727944862155389	0.41453634085213	-0.0621698356166104	-0.231829573934837	-0.231829573934837	-0.231829573934837	-0.231829573934837	-0.727944862155389	-0.41453634085213	0.0621698356166104	-0.231829573934837	0.231829573934837	-0.231829573934837	0.231829573934837
0	0	0	0	0	0	-0	-0	-0	0	0	0	0	-0.735814536340852	0.412531328320802	-0.0622546340789317	-0.234335839598998	-0.234335839598998	-0.234335839598998	-0.234335839598998	-0.735814536340852	-0.412531328320802	0.0622546340789317	-0.234335839598998	0.234335839598998	-0.234335839598998	0.234335839598998
0	0	0	0	0	0	-0	-0	-0	0	0	0	0	-0.743684210526316	0.410526315789474	-0.0623268698060942	-0.236842105263158	-0.236842105263158	-0.236842105263158	-0.236842105263158	-0.743684210526316	-0.410526315789474	0.0623268698060942	-0.236842105263158	0.236842105263158	-0.236842105263158	0.236842105263158
0	0	0	0	0	0	-0	-0	-0	0	0	0	0	-0.75155388471178	0.408521303258145	-0.062386542798098	-0.239348370927318	-0.239348370927318	-0.239348370927318	-0.239348370927318	-0.75155388471178	-0.408521303258145	0.062386542798098	-0.239348370927318	0.239348370927318	-0.239348370927318	0.239348370927318
0	0	0	0	0	0	-0	-0	-0	0	0	0	0	-0.759423558897243	0.406516290726817	-0.0624336530549431	-0.241854636591479	-0.241854636591479	-0.241854636591479	-0.241854636591479	-0.759423558897243	-0.406516290726817	0.0624336530549431	-0.241854636591479	0.241854636591479	-0.241854636591479	0.241854636591479
0	0	0	0	0	0	-0	-0	-0	0	0	0	0	-0.767293233082707	0.404511278195489	-0.0624682005766295	-0.244360902255639	-0.244360902255639	-0.244360902255639	-0.244360902255639	-0.767293233082707	-0.404511278195489	0.0624682005766295	-0.244360902255639	0.244360902255639	-0.244360902255639	0.244360902255639
0	0	0	0	0	0	-0	-0	-0	0	0	0	0	-0.77516290726817	0.40250626566416	-0.0624901853631573	-0.2468671679198	-0.2468671679198	-0.2468671679198	-0.2468671679198	-0.77516290726817	-0.40250626566416	0.0624901853631573	-0.2468671679198	0.2468671679198	-0.2468671679198	0.2468671679198
0	0	0	0	0	0	-0	-0	-0	0	0	0	0	-0.783032581453634	0.400501253132832	-0.0624996074145263	-0.24937343358396	-0.24937343358396	-0.24937343358396	-0.24937343358396	-0.783032581453634	-0.400501253132832	0.0624996074145263	-0.24937343358396	0.24937343358396	-0.24937343358396	0.24937343358396
0	0	0	0	0	0	-0	-0	-0	0	0	0	0	-0.790902255639098	0.398496240601504	-0.0624964667307366	-0.25187969924812	-0.25187969924812	-0.25187969924812	-0.25187969924812	-0.790902255639098	-0.398496240601504	0.0624964667307366	-0.25187969924812	0.25187969924812	-0.25187969924812	0.25187969924812
0	0	0	0	0	0	-0	-0	-0	0	0	0	0	-0.798771929824561	0.396491228070175	-0.0624807633117882	-0.254385964912281	-0.254385964912281	-0.254385964912281	-0.254385964912281	-0.798771929824561	-0.396491228070175	0.0624807633117882	-0.254385964912281	0.254385964912281	-0.254385964912281	0.254385964912281
0	0	0	0	0	0	-0	-0	-0	0	0	0	0	-0.806641604010025	0.394486215538847	-0.0624524971576812	-0.256892230576441	-0.256892230576441	-0.256892230576441	-0.256892230576441	-0.806641604010025	-0.394486215538847	0.0624524971576812	-0.256892230576441	0.256892230576441	-0.256892230576441	0.256892230576441
0	0	0	0	0	0	-0	-0	-0	0	0	0	0	-0.814511278195489	0.392481203007519	-0.0624116682684154	-0.259398496240602	-0.259398496240602	-0.259398496240602	-0.259398496240602	-0.814511278195489	-0.392481203007519	0.0624116682684154	-0.259398496240602	0.259398496240602	-0.259398496240602	0.259398496240602
0	0	0	0	0	0	-0	-0	-0	0	0	0	0	-0.822380952380952	0.39047619047619	-0.0623582766439909	-0.261904761904762	-0.261904761904762	-0.261904761904762	-0.261904761904762	-0.822380952380952	-0.39047619047619	0.0623582766439909	-0.261904761904762	0.261904761904762	-0.261904761904762	0.261904761904762
0	0	0	0	0	0	-0	-0	-0	0	0	0	0	-0.830250626566416	0.388471177944862	-0.0622923222844078	-0.264411027568922	-0.264411027568922	-0.264411027568922	-0.264411027568922	-0.830250626566416	-0.388471177944862	0.0622923222844078	-0.264411027568922	0.264411027568922	-0.264411027568922	0.264411027568922
0	0	0	0	0	0	-0	-0	-0	0	0	0	0	-0.83812030075188	0.386466165413534	-0.0622138051896659	-0.266917293233083	-0.266917293233083	-0.266917293233083	-0.266917293233083	-0.83812030075188	-0.386466165413534	0.0622138051896659	-0.266917293233083	0.266917293233083	-0.266917293233083	0.266917293233083
0	0	0	0	0	0	-0	-0	-0	0	0	0	0	-0.845989974937343	0.384461152882206	-0.0621227253597653	-0.269423558897243	-0.269423558897243	-0.269423558897243	-0.269423558897243	-0.845989974937343	-0.384461152882206	0.0621227253597653	-0.269423558897243	0.269423558897243	-0.269423558897243	0.269423558897243
0	0	0	0	0	0	-0	-0	-0	0	0	0	0	-0.853859649122807	0.382456140350877	-0.0620190827947061	-0.271929824561404	-0.271929824561404	-0.271929824561404	-0.271929824561404	-0.853859649122807	-0.382456140350877	0.0620190827947061	-0.271929824561404	0.271929824561404	-0.271929824561404	0.271929824561404
0	0	0	0	0	0	-0	-0	-0	0	0	0	0	-0.861729323308271	0.380451127819549	-0.0619028774944881	-0.274436090225564	-0.274436090225564	-0.274436090225564	-0.274436090225564	-0.861729323308271	-0.380451127819549	0.0619028774944881	-0.274436090225564	0.274436090225564	-0.274436090225564	0.274436090225564
0	0	0	0	0	0	-0	-0	-0	0	0	0	0	-0.869598997493734	0.37844611528822	-0.0617741094591114	-0.276942355889724	-0.276942355889724	-0.276942355889724	-0.276942355889724	-0.869598997493734	-0.37844611528822	0.0617741094591114	-0.276942355889724	0.276942355889724	-0.276942355889724	0.276942355889724
0	0	0	0	0	0	-0	-0	-0	0	0	0	0	-0.877468671679198	0.376441102756892	-0.0616327786885761	-0.279448621553885	-0.279448621553885	-0.279448621553885	-0.279448621553885	-0.877468671679198	-0.376441102756892	0.0616327786885761	-0.279448621553885	0.279448621553885	-0.279448621553885	0.279448621553885
0	0	0	0	0	0	-0	-0	-0	0	0	0	0	-0.885338345864662	0.374436090225564	-0.061478885182882	-0.281954887218045	-0.281954887218045	-0.281954887218045	-0.281954887218045	-0.885338345864662	-0.374436090225564	0.061478885182882	-0.281954887218045	0.281954887218045	-0.281954887218045	0.281954887218045
0	0	0	0	0	0	-0	-0	-0	0	0	0	0	-0.893208020050125	0.372431077694236	-0.0613124289420293	-0.284461152882206	-0.284461152882206	-0.284461152882206	-0.284461152882206	-0.893208020050125	-0.372431077694236	0.0613124289420293	-0.284461152882206	0.284461152882206	-0.284461152882206	0.284461152882206
0	0	0	0	0	0	-0	-0	-0	0	0	0	0	-0.901077694235589	0.370426065162907	-0.0611334099660178	-0.286967418546366	-0.286967418546366	-0.286967418546366	-0.286967418546366	-0.901077694235589	-0.370426065162907	0.0611334099660178	-0.286967418546366	0.286967418546366	-0.286967418546366	0.286967418546366
0	0	0	0	0	0	-0	-0	-0	0	0	0	0	-0.908947368421053	0.368421052631579	-0.0609418282548476	-0.289473684210526	-0.289473684210526	-0.289473684210526	-0.289473684210526	-0.908947368421053	-0.368421052631579	0.0609418282548476	-0.289473684210526	0.289473684210526	-0.289473684210526	0.289473684210526
0	0	0	0	0	0	-0	-0	-0	0	0	0	0	-0.916817042606516	0.366416040100251	-0.0607376838085188	-0.291979949874687	-0.291979949874687	-0.291979949874687	-0.291979949874687	-0.916817042606516	-0.366416040100251	0.0607376838085188	-0.291979949874687	0.291979949874687	-0.291979949874687	0.291979949874687
0	0	0	0	0	0	-0	-0	-0	0	0	0	0	-0.92468671679198	0.364411027568922	-0.0605209766270312	-0.294486215538847	-0.294486215538847	-0.294486215538847	-0.294486215538847	-0.92468671679198	-0.364411027568922	0.0605209766270312	-0.294486215538847	0.294486215538847	-0.294486215538847	0.294486215538847
0	0	0	0	0	0	-0	-0	-0	0	0	0	0	-0.932556390977444	0.362406015037594	-0.060291706710385	-0.296992481203008	-0.296992481203008	-0.296992481203008	-0.296992481203008	-0.932556390977444	-0.362406015037594	0.060291706710385	-0.296992481203008	0.296992481203008	-0.296992481203008	0.296992481203008
0	0	0	0	0	0	-0	-0	-0	0	0	0	0	-0.940426065162907	0.360401002506266	-0.06004987405858	-0.299498746867168	-0.299498746867168	-0.299498746867168	-0.299498746867168	-0.940426065162907	-0.360401002506266	0.06004987405858	-0.299498746867168	0.299498746867168	-0.299498746867168	0.299498746867168
0	0	0	0	0	0	-0	-0	-0	0	0	0	0	-0.948295739348371	0.358395989974937	-0.0597954786716164	-0.302005012531328	-0.302005012531328	-0.302005012531328	-0.302005012531328	-0.948295739348371	-0.358395989974937	0.0597954786716164	-0.302005012531328	0.302005012531328	-0.302005012531328	0.302005012531328
0	0	0	0	0	0	-0	-0	-0	0	0	0	0	-0.956165413533835	0.356390977443609	-0.059528520549494	-0.304511278195489	-0.304511278195489	-0.304511278195489	-0.304511278195489	-0.956165413533835	-0.356390977443609	0.059528520549494	-0.304511278195489	0.304511278195489	-0.304511278195489	0.304511278195489
0	0	0	0	0	0	-0	-0	-0	0	0	0	0	-0.964035087719298	0.354385964912281	-0.059248999692213	-0.307017543859649	-0.307017543859649	-0.307017543859649	-0.307017543859649	-0.964035087719298	-0.354385964912281	0.059248999692213	-0.307017543859649	0.307017543859649	-0.307017543859649	0.307017543859649
0	0	0	0	0	0	-0	-0	-0	0	0	0	0	-0.971904761904762	0.352380952380952	-0.0589569160997732	-0.30952380952381	-0.30952380952381	-0.30952380952381	-0.30952380952381	-0.971904761904762	-0.352380952380952	0.0589569160997732	-0.30952380952381	0.30952380952381	-0.30952380952381	0.30952380952381
0	0	0	0	0	0	-0	-0	-0	0	0	0	0	-0.979774436090226	0.350375939849624	-0.0586522697721748	-0.31203007518797	-0.31203007518797	-0.31203007518797	-0.31203007518797	-0.979774436090226	-0.350375939849624	0.0586522697721748	-0.31203007518797	0.31203007518797	-0.31203007518797	0.31203007518797
0	0	0	0	0	0	-0	-0	-0	0	0	0	0	-0.987644110275689	0.348370927318296	-0.0583350607094177	-0.31453634085213	-0.31453634085213	-0.31453634085213	-0.31453634085213	-0.987644110275689	-0.348370927318296	0.0583350607094177	-0.31453634085213	0.31453634085213	-0.31453634085213	0.31453634085213
0	0	0	0	0	0	-0	-0	-0	0	0	0	0	-0.995513784461153	0.346365914786967	-0.0580052889115018	-0.317042606516291	-0.317042606516291	-0.317042606516291	-0.317042606516291	-0.995513784461153	-0.346365914786967	0.0580052889115018	-0.317042606516291	0.317042606516291	-0.317042606516291	0.317042606516291
0	0	0	0	0	0	-0	-0	-0	0	0	0	0	-1.00338345864662	0.344360902255639	-0.0576629543784273	-0.319548872180451	-0.319548872180451	-0.319548872180451	-0.319548872180451	-1.00338345864662	-0.344360902255639	0.0576629543784273	-0.319548872180451	0.319548872180451	-0.319548872180451	0.319548872180451
0	0	0	0	0	0	-0	-0	-0	0	0	0	0	-1.01125313283208	0.342355889724311	-0.057308057110194	-0.322055137844612	-0.322055137844612	-0.322055137844612	-0.322055137844612	-1.01125313283208	-0.342355889724311	0.057308057110194	-0.322055137844612	0.322055137844612	-0.322055137844612	0.322055137844612
0	0	0	0	0	0	-0	-0	-0	0	0	0	0	-1.01912280701754	0.340350877192982	-0.0569405971068021	-0.324561403508772	-0.324561403508772	-0.324561403508772	-0.324561403508772	-1.01912280701754	-0.340350877192982	0.0569405971068021	-0.324561403508772	0.324561403508772	-0.324561403508772	0.324561403508772
0	0	0	0	0	0	-0	-0	-0	0	0	0	0	-1.02699248120301	0.338345864661654	-0.0565605743682515	-0.327067669172932	-0.327067669172932	-0.327067669172932	-0.327067669172932	-1.02699248120301	-0.338345864661654	0.0565605743682515	-0.327067669172932	0.327067669172932	-0.327067669172932	0.327067669172932
0	0	0	0	0	0	-0	-0	-0	0	0	0	0	-1.03486215538847	0.336340852130326	-0.0561679888945421	-0.329573934837093	-0.329573934837093	-0.329573934837093	-0.329573934837093	-1.03486215538847	-0.336340852130326	0.0561679888945421	-0.329573934837093	0.329573934837093	-0.329573934837093	0.329573934837093
0	0	0	0	0	0	-0	-0	-0	0	0	0	0	-1.04273182957393	0.334335839598997	-0.0557628406856741	-0.332080200501253	-0.332080200501253	-0.332080200501253	-0.332080200501253	-1.04273182957393	-0.334335839598997	0.0557628406856741	-0.332080200501253	0.332080200501253	-0.332080200501253	0.332080200501253
0	0	0	0	0	0	-0	-0	-0	0	0	0	0	-1.0506015037594	0.332330827067669	-0.0553451297416473	-0.334586466165414	-0.334586466165414	-0.334586466165414	-0.334586466165414	-1.0506015037594	-0.332330827067669	0.0553451297416473	-0.334586466165414	0.334586466165414	-0.334586466165414	0.334586466165414
0	0	0	0	0	0	-0	-0	-0	0	0	0	0	-1.05847117794486	0.330325814536341	-0.0549148560624619	-0.337092731829574	-0.337092731829574	-0.337092731829574	-0.337092731829574	-1.05847117794486	-0.330325814536341	0.0549148560624619	-0.337092731829574	0.337092731829574	-0.337092731829574	0.337092731829574
0	0	0	0	0	0	-0	-0	-0	0	0	0	0	-1.06634085213033	0.328320802005013	-0.0544720196481178	-0.339598997493734	-0.339598997493734	-0.339598997493734	-0.339598997493734	-1.06634085213033	-0.328320802005013	0.0544720196481178	-0.339598997493734	0.339598997493734	-0.339598997493734	0.339598997493734
0	0	0	0	0	0	-0	-0	-0	0	0	0	0	-1.07421052631579	0.326315789473684	-0.054016620498615	-0.342105263157895	-0.342105263157895	-0.342105263157895	-0.342105263157895	-1.07421052631579	-0.326315789473684	0.054016620498615	-0.342105263157895	0.342105263157895	-0.342105263157895	0.342105263157895
0	0	0	0	0	0	-0	-0	-0	0	0	0	0	-1.08208020050125	0.324310776942356	-0.0535486586139534	-0.344611528822055	-0.344611528822055	-0.344611528822055	-0.344611528822055	-1.08208020050125	-0.324310776942356	0.0535486586139534	-0.344611528822055	0.344611528822055	-0.344611528822055	0.344611528822055
0	0	0	0	0	0	-0	-0	-0	0	0	0	0	-1.08994987468672	0.322305764411028	-0.0530681339941332	-0.347117794486216	-0.347117794486216	-0.347117794486216	-0.347117794486216	-1.08994987468672	-0.322305764411028	0.0530681339941332	-0.347117794486216	0.347117794486216	-0.347117794486216	0.347117794486216
0	0	0	0	0	0	-0	-0	-0	0	0	0	0	-1.09781954887218	0.320300751879699	-0.0525750466391543	-0.349624060150376	-0.349624060150376	-0.349624060150376	-0.349624060150376	-1.09781954887218	-0.320300751879699	0.0525750466391543	-0.349624060150376	0.349624060150376	-0.349624060150376	0.349624060150376
0	0	0	0	0	0	-0	-0	-0	0	0	0	0	-1.10568922305764	0.318295739348371	-0.0520693965490166	-0.352130325814536	-0.352130325814536	-0.352130325814536	-0.352130325814536	-1.10568922305764	-0.318295739348371	0.0520693965490166	-0.352130325814536	0.352130325814536	-0.352130325814536	0.352130325814536
0	0	0	0	0	0	-0	-0	-0	0	0	0	0	-1.11355889724311	0.316290726817043	-0.0515511837237203	-0.354636591478697	-0.354636591478697	-0.354636591478697	-0.354636591478697	-1.11355889724311	-0.316290726817043	0.0515511837237203	-0.354636591478697	0.354636591478697	-0.354636591478697	0.354636591478697
0	0	0	0	0	0	-0	-0	-0	0	0	0	0	-1.12142857142857	0.314285714285714	-0.0510204081632653	-0.357142857142857	-0.357142857142857	-0.357142857142857	-0.357142857142857	-1.12142857142857	-0.314285714285714	0.0510204081632653	-0.357142857142857	0.357142857142857	-0.357142857142857	0.357142857142857
0	0	0	0	0	0	-0	-0	-0	0	0	0	0	-1.12929824561404	0.312280701754386	-0.0504770698676516	-0.359649122807018	-0.359649122807018	-0.359649122807018	-0.359649122807018	-1.12929824561404	-0.312280701754386	0.0504770698676516	-0.359649122807018	0.359649122807018	-0.359649122807018	0.359649122807018
0	0	0	0	0	0	-0	-0	-0	0	0	0	0	-1.1371679197995	0.310275689223058	-0.0499211688368792	-0.362155388471178	-0.362155388471178	-0.362155388471178	-0.362155388471178	-1.1371679197995	-0.310275689223058	0.0499211688368792	-0.362155388471178	0.362155388471178	-0.362155388471178	0.362155388471178
0	0	0	0	0	0	-0	-0	-0	0	0	0	0	-1.14503759398496	0.308270676691729	-0.049352705070948	-0.364661654135338	-0.364661654135338	-0.364661654135338	-0.364661654135338	-1.14503759398496	-0.308270676691729	0.049352705070948	-0.364661654135338	0.364661654135338	-0.364661654135338	0.364661654135338
0	0	0	0	0	0	-0	-0	-0	0	0	0	0	-1.15290726817043	0.306265664160401	-0.0487716785698582	-0.367167919799499	-0.367167919799499	-0.367167919799499	-0.367167919799499	-1.15290726817043	-0.306265664160401	0.0487716785698582	-0.367167919799499	0.367167919799499	-0.367167919799499	0.367167919799499
0	0	0	0	0	0	-0	-0	-0	0	0	0	0	-1.16077694235589	0.304260651629073	-0.0481780893336097	-0.369674185463659	-0.369674185463659	-0.369674185463659	-0.369674185463659	-1.16077694235589	-0.304260651629073	0.0481780893336097	-0.369674185463659	0.369674185463659	-0.369674185463659	0.369674185463659
0	0	0	0	0	0	-0	-0	-0	0	0	0	0	-1.16864661654135	0.302255639097744	-0.0475719373622025	-0.37218045112782	-0.37218045112782	-0.37218045112782	-0.37218045112782	-1.16864661654135	-0.302255639097744	0.0475719373622025	-0.37218045112782	0.37218045112782	-0.37218045112782	0.37218045112782
0	0	0	0	0	0	-0	-0	-0	0	0	0	0	-1.17651629072682	0.300250626566416	-0.0469532226556366	-0.37468671679198	-0.37468671679198	-0.37468671679198	-0.37468671679198	-1.17651629072682	-0.300250626566416	0.0469532226556366	-0.37468671679198	0.37468671679198	-0.37468671679198	0.37468671679198
0	0	0	0	0	0	-0	-0	-0	0	0	0	0	-1.18438596491228	0.298245614035088	-0.046321945213912	-0.37719298245614	-0.37719298245614	-0.37719298245614	-0.37719298245614	-1.18438596491228	-0.298245614035088	0.046321945213912	-0.37719298245614	0.37719298245614	-0.37719298245614	0.37719298245614
0	0	0	0	0	0	-0	-0	-0	0	0	0	0	-1.19225563909774	0.296240601503759	-0.0456781050370287	-0.379699248120301	-0.379699248120301	-0.379699248120301	-0.379699248120301	-1.19225563909774	-0.296240601503759	0.0456781050370287	-0.379699248120301	0.379699248120301	-0.379699248120301	0.379699248120301
0	0	0	0	0	0	-0	-0	-0	0	0	0	0	-1.20012531328321	0.294235588972431	-0.0450217021249866	-0.382205513784461	-0.382205513784461	-0.382205513784461	-0.382205513784461	-1.20012531328321	-0.294235588972431	0.0450217021249866	-0.382205513784461	0.382205513784461	-0.382205513784461	0.382205513784461
0	0	0	0	0	0	-0	-0	-0	0	0	0	0	-1.20799498746867	0.292230576441103	-0.0443527364777859	-0.384711779448622	-0.384711779448622	-0.384711779448622	-0.384711779448622	-1.20799498746867	-0.292230576441103	0.0443527364777859	-0.384711779448622	0.384711779448622	-0.384711779448622	0.384711779448622
0	0	0	0	0	0	-0	-0	-0	0	0	0	0	-1.21586466165414	0.290225563909774	-0.0436712080954265	-0.387218045112782	-0.387218045112782	-0.387218045112782	-0.387218045112782	-1.21586466165414	-0.290225563909774	0.0436712080954265	-0.387218045112782	0.387218045112782	-0.387218045112782	0.387218045112782
0	0	0	0	0	0	-0	-0	-0	0	0	0	0	-1.2237343358396	0.288220551378446	-0.0429771169779084	-0.389724310776942	-0.389724310776942	-0.389724310776942	-0.389724310776942	-1.2237343358396	-0.288220551378446	0.0429771169779084	-0.389724310776942	0.389724310776942	-0.389724310776942	0.389724310776942
0	0	0	0	0	0	-0	-0	-0	0	0	0	0	-1.23160401002506	0.286215538847118	-0.0422704631252316	-0.392230576441103	-0.392230576441103	-0.392230576441103	-0.392230576441103	-1.23160401002506	-0.286215538847118	0.0422704631252316	-0.392230576441103	0.392230576441103	-0.392230576441103	0.392230576441103
0	0	0	0	0	0	-0	-0	-0	0	0	0	0	-1.23947368421053	0.284210526315789	-0.0415512465373961	-0.394736842105263	-0.394736842105263	-0.394736842105263	-0.394736842105263	-1.23947368421053	-0.284210526315789	0.0415512465373961	-0.394736842105263	0.394736842105263	-0.394736842105263	0.394736842105263
0	0	0	0	0	0	-0	-0	-0	0	0	0	0	-1.24734335839599	0.282205513784461	-0.0408194672144019	-0.397243107769424	-0.397243107769424	-0.397243107769424	-0.397243107769424	-1.24734335839599	-0.282205513784461	0.0408194672144019	-0.397243107769424	0.397243107769424	-0.397243107769424	0.397243107769424
0	0	0	0	0	0	-0	-0	-0	0	0	0	0	-1.25521303258145	0.280200501253133	-0.040075125156249	-0.399749373433584	-0.399749373433584	-0.399749373433584	-0.399749373433584	-1.25521303258145	-0.280200501253133	0.040075125156249	-0.399749373433584	0.399749373433584	-0.399749373433584	0.399749373433584
0	0	0	0	0	0	-0	-0	-0	0	0	0	0	-1.26308270676692	0.278195488721804	-0.0393182203629374	-0.402255639097744	-0.402255639097744	-0.402255639097744	-0.402255639097744	-1.26308270676692	-0.278195488721804	0.0393182203629374	-0.402255639097744	0.402255639097744	-0.402255639097744	0.402255639097744
0	0	0	0	0	0	-0	-0	-0	0	0	0	0	-1.27095238095238	0.276190476190476	-0.0385487528344671	-0.404761904761905	-0.404761904761905	-0.404761904761905	-0.404761904761905	-1.27095238095238	-0.276190476190476	0.0385487528344671	-0.404761904761905	0.404761904761905	-0.404761904761905	0.404761904761905
0	0	0	0	0	0	-0	-0	-0	0	0	0	0	-1.27882205513784	0.274185463659148	-0.0377667225708381	-0.407268170426065	-0.407268170426065	-0.407268170426065	-0.407268170426065	-1.27882205513784	-0.274185463659148	0.0377667225708381	-0.407268170426065	0.407268170426065	-0.407268170426065	0.407268170426065
0	0	0	0	0	0	-0	-0	-0	0	0	0	0	-1.28669172932331	0.27218045112782	-0.0369721295720504	-0.409774436090226	-0.409774436090226	-0.409774436090226	-0.409774436090226	-1.28669172932331	-0.27218045112782	0.0369721295720504	-0.409774436090226	0.409774436090226	-0.409774436090226	0.409774436090226
0	0	0	0	0	0	-0	-0	-0	0	0	0	0	-1.29456140350877	0.270175438596491	-0.036164973838104	-0.412280701754386	-0.412280701754386	-0.412280701754386	-0.412280701754386	-1.29456140350877	-0.270175438596491	0.036164973838104	-0.412280701754386	0.412280701754386	-0.412280701754386	0.412280701754386
0	0	0	0	0	0	-0	-0	-0	0	0	0	0	-1.30243107769424	0.268170426065163	-0.0353452553689989	-0.414786967418546	-0.414786967418546	-0.414786967418546	-0.414786967418546	-1.30243107769424	-0.268170426065163	0.0353452553689989	-0.414786967418546	0.414786967418546	-0.414786967418546	0.414786967418546
0	0	0	0	0	0	-0	-0	-0	0	0	0	0	-1.3103007518797	0.266165413533835	-0.0345129741647351	-0.417293233082707	-0.417293233082707	-0.417293233082707	-0.417293233082707	-1.3103007518797	-0.266165413533835	0.0345129741647351	-0.417293233082707	0.417293233082707	-0.417293233082707	0.417293233082707
0	0	0	0	0	0	-0	-0	-0	0	0	0	0	-1.31817042606516	0.264160401002506	-0.0336681302253127	-0.419799498746867	-0.419799498746867	-0.419799498746867	-0.419799498746867	-1.31817042606516	-0.264160401002506	0.0336681302253127	-0.419799498746867	0.419799498746867	-0.419799498746867	0.419799498746867
0	0	0	0	0	0	-0	-0	-0	0	0	0	0	-1.32604010025063	0.262155388471178	-0.0328107235507315	-0.422305764411028	-0.422305764411028	-0.422305764411028	-0.422305764411028	-1.32604010025063	-0.262155388471178	0.0328107235507315	-0.422305764411028	0.422305764411028	-0.422305764411028	0.422305764411028
0	0	0	0	0	0	-0	-0	-0	0	0	0	0	-1.33390977443609	0.26015037593985	-0.0319407541409916	-0.424812030075188	-0.424812030075188	-0.424812030075188	-0.424812030075188	-1.33390977443609	-0.26015037593985	0.0319407541409916	-0.424812030075188	0.424812030075188	-0.424812030075188	0.424812030075188
0	0	0	0	0	0	-0	-0	-0	0	0	0	0	-1.34177944862155	0.258145363408521	-0.031058221996093	-0.427318295739348	-0.427318295739348	-0.427318295739348	-0.427318295739348	-1.34177944862155	-0.258145363408521	0.031058221996093	-0.427318295739348	0.427318295739348	-0.427318295739348	0.427318295739348
0	0	0	0	0	0	-0	-0	-0	0	0	0	0	-1.34964912280702	0.256140350877193	-0.0301631271160357	-0.429824561403509	-0.429824561403509	-0.429824561403509	-0.429824561403509	-1.34964912280702	-0.256140350877193	0.0301631271160357	-0.429824561403509	0.429824561403509	-0.429824561403509	0.429824561403509
0	0	0	0	0	0	-0	-0	-0	0	0	0	0	-1.35751879699248	0.254135338345865	-0.0292554695008197	-0.432330827067669	-0.432330827067669	-0.432330827067669	-0.432330827067669	-1.35751879699248	-0.254135338345865	0.0292554695008197	-0.432330827067669	0.432330827067669	-0.432330827067669	0.432330827067669
0	0	0	0	0	0	-0	-0	-0	0	0	0	0	-1.36538847117794	0.252130325814536	-0.028335249150445	-0.43483709273183	-0.43483709273183	-0.43483709273183	-0.43483709273183	-1.36538847117794	-0.252130325814536	0.028335249150445	-0.43483709273183	0.43483709273183	-0.43483709273183	0.43483709273183
0	0	0	0	0	0	-0	-0	-0	0	0	0	0	-1.37325814536341	0.250125313283208	-0.0274024660649117	-0.43734335839599	-0.43734335839599	-0.43734335839599	-0.43734335839599	-1.37325814536341	-0.250125313283208	0.0274024660649117	-0.43734335839599	0.43734335839599	-0.43734335839599	0.43734335839599
0	0	0	0	0	0	-0	-0	-0	0	0	0	0	-1.38112781954887	0.24812030075188	-0.0264571202442196	-0.43984962406015	-0.43984962406015	-0.43984962406015	-0.43984962406015	-1.38112781954887	-0.24812030075188	0.0264571202442196	-0.43984962406015	0.43984962406015	-0.43984962406015	0.43984962406015
0	0	0	0	0	0	-0	-0	-0	0	0	0	0	-1.38899749373434	0.246115288220551	-0.0254992116883688	-0.442355889724311	-0.442355889724311	-0.442355889724311	-0.442355889724311	-1.38899749373434	-0.246115288220551	0.0254992116883688	-0.442355889724311	0.442355889724311	-0.442355889724311	0.442355889724311
0	0	0	0	0	0	-0	-0	-0	0	0	0	0	-1.3968671679198	0.244110275689223	-0.0245287403973593	-0.444862155388471	-0.444862155388471	-0.444862155388471	-0.444862155388471	-1.3968671679198	-0.244110275689223	0.0245287403973593	-0.444862155388471	0.444862155388471	-0.444862155388471	0.444862155388471
0	0	0	0	0	0	-0	-0	-0	0	0	0	0	-1.40473684210526	0.242105263157895	-0.0235457063711911	-0.447368421052632	-0.447368421052632	-0.447368421052632	-0.447368421052632	-1.40473684210526	-0.242105263157895	0.0235457063711911	-0.447368421052632	0.447368421052632	-0.447368421052632	0.447368421052632
0	0	0	0	0	0	-0	-0	-0	0	0	0	0	-1.41260651629073	0.240100250626566	-0.0225501096098643	-0.449874686716792	-0.449874686716792	-0.449874686716792	-0.449874686716792	-1.41260651629073	-0.240100250626566	0.0225501096098643	-0.449874686716792	0.449874686716792	-0.449874686716792	0.449874686716792
0	0	0	0	0	0	-0	-0	-0	0	0	0	0	-1.42047619047619	0.238095238095238	-0.0215419501133787	-0.452380952380952	-0.452380952380952	-0.452380952380952	-0.452380952380952	-1.42047619047619	-0.238095238095238	0.0215419501133787	-0.452380952380952	0.452380952380952	-0.452380952380952	0.452380952380952
0	0	0	0	0	0	-0	-0	-0	0	0	0	0	-1.42834586466165	0.23609022556391	-0.0205212278817344	-0.454887218045113	-0.454887218045113	-0.454887218045113	-0.454887218045113	-1.42834586466165	-0.23609022556391	0.0205212278817344	-0.454887218045113	0.454887218045113	-0.454887218045113	0.454887218045113
0	0	0	0	0	0	-0	-0	-0	0	0	0	0	-1.43621553884712	0.234085213032581	-0.0194879429149314	-0.457393483709273	-0.457393483709273	-0.457393483709273	-0.457393483709273	-1.43621553884712	-0.234085213032581	0.0194879429149314	-0.457393483709273	0.457393483709273	-0.457393483709273	0.457393483709273
0	0	0	0	0	0	-0	-0	-0	0	0	0	0	-1.44408521303258	0.232080200501253	-0.0184420952129698	-0.459899749373434	-0.459899749373434	-0.459899749373434	-0.459899749373434	-1.44408521303258	-0.232080200501253	0.0184420952129698	-0.459899749373434	0.459899749373434	-0.459899749373434	0.459899749373434
0	0	0	0	0	0	-0	-0	-0	0	0	0	0	-1.45195488721805	0.230075187969925	-0.0173836847758494	-0.462406015037594	-0.462406015037594	-0.462406015037594	-0.462406015037594	-1.45195488721805	-0.230075187969925	0.0173836847758494	-0.462406015037594	0.462406015037594	-0.462406015037594	0.462406015037594
0	0	0	0	0	0	-0	-0	-0	0	0	0	0	-1.45982456140351	0.228070175438597	-0.0163127116035703	-0.464912280701754	-0.464912280701754	-0.464912280701754	-0.464912280701754	-1.45982456140351	-0.228070175438597	0.0163127116035703	-0.464912280701754	0.464912280701754	-0.464912280701754	0.464912280701754
0	0	0	0	0	0	-0	-0	-0	0	0	0	0	-1.46769423558897	0.226065162907268	-0.0152291756961326	-0.467418546365915	-0.467418546365915	-0.467418546365915	-0.467418546365915	-1.46769423558897	-0.226065162907268	0.0152291756961326	-0.467418546365915	0.467418546365915	-0.467418546365915	0.467418546365915
0	0	0	0	0	0	-0	-0	-0	0	0	0	0	-1.47556390977444	0.22406015037594	-0.0141330770535361	-0.469924812030075	-0.469924812030075	-0.469924812030075	-0.469924812030075	-1.47556390977444	-0.22406015037594	0.0141330770535361	-0.469924812030075	0.469924812030075	-0.469924812030075	0.469924812030075
0	0	0	0	0	0	-0	-0	-0	0	0	0	0	-1.4834335839599	0.222055137844612	-0.0130244156757809	-0.472431077694236	-0.472431077694236	-0.472431077694236	-0.472431077694236	-1.4834335839599	-0.222055137844612	0.0130244156757809	-0.472431077694236	0.472431077694236	-0.472431077694236	0.472431077694236
0	0	0	0	0	0	-0	-0	-0	0	0	0	0	-1.49130325814536	0.220050125313283	-0.0119031915628671	-0.474937343358396	-0.474937343358396	-0.474937343358396	-0.474937343358396	-1.49130325814536	-0.220050125313283	0.0119031915628671	-0.474937343358396	0.474937343358396	-0.474937343358396	0.474937343358396
0	0	0	0	0	0	-0	-0	-0	0	0	0	0	-1.49917293233083	0.218045112781955	-0.0107694047147945	-0.477443609022556	-0.477443609022556	-0.477443609022556	-0.477443609022556	-1.49917293233083	-0.218045112781955	0.0107694047147945	-0.477443609022556	0.477443609022556	-0.477443609022556	0.477443609022556
0	0	0	0	0	0	-0	-0	-0	0	0	0	0	-1.50704260651629	0.216040100250627	-0.00962305513156324	-0.479949874686717	-0.479949874686717	-0.479949874686717	-0.479949874686717	-1.50704260651629	-0.216040100250627	0.00962305513156324	-0.479949874686717	0.479949874686717	-0.479949874686717	0.479949874686717
0	0	0	0	0	0	-0	-0	-0	0	0	0	0	-1.51491228070175	0.214035087719298	-0.00846414281317328	-0.482456140350877	-0.482456140350877	-0.482456140350877	-0.482456140350877	-1.51491228070175	-0.214035087719298	0.00846414281317328	-0.482456140350877	0.482456140350877	-0.482456140350877	0.482456140350877
0	0	0	0	0	0	-0	-0	-0	0	0	0	0	-1.52278195488722	0.21203007518797	-0.00729266775962463	-0.484962406015038	-0.484962406015038	-0.484962406015038	-0.484962406015038	-1.52278195488722	-0.21203007518797	0.00729266775962463	-0.484962406015038	0.484962406015038	-0.484962406015038	0.484962406015038
0	0	0	0	0	0	-0	-0	-0	0	0	0	0	-1.53065162907268	0.210025062656642	-0.00610862997091727	-0.487468671679198	-0.487468671679198	-0.487468671679198	-0.487468671679198	-1.53065162907268	-0.210025062656642	0.00610862997091727	-0.487468671679198	0.487468671679198	-0.487468671679198	0.487468671679198
0	0	0	0	0	0	-0	-0	-0	0	0	0	0	-1.53852130325815	0.208020050125313	-0.00491202944705121	-0.489974937343358	-0.489974937343358	-0.489974937343358	-0.489974937343358	-1.53852130325815	-0.208020050125313	0.00491202944705121	-0.489974937343358	0.489974937343358	-0.489974937343358	0.489974937343358
0	0	0	0	0	0	-0	-0	-0	0	0	0	0	-1.54639097744361	0.206015037593985	-0.00370286618802646	-0.492481203007519	-0.492481203007519	-0.492481203007519	-0.492481203007519	-1.54639097744361	-0.206015037593985	0.00370286618802646	-0.492481203007519	0.492481203007519	-0.492481203007519	0.492481203007519
0	0	0	0	0	0	-0	-0	-0	0	0	0	0	-1.55426065162907	0.204010025062657	-0.002481140193843	-0.494987468671679	-0.494987468671679	-0.494987468671679	-0.494987468671679	-1.55426065162907	-0.204010025062657	0.002481140193843	-0.494987468671679	0.494987468671679	-0.494987468671679	0.494987468671679
0	0	0	0	0	0	-0	-0	-0	0	0	0	0	-1.56213032581454	0.202005012531328	-0.00124685146450085	-0.49749373433584	-0.49749373433584	-0.49749373433584	-0.49749373433584	-1.56213032581454	-0.202005012531328	0.00124685146450085	-0.49749373433584	0.49749373433584	-0.49749373433584	0.49749373433584
0	0	0	0	0	0	-0	-0	-0	0	0	0	0	-1.57	0.2	0	-0.5	-0.5	-0.5	-0.5	-1.57	-0.2	-0	-0.5	0.5	-0.5	0.5
